account_id,anchor_month_index,horizon,target_month_index,pred_S,pred_r,pred_B,predicted_carryover_share,payment_ratio_gap,minimum_payment_streak,carryover_share_delta_3m,actual_S,actual_r,actual_B,actual_carryover_share
003c0990-97c7-49ff-be62-0785cd8ed279,9,1,10,2162259.5,0.36481624841690063,3129994.0199004114,0.5914293425533611,0.23361624841690062,0,0.08419712797075363,2273354,0.3331,3360387,0.5964752373245416
003c0990-97c7-49ff-be62-0785cd8ed279,9,2,11,2155223.25,0.3248308002948761,3568415.914386361,0.6234522847963173,0.1936308002948761,0,0.0802182737483571,2135050,0.3347,3656171,0.6313299043500499
003c0990-97c7-49ff-be62-0785cd8ed279,9,3,12,2124441.75,0.30250468850135803,3970741.5299385963,0.6514556408841242,0.17130468850135802,0,0.08653639823375192,1987254,0.331,3775308,0.6551440140687423
00bcb114-e045-404d-a5b4-d23fcc068de6,9,1,10,1422372.5,0.8709323406219482,211406.1790767908,0.12939707304556783,0.7076323406219482,0,0.024244843091334733,1301627,0.8948,159580,0.1092110837136696
00bcb114-e045-404d-a5b4-d23fcc068de6,9,2,11,1423592.25,0.8715345859527588,210040.7501579388,0.12857278846450346,0.7082345859527588,0,0.008086735800328954,1349543,0.9004,150318,0.1002212871726113
00bcb114-e045-404d-a5b4-d23fcc068de6,9,3,12,1423730.5,0.873503565788269,206666.23746262118,0.12675825013257502,0.710203565788269,0,-0.004998713105828889,1323462,0.8925,158384,0.1068829014620952
00d82108-ebe7-4fbc-a3e6-f21df497dc3d,9,1,10,1904993.75,0.29977190494537354,3487770.8451972306,0.6467500636507334,0.001771904945373548,3,0.09239080783009967,2132900,0.298,3656587,0.6315908473410511
00d82108-ebe7-4fbc-a3e6-f21df497dc3d,9,2,11,1927729.25,0.3003493845462799,3788957.974594422,0.6627890989546371,0.00234938454627992,4,0.0851885690283879,1907728,0.298,3906149,0.6718664670752409
00d82108-ebe7-4fbc-a3e6-f21df497dc3d,9,3,12,1970379.625,0.29884806275367737,4038170.7152112145,0.6720707136605705,0.000848062753677381,5,0.05774153974896845,1894982,0.298,4072394,0.6824430034239505
013f9a64-580c-4370-b9c1-14ce528706d9,9,1,10,902158.375,0.8634519577026367,142776.86900031567,0.1366370498268623,0.6443519577026368,0,0.02080180990158681,933863,0.8908,117623,0.1118635911462444
013f9a64-580c-4370-b9c1-14ce528706d9,9,2,11,900882.6875,0.8622817397117615,143730.97845441801,0.1375924737908701,0.6431817397117615,0,0.025016254657445017,891428,0.9205,80229,0.0825692605518202
013f9a64-580c-4370-b9c1-14ce528706d9,9,3,12,900882.6875,0.8615907430648804,144584.20128902222,0.1382962988493074,0.6424907430648804,0,0.0039757245567099975,951382,0.9083,94588,0.0904308918993852
019d6958-97bb-4672-b7a1-db12decb73d7,9,1,10,1492958.0,0.8354011178016663,291233.0322176218,0.16322973659140075,0.5552011178016663,0,0.03489103518985576,1451573,0.8397,277060,0.1602769355901455
019d6958-97bb-4672-b7a1-db12decb73d7,9,2,11,1518491.0,0.814440906047821,335810.75172178587,0.1810982227730592,0.534240906047821,0,0.038949547233707194,1393510,0.8327,279539,0.1670835701763666
019d6958-97bb-4672-b7a1-db12decb73d7,9,3,12,1539003.5,0.7914380431175232,391014.9291302522,0.20259647432820632,0.5112380431175232,0,0.04581309974634051,1407466,0.8558,243315,0.1473938699318686
0320ad2a-1bed-4b32-8e72-a96329d7b444,9,1,10,1739820.125,0.28727564215660095,3975731.9310510345,0.6955989363865458,0.004175642156600934,10,0.007234490764301604,1704840,0.2845,3966119,0.6993735980104953
0320ad2a-1bed-4b32-8e72-a96329d7b444,9,2,11,1763811.5,0.28640979528427124,4095681.971938524,0.6989822570078792,0.003309795284271222,11,0.001740154253106585,1737795,0.2881,4060446,0.7002892773860211
0320ad2a-1bed-4b32-8e72-a96329d7b444,9,3,12,1768624.5,0.2860470116138458,4186839.130452774,0.7030248844176825,0.002947011613845807,12,0.01111632873248014,1684967,0.2869,4118887,0.7096813600066438
03618b9e-ee2c-418c-9372-975655fe1c95,9,1,10,2209935.0,0.2704743444919586,5534267.706711352,0.7146336319315602,0.002374344491958613,10,0.007045332026332396,2064368,0.2748,5445739,0.7251213597888818
03618b9e-ee2c-418c-9372-975655fe1c95,9,2,11,2218614.25,0.2717849612236023,5645765.234735391,0.7178907434075011,0.00368496122360229,11,0.0002291890383502304,2229075,0.2732,5578322,0.7144919106841884
03618b9e-ee2c-418c-9372-975655fe1c95,9,3,12,2273562.0,0.27361294627189636,5752496.777548172,0.7167274669904006,0.005512946271896357,12,0.007214175748671892,2329915,0.2705,5768999,0.7123176020883788
03925911-e96e-4e35-8487-8acb97cdce6f,9,1,10,1392733.625,0.8411004543304443,262782.4475568831,0.1587314384396313,0.6866004543304444,0,0.002170438174837197,1378176,0.8512,243855,0.1503392968445116
03925911-e96e-4e35-8487-8acb97cdce6f,9,2,11,1392130.875,0.845247209072113,256102.4554094202,0.15537997605339318,0.6907472090721131,0,-0.00896325510291121,1292485,0.8658,206119,0.1375406711846492
03925911-e96e-4e35-8487-8acb97cdce6f,9,3,12,1391889.75,0.8455323576927185,254561.47051037033,0.1546122152537631,0.6910323576927185,0,-0.004456617417166797,1237055,0.8512,214799,0.147948071913567
03eeb933-5fad-4777-b249-d56a274b6032,9,1,10,1583332.5,0.305393785238266,3252882.9274051934,0.6726091871284742,0.179893785238266,0,0.10464010408783997,1595008,0.2934,3317428,0.6753122076297788
03eeb933-5fad-4777-b249-d56a274b6032,9,2,11,1607574.0,0.30084386467933655,3398218.281257162,0.678857229849683,0.17534386467933655,0,0.019394597153292392,1593812,0.284,3516620,0.6881257787991308
03eeb933-5fad-4777-b249-d56a274b6032,9,3,12,1636278.625,0.3042406737804413,3502798.175351936,0.681600667091034,0.17874067378044128,0,0.014085967019861978,1534357,0.2637,3719214,0.7079401801174858
0462449f-3331-4d94-ba75-6febce23306c,9,1,10,2377068.0,0.2855023145675659,6314775.557206035,0.7265173971027958,0.005102314567565935,10,-0.02628975504829112,2605251,0.2831,6524071,0.7146282056871255
0462449f-3331-4d94-ba75-6febce23306c,9,2,11,2311541.75,0.2880007028579712,6141931.859654816,0.7265571696633725,0.007600702857971209,11,-0.001933159017081798,2676934,0.281,6615204,0.7119140933980963
0462449f-3331-4d94-ba75-6febce23306c,9,3,12,2292859.5,0.2860786020755768,6021778.038685612,0.7242381896586609,0.0056786020755768,12,-0.004429239998543721,2798197,0.2824,6754870,0.7070891473910944
05f42960-6838-4c99-b4da-6e76d1beec85,9,1,10,1632142.5,0.2949308156967163,3374654.657566607,0.6740146547512121,0.1626308156967163,0,0.047280665678462674,1495333,0.243,3519699,0.7018298188326615
05f42960-6838-4c99-b4da-6e76d1beec85,9,2,11,1636394.5,0.30100780725479126,3502684.2386015137,0.6815782393625461,0.16870780725479126,0,0.0339022280183926,1702419,0.1987,4184406,0.71080862774076
05f42960-6838-4c99-b4da-6e76d1beec85,9,3,12,1676601.5,0.30932947993278503,3577179.974656617,0.6808771913929705,0.17702947993278503,0,0.021268640346340684,1580510,0.176,4750006,0.7503347278484092
0641a20a-34e6-447e-b994-98a8285cb8e4,9,1,10,1114886.75,0.3711426854133606,1584048.6559320241,0.5869161049391637,0.1486426854133606,0,0.11088447031103027,1014666,0.354,1562561,0.606295448557694
0641a20a-34e6-447e-b994-98a8285cb8e4,9,2,11,1130337.5,0.33671078085899353,1800423.0738153104,0.614319398828097,0.11421078085899353,0,0.1055308851692105,1028231,0.3151,1774413,0.6331210813788694
0641a20a-34e6-447e-b994-98a8285cb8e4,9,3,12,1164673.5,0.3147571384906769,2031811.2608926932,0.6356392765424174,0.09225713849067688,0,0.07686943816260694,1119677,0.2983,2030656,0.6445845566167132
06c535d3-98ca-4e4c-a3d3-d86256dde224,9,1,10,2072963.25,0.2837187945842743,6847506.679165967,0.7676172593528584,0.004418794584274299,10,0.03137030671622176,2067340,0.2842,6838541,0.767867996439656
06c535d3-98ca-4e4c-a3d3-d86256dde224,9,2,11,2131940.75,0.28675970435142517,6404503.739139169,0.7502542478062797,0.007459704351425178,11,0.007319944246020227,2299047,0.2822,6558759,0.7404496102082163
06c535d3-98ca-4e4c-a3d3-d86256dde224,9,3,12,2162546.0,0.2859019935131073,6117713.140193336,0.7388311206949126,0.006601993513107307,12,-0.04638652204718463,2345502,0.2849,6367659,0.7308092895333852
06da852b-23f6-4dae-9a19-17f85f5ee152,9,1,10,1496927.75,0.8981029987335205,168903.11916404963,0.10139271776660551,0.6226029987335204,0,-0.0257526771613361,1407471,0.9406,93186,0.0620968016008988
06da852b-23f6-4dae-9a19-17f85f5ee152,9,2,11,1480152.25,0.8953539729118347,172567.0928314256,0.10441403350177111,0.6198539729118346,0,-0.006754856805854484,1569329,0.9177,136887,0.0802284118775114
06da852b-23f6-4dae-9a19-17f85f5ee152,9,3,12,1471905.75,0.8905636668205261,179965.07793269656,0.10894621715544274,0.615063666820526,0,0.01349449109991814,1515929,0.9297,116217,0.0712050270012609
06fa99ef-5f40-48bc-b1cb-cac3809efa44,9,1,10,1622322.0,0.3768387734889984,2255656.068440646,0.5816577682059085,0.1163387734889984,0,0.09602348277869333,1629955,0.364,2306895,0.5859748275905864
06fa99ef-5f40-48bc-b1cb-cac3809efa44,9,2,11,1618788.5,0.34122878313064575,2552372.5630445043,0.6119093759428085,0.08072878313064574,0,0.09851864553179746,1724195,0.3528,2608790,0.6020768592552247
06fa99ef-5f40-48bc-b1cb-cac3809efa44,9,3,12,1614943.75,0.30396121740341187,2900613.773226399,0.6423600537268517,0.043461217403411856,1,0.08979249662699329,1659385,0.327,2872666,0.6338556207774361
071d014e-7b66-49cc-8db0-8b452ec8387b,9,1,10,1678077.625,0.37244802713394165,2296223.7293204293,0.5777678954375777,0.24274802713394164,0,0.11582762831242338,1580300,0.3959,2151289,0.5765074878289115
071d014e-7b66-49cc-8db0-8b452ec8387b,9,2,11,1676747.0,0.3391410708427429,2625573.181751826,0.6102691270835963,0.2094410708427429,0,0.10971907207809573,1794445,0.3434,2590647,0.5907850964130285
071d014e-7b66-49cc-8db0-8b452ec8387b,9,3,12,1674933.625,0.3066745102405548,2981650.9880050374,0.6403085599857459,0.1769745102405548,0,0.09976698695939634,1650579,0.3089,2931212,0.6397524461504246
075336a1-85c6-4ac7-bd62-f091a3d4f4fa,9,1,10,1463759.75,0.15470857918262482,6362076.36925349,0.812958036982299,0.004608579182624806,10,0.014244309292655188,1297455,0.1539,6255420,0.8282170696589047
075336a1-85c6-4ac7-bd62-f091a3d4f4fa,9,2,11,1474977.0,0.1552877277135849,6620055.159572021,0.817792323622099,0.005187727713584889,11,0.008903208004234164,1605543,0.1564,6681032,0.806247695821253
075336a1-85c6-4ac7-bd62-f091a3d4f4fa,9,3,12,1490534.875,0.15537624061107635,6850397.045862561,0.8212987602414265,0.005276240611076344,12,0.01381806213030723,1455519,0.1521,6899341,0.8257877450968658
07bbc8a7-577f-44e2-bacf-aba7588630be,9,1,10,3819855.75,0.1833421289920807,17898505.790037252,0.824118603838591,0.006342128992080698,10,0.025451800694591076,3866823,0.1869,17858589,0.822013824179721
07bbc8a7-577f-44e2-bacf-aba7588630be,9,2,11,3893986.0,0.1842491775751114,17777243.10041052,0.8203154061102037,0.0072491775751113985,11,-0.020710712787633923,3947451,0.1805,17946371,0.8197002332438804
07bbc8a7-577f-44e2-bacf-aba7588630be,9,3,12,3976472.5,0.1851973533630371,17724985.04540228,0.8167647268999928,0.008197353363037119,12,-0.01610610031058235,3949707,0.189,21896078,0.8471817745137167
07eb577b-9801-4800-8fdb-3e8af5c0b75d,9,1,10,1583101.0,0.33574503660202026,2412972.580039501,0.6038358733163389,0.19764503660202026,0,0.106004682630429,1427665,0.3292,2332466,0.6203150900859571
07eb577b-9801-4800-8fdb-3e8af5c0b75d,9,2,11,1606563.125,0.30730709433555603,2784303.8669457915,0.6341125504491633,0.16920709433555603,0,0.08938884442888462,1481273,0.301,2665872,0.6428210250666422
07eb577b-9801-4800-8fdb-3e8af5c0b75d,9,3,12,1649502.125,0.30110687017440796,3098756.546750458,0.652609042802652,0.16300687017440796,0,0.08549644287996416,1385607,0.2721,2948955,0.6803351757340188
07f9b362-a4e9-4878-833c-b3a0644462e3,9,1,10,984981.6875,0.9569991230964661,44197.233862970024,0.04294416932328774,0.8476991230964661,0,-0.004984737225973958,991297,0.9753,25533,0.0251103921009411
07f9b362-a4e9-4878-833c-b3a0644462e3,9,2,11,998457.0,0.9589568376541138,42793.82699106354,0.04109848067513786,0.8496568376541138,0,-0.010323161707636037,1029837,0.9993,741,0.0007190139902074
07f9b362-a4e9-4878-833c-b3a0644462e3,9,3,12,1009575.25,0.9611845016479492,40848.23017369583,0.03888739250853499,0.8518845016479493,0,-0.003328612718208508,966991,0.9987,1293,0.0013353520248191
0809b7f9-fa50-4eb5-98fb-e9c5fd41c070,9,1,10,890804.0625,0.47771498560905457,1096293.5132548828,0.5517059286021269,0.23291498560905458,0,0.15105638547818678,1019991,0.5145,1081717,0.5146847230918853
0809b7f9-fa50-4eb5-98fb-e9c5fd41c070,9,2,11,884898.5625,0.44798558950424194,1093646.575776699,0.5527529064761487,0.20318558950424195,0,0.1230633298870995,1027208,0.451,1157862,0.5298969827053596
0809b7f9-fa50-4eb5-98fb-e9c5fd41c070,9,3,12,883470.5625,0.4131966531276703,1160178.9538994096,0.5676995710807904,0.1683966531276703,0,-0.00896538851019868,1007658,0.3583,1389668,0.5796741869900047
0816c855-17ec-4409-89f4-5de0eaaca5dc,9,1,10,1397109.375,0.9936055541038513,8933.7403094396,0.006353816758651442,0.8015055541038514,0,-0.0076203201460489575,1341796,1.0,0,0.0
0816c855-17ec-4409-89f4-5de0eaaca5dc,9,2,11,1404849.125,0.9894177913665771,14960.945243062917,0.010537286329080405,0.7973177913665772,0,-0.0005910060350425954,1309601,1.0,0,0.0
0816c855-17ec-4409-89f4-5de0eaaca5dc,9,3,12,1396962.25,0.9872961044311523,17936.924823601497,0.012677175266455103,0.7951961044311524,0,0.012677175266455103,1327424,1.0,0,0.0
08337364-8b2a-49dc-8966-46ee65d22ba2,9,1,10,3533760.75,0.29259076714515686,8051276.139955558,0.6949719898549623,0.0026907671451568693,10,-0.0003856647224703691,3644913,0.29,8159746,0.6912309792260836
08337364-8b2a-49dc-8966-46ee65d22ba2,9,2,11,3501954.75,0.2921488881111145,8177967.33136406,0.7001731068405366,0.002248888111114511,11,0.003902868285388328,3204351,0.2912,8054382,0.7153897334629039
08337364-8b2a-49dc-8966-46ee65d22ba2,9,3,12,3529949.0,0.2921488881111145,8287461.593058091,0.7012925147854641,0.002248888111114511,12,0.010804087794525574,3397090,0.2902,11451472,0.7712175764898985
087a0ea4-0ee8-49e5-af16-a92d46c09bae,9,1,10,1513416.875,0.36811739206314087,2197064.5951676443,0.5921238558478444,0.12381739206314088,0,0.09224175880221452,1490534,0.3462,2258237,0.6023939579131401
087a0ea4-0ee8-49e5-af16-a92d46c09bae,9,2,11,1502394.375,0.3397480249404907,2442575.0917048054,0.6191619763650704,0.09544802494049073,0,0.09778405199288231,1514032,0.3022,2632304,0.6348506247443526
087a0ea4-0ee8-49e5-af16-a92d46c09bae,9,3,12,1481666.625,0.3023805618286133,2737627.3016563244,0.6488354092519503,0.05808056182861329,0,0.0839742241865622,1557894,0.2694,3061193,0.6627268548957835
088a0795-a2a8-45c5-aa50-878294fa243b,9,1,10,877001.375,0.9640396237373352,32716.727848537266,0.035963588881098046,0.8372396237373352,0,0.011004326689174646,901487,0.9481,48491,0.0510443399741888
088a0795-a2a8-45c5-aa50-878294fa243b,9,2,11,877486.8125,0.9636080265045166,33124.10311585909,0.03637569300765167,0.8368080265045166,0,-0.0009844849948417306,890627,0.9368,59358,0.0624830918382921
088a0795-a2a8-45c5-aa50-878294fa243b,9,3,12,877001.375,0.9638540148735046,32897.38199522032,0.0361549916870511,0.8370540148735046,0,0.00015327052421250376,907883,0.9284,69208,0.0708306595803256
08a1a9b5-216a-427a-8afe-3c8d2b01c129,9,1,10,3189742.25,0.21312156319618225,10315335.197291665,0.7638116284449982,0.006521563196182245,10,0.007769662463354199,3368965,0.2079,10525334,0.7575289692556638
08a1a9b5-216a-427a-8afe-3c8d2b01c129,9,2,11,3202305.25,0.21364417672157288,10629675.282711804,0.7684854137535301,0.00704417672157287,11,0.0035792996786051523,3442476,0.2074,11070338,0.7627974836582347
08a1a9b5-216a-427a-8afe-3c8d2b01c129,9,3,12,3295992.75,0.21312156319618225,10957807.89302916,0.7687639365426435,0.006521563196182245,12,0.005088724907275188,3504380,0.2186,11388586,0.7646956287954998
08f9afe3-911c-4c7a-9697-a50e84b55d42,9,1,10,4388818.5,0.28255507349967957,12129681.023399845,0.7343088884203515,0.012555073499679548,10,0.04621535224768414,4075533,0.2767,12002630,0.7465174970548564
08f9afe3-911c-4c7a-9697-a50e84b55d42,9,2,11,4417705.0,0.2810998558998108,11895918.196703605,0.7292014810730298,0.011099855899810773,11,-0.03942299079899014,4515633,0.2734,12002940,0.7266329845804477
08f9afe3-911c-4c7a-9697-a50e84b55d42,9,3,12,4330436.0,0.27645808458328247,11740447.39571302,0.7305415083059364,0.006458084583282453,12,-0.02959049691116855,4297723,0.2742,11899484,0.7346627106759825
09049eb6-f695-41a6-af2f-f23ecb67a329,9,1,10,1381763.625,0.13968248665332794,6426003.692521764,0.8230270487314444,0.004082486653327944,10,0.02564540239636992,1555477,0.1364,6600829,0.8092914856308726
09049eb6-f695-41a6-af2f-f23ecb67a329,9,2,11,1408079.25,0.14201079308986664,6721558.610722452,0.8267968052054327,0.00641079308986664,11,0.01640776177971559,1320629,0.1365,6847308,0.8383154767231922
09049eb6-f695-41a6-af2f-f23ecb67a329,9,3,12,1395935.0,0.14179180562496185,6966499.534509025,0.8330707410336746,0.006191805624961855,12,0.013847364519005034,1392253,0.1371,7110153,0.8362518797620344
090b1cfd-4f78-44b9-b281-9d9ca74786a1,9,1,10,1722871.625,0.286893367767334,3836492.7339044213,0.69009557320335,0.006393367767333957,10,0.002468037663394651,1528485,0.2945,3658380,0.7053162170212642
090b1cfd-4f78-44b9-b281-9d9ca74786a1,9,2,11,1753882.75,0.2865474820137024,3988467.4654804766,0.6945705705528362,0.0060474820137023655,11,-0.0032815334839702004,1554706,0.2966,5213086,0.7702786965084033
090b1cfd-4f78-44b9-b281-9d9ca74786a1,9,3,12,1782675.125,0.28572872281074524,4122161.388943794,0.6980991563796294,0.005228722810745212,12,0.012489593425615175,1555058,0.2862,4831230,0.7565004897993952
0913c783-ce77-4421-88c4-4102001d4197,9,1,10,1282931.0,0.44326961040496826,1398183.278306365,0.5214933543189305,0.19436961040496825,0,0.08803783221722122,1244042,0.4228,1427171,0.5342782473730099
0913c783-ce77-4421-88c4-4102001d4197,9,2,11,1293100.25,0.41286686062812805,1580141.7469143244,0.549950804217429,0.16396686062812804,0,0.08596322143020413,1245729,0.3778,1663008,0.5717285543519404
0913c783-ce77-4421-88c4-4102001d4197,9,3,12,1304308.125,0.37620916962623596,1799293.3807729336,0.5797436872698096,0.12730916962623595,0,0.08706614616582425,1150617,0.3098,1942088,0.6279577263269532
094f94c6-852e-4a99-b820-145d82ed5811,9,1,10,1488901.5,0.8744940757751465,213803.16984772682,0.1255667959534329,0.6694940757751465,0,-0.0036273518046021913,1490596,0.8732,216247,0.1266941364847265
094f94c6-852e-4a99-b820-145d82ed5811,9,2,11,1499510.5,0.8779536485671997,209103.68226485653,0.1223820359419461,0.6729536485671997,0,-0.0024864682820672918,1582840,0.8738,227058,0.1254534785938213
094f94c6-852e-4a99-b820-145d82ed5811,9,3,12,1499850.125,0.8800931572914124,204915.2553639491,0.12020144104533721,0.6750931572914124,0,-0.006921630155286282,1525631,0.8719,224499,0.1282756138115454
096391c0-27b0-4bfe-a7fd-67a30a6830c5,9,1,10,756323.75,0.3450378179550171,1281391.4278508127,0.6288373575360526,0.09103781795501709,0,0.11358900843746977,713015,0.384,1178533,0.6230521245033168
096391c0-27b0-4bfe-a7fd-67a30a6830c5,9,2,11,763216.125,0.30713939666748047,1416628.0226464404,0.6498758290476693,0.053139396667480465,0,0.107645147409963,697914,0.3504,1218872,0.6358936261011923
096391c0-27b0-4bfe-a7fd-67a30a6830c5,9,3,12,779710.8125,0.2996484935283661,1538209.211916963,0.6636161712714294,0.045648493528366085,1,0.040043694231043814,688678,0.3307,1423032,0.6738766213163739
098ef37e-c5ec-4db2-b94b-44fcee17a73b,9,1,10,1668065.75,0.4671071767807007,1685381.5974509418,0.5025817980210878,0.31410717678070066,0,0.03979032140151251,1501524,0.447,1656756,0.5245754018009803
098ef37e-c5ec-4db2-b94b-44fcee17a73b,9,2,11,1668786.125,0.428425669670105,1917156.1697740462,0.534631071048746,0.27542566967010496,0,0.05482686819728305,1646538,0.4153,1931492,0.5398199567918659
098ef37e-c5ec-4db2-b94b-44fcee17a73b,9,3,12,1675179.625,0.3915986716747284,2185581.86933095,0.5661012400119009,0.2385986716747284,0,0.0888016299917313,1458506,0.392,2061250,0.5856229806838883
09fd1123-0e21-496b-aabb-a55d43886068,9,1,10,1766092.875,0.9961668848991394,6769.637268684804,0.0038184784335147798,0.8463668848991395,0,-0.02319213140808902,1797620,1.0,0,0.0
09fd1123-0e21-496b-aabb-a55d43886068,9,2,11,1777811.625,0.9895914793014526,18574.851006563287,0.010340119598236957,0.8397914793014527,0,-0.0068550763551310425,1750463,1.0,0,0.0
09fd1123-0e21-496b-aabb-a55d43886068,9,3,12,1800601.125,0.9876266121864319,22509.369852255564,0.012346684370373128,0.837826612186432,0,0.012346684370373128,1645833,1.0,0,0.0
0aa0966b-e566-4e90-8fd2-58e7060e59c3,9,1,10,1186133.75,0.38929086923599243,1554125.1147813946,0.5671453652629186,0.24619086923599243,0,0.07578270476341181,1104856,0.404,1468173,0.5706010309250303
0aa0966b-e566-4e90-8fd2-58e7060e59c3,9,2,11,1198530.875,0.35645046830177307,1771470.473150136,0.5964544340202053,0.21335046830177307,0,0.071414758095244,1132040,0.3821,2600213,0.6966872288668533
0aa0966b-e566-4e90-8fd2-58e7060e59c3,9,3,12,1216379.625,0.325242280960083,2016074.9170609778,0.6236978403957849,0.182142280960083,0,0.08222021441736982,1145177,0.3459,2449940,0.6814632180260058
0ac0afe2-564a-4c05-8021-515b5973f0df,9,1,10,4628875.5,0.20136591792106628,16293176.293936238,0.7787561399049031,0.005365917921066277,10,0.044197903435299724,4781074,0.2016,16525016,0.7756005911924713
0ac0afe2-564a-4c05-8021-515b5973f0df,9,2,11,4594903.5,0.201469287276268,16679773.245282087,0.7840200556269803,0.005469287276267998,11,0.03570903617357024,5774909,0.2118,22299925,0.7943030046054769
0ac0afe2-564a-4c05-8021-515b5973f0df,9,3,12,4554394.5,0.20139312744140625,16957752.294444293,0.7882873083974951,0.0053931274414062425,12,0.01989210636234562,5422123,0.2005,22164884,0.8034537418285355
0ad240de-3be1-4184-a9e7-847ae8e2b04a,9,1,10,1610172.875,0.3106600344181061,2827331.22936647,0.637144476460179,0.12126003441810607,0,0.10136343404678316,1537957,0.3036,2805937,0.6459496939842455
0ad240de-3be1-4184-a9e7-847ae8e2b04a,9,2,11,1619367.375,0.30189719796180725,3104252.755527554,0.657176629311396,0.11249719796180724,0,0.08575197862958917,1629368,0.2871,3162102,0.6599440255286999
0ad240de-3be1-4184-a9e7-847ae8e2b04a,9,3,12,1622851.875,0.3039664328098297,3290223.4984672656,0.6696871609655934,0.1145664328098297,0,0.06208922354788926,1585882,0.2373,3621447,0.6954519293864474
0b43845b-909c-4d91-b1fe-53eacfe17836,9,1,10,1614455.875,0.4478318393230438,2387519.8409300707,0.596585289467506,0.34393183932304383,0,0.1628376335402414,1756151,0.4252,2566719,0.593753455458989
0b43845b-909c-4d91-b1fe-53eacfe17836,9,2,11,1656426.375,0.42038100957870483,2343948.0229954044,0.5859321627920531,0.31648100957870484,0,0.1306912520264314,1746585,0.3871,2643675,0.6021682087165681
0b43845b-909c-4d91-b1fe-53eacfe17836,9,3,12,1651632.75,0.3735010027885437,2503227.347558996,0.6024817415704699,0.2696010027885437,0,-0.029657443446576948,1786685,0.3897,2703664,0.60210553789917
0b5b312d-c307-4274-afa8-2579cc3eb1b6,9,1,10,516064.78125,0.8943309783935547,61191.956275999546,0.10600475022302094,0.6377309783935547,0,-0.01858853934810266,491879,0.9148,47252,0.0876447468240557
0b5b312d-c307-4274-afa8-2579cc3eb1b6,9,2,11,515686.34375,0.8943324089050293,60957.340318709146,0.1057105835073117,0.6377324089050294,0,-0.027407696062580686,519328,0.9107,50614,0.0888055275799993
0b5b312d-c307-4274-afa8-2579cc3eb1b6,9,3,12,515263.09375,0.8965244889259338,59624.70390657993,0.10371537567787772,0.6399244889259339,0,-0.003795511705721469,509112,0.8758,69521,0.1201469670758494
0befc5fa-29bc-4ce2-8857-2855b13c9d13,9,1,10,1813962.75,0.39926376938819885,2629769.5567450896,0.5917929738371938,0.2850637693881989,0,0.13536651145672457,1664758,0.402,2528528,0.6029944058192072
0befc5fa-29bc-4ce2-8857-2855b13c9d13,9,2,11,1784043.875,0.35909605026245117,2828830.461810073,0.6132468077953941,0.24489605026245118,0,-0.007518764161457581,1815340,0.3559,2797789,0.6064840155131148
0befc5fa-29bc-4ce2-8857-2855b13c9d13,9,3,12,1785410.875,0.32163557410240173,3130137.1753981314,0.6367829473550987,0.20743557410240174,0,0.04771158640508988,1758396,0.322,3089065,0.6372542244280047
0c362bf2-d50e-487d-a333-ecfc38a98c39,9,1,10,873099.4375,0.9636124968528748,32881.76507594809,0.03629409195517125,0.7143124968528748,0,-0.02615861408200585,851733,0.96,35254,0.0397457910882572
0c362bf2-d50e-487d-a333-ecfc38a98c39,9,2,11,856009.0625,0.9631891846656799,32720.796106269117,0.03681748260104908,0.71388918466568,0,-0.014875995108243723,800021,0.9542,38236,0.0456136960383271
0c362bf2-d50e-487d-a333-ecfc38a98c39,9,3,12,842041.0625,0.9650431275367737,30578.93872699421,0.03504267457082928,0.7157431275367737,0,0.001666085807628781,783525,0.9612,31851,0.0390629599105198
0c3a60ad-0e32-4d71-9d5a-23bc4b691375,9,1,10,2589139.5,0.393695592880249,3313272.603043914,0.5613421335550659,0.18239559288024904,0,0.1057880292587341,2387606,0.3917,3201821,0.5728352834736011
0c3a60ad-0e32-4d71-9d5a-23bc4b691375,9,2,11,2586451.75,0.3674440085887909,3731905.987192547,0.5906449337657723,0.1561440085887909,0,0.08898834751072715,2551370,0.3864,3529919,0.5804557224627871
0c3a60ad-0e32-4d71-9d5a-23bc4b691375,9,3,12,2570251.5,0.3446044623851776,4130405.8944518375,0.616418009652579,0.13330446238517762,0,0.08399171637802139,2441467,0.3312,4709632,0.6585885610030011
0c6e36a3-27b6-4ceb-89f4-5ac055838b67,9,1,10,3120311.25,0.18269720673561096,10485066.585934661,0.7706560385439203,0.006097206735610955,10,0.006589304888888536,2972743,0.1773,10432461,0.778239629922827
0c6e36a3-27b6-4ceb-89f4-5ac055838b67,9,2,11,3170688.75,0.1822390854358673,11167142.972577963,0.7788585602516818,0.005639085435867303,11,0.006878796387905006,3050039,0.177,11101490,0.7844728297557105
0c6e36a3-27b6-4ceb-89f4-5ac055838b67,9,3,12,3297951.0,0.18248894810676575,11825374.189256694,0.7819295056656721,0.00588894810676574,12,0.01827192003911049,3236399,0.1799,11757798,0.7841565640360734
0c6fd26c-b2ec-49c0-a2ce-63125ceec288,9,1,10,1764328.25,0.8747247457504272,254164.22980204225,0.12591784826811375,0.6138247457504272,0,0.023469708887531845,1889355,0.8461,331562,0.1492905858255846
0c6fd26c-b2ec-49c0-a2ce-63125ceec288,9,2,11,1768812.625,0.8797674775123596,243227.61018696264,0.12088605681603652,0.6188674775123596,0,-0.002178335054668884,1773322,0.8457,324705,0.1547668356984919
0c6fd26c-b2ec-49c0-a2ce-63125ceec288,9,3,12,1762991.0,0.882236897945404,236258.52693527704,0.11817360652196647,0.621336897945404,0,-0.013147302563978017,1752886,0.869,272140,0.1343883979761247
0c822f5a-133b-4e9f-b1f3-30b653ab4aad,9,1,10,2311605.25,0.48478132486343384,2328745.2620532364,0.5018468445442554,0.35478132486343383,0,-0.017245437815562537,2582283,0.4726,4790594,0.6497591103174514
0c822f5a-133b-4e9f-b1f3-30b653ab4aad,9,2,11,2309880.25,0.45095211267471313,2546827.5374860065,0.5243938175667614,0.32095211267471313,0,0.051262747262557196,2700045,0.454,6516856,0.7070550068835502
0c822f5a-133b-4e9f-b1f3-30b653ab4aad,9,3,12,2298494.0,0.42758676409721375,2773526.1802618285,0.5468286958035434,0.29758676409721374,0,0.0573769132021234,2592122,0.4767,4766835,0.6477595941924922
0c8e7aad-410d-4536-91aa-ecf7110b03e2,9,1,10,1582933.25,0.9283638596534729,122282.90948055685,0.07171108999917446,0.7419638596534729,0,0.03013475870784086,1711588,0.96,1493489,0.4659760124327746
0c8e7aad-410d-4536-91aa-ecf7110b03e2,9,2,11,1585695.875,0.9284645915031433,122180.9600517815,0.07153967870761423,0.7420645915031433,0,0.0050665753921835255,1810544,0.9459,178626,0.0897992630091947
0c8e7aad-410d-4536-91aa-ecf7110b03e2,9,3,12,1583744.25,0.9288020133972168,121458.44025061675,0.07122815425113233,0.7424020133972168,0,-0.0017606774286808707,1777623,0.9316,133826,0.07001285412271
0c9c0383-5c16-4710-9019-ecf687d47b3a,9,1,10,773812.0,0.9905083775520325,7367.207511663437,0.009430880188338141,0.8566083775520325,0,-0.00711849073515756,812821,0.9897,8435,0.0102708534245107
0c9c0383-5c16-4710-9019-ecf687d47b3a,9,2,11,775870.625,0.9870427250862122,10148.627918732935,0.012911424091773753,0.8531427250862121,0,0.010683502971314554,803502,1.0,0,0.0
0c9c0383-5c16-4710-9019-ecf687d47b3a,9,3,12,789744.5625,0.9855751395225525,11538.34766865056,0.014399842455421917,0.8516751395225525,0,0.011344528105121416,785526,0.9771,17980,0.0223769330907298
0d186c4f-ae41-4c08-bc1e-c1aafa18977a,9,1,10,681090.0,0.8609441518783569,111136.63210332394,0.14028388796809504,0.735444151878357,0,0.009746243799371557,734416,0.8421,134589,0.1548771295907388
0d186c4f-ae41-4c08-bc1e-c1aafa18977a,9,2,11,670709.875,0.8579649329185486,111049.62108381907,0.14205087580018663,0.7324649329185486,0,0.017285104598426138,712855,0.8389,136516,0.1607259960606142
0d186c4f-ae41-4c08-bc1e-c1aafa18977a,9,3,12,680600.0,0.8580473065376282,112376.79599131423,0.1417151126734169,0.7325473065376282,0,-0.0018475772874150809,742447,0.8328,147003,0.1652740457586148
0d2599fd-d94f-40f1-81e7-b6d5a7793a92,9,1,10,1824680.0,0.9222429394721985,154472.40971571207,0.07804977977310028,0.7780429394721985,0,0.0021200941085894737,1744046,0.9559,84129,0.0460180234386751
0d2599fd-d94f-40f1-81e7-b6d5a7793a92,9,2,11,1778478.25,0.9233759045600891,148110.59583069547,0.07687711685408102,0.7791759045600891,0,-0.015862430468017982,1827566,0.9528,90186,0.0470269357038866
0d2599fd-d94f-40f1-81e7-b6d5a7793a92,9,3,12,1768450.125,0.9263920187950134,141074.16551712132,0.07387922018992323,0.7821920187950134,0,-0.006712043544480878,1747086,0.9498,92168,0.0501116213421311
0d89f4b6-5f38-409e-8f91-4e118fac089e,9,1,10,1323129.5,0.2704068720340729,2847937.226493314,0.6827839047512967,0.08100687203407286,0,0.09828610209036714,1113389,0.2462,2994129,0.7289387411083774
0d89f4b6-5f38-409e-8f91-4e118fac089e,9,2,11,1323010.375,0.2607724666595459,3083279.3071441855,0.6997450303003688,0.07137246665954589,0,0.038158540807018526,1214239,0.2239,3266109,0.7289855609430339
0d89f4b6-5f38-409e-8f91-4e118fac089e,9,3,12,1329906.75,0.2581043243408203,3274123.6516746567,0.7111429260944361,0.0687043243408203,0,0.04657667267673593,1119297,0.2173,3432413,0.7540930771072849
0db23c70-f45a-439b-832c-0b1fcd0d2315,9,1,10,912190.5,0.9674319624900818,30641.328694850206,0.032499251470187,0.6875319624900817,0,-0.032231804730277806,879575,0.9647,32094,0.0352035662065947
0db23c70-f45a-439b-832c-0b1fcd0d2315,9,2,11,905559.875,0.965713381767273,32099.173260104842,0.03423331041242252,0.6858133817672729,0,-0.023032657732047476,917013,0.9922,7427,0.0080340530483319
0db23c70-f45a-439b-832c-0b1fcd0d2315,9,3,12,905616.0625,0.9658701419830322,32004.087856839877,0.03413331917478496,0.6859701419830322,0,0.00363954352382536,866517,0.9813,16372,0.0185436674372429
0df5a2c9-e902-432e-82f2-ade2276898de,9,1,10,2694763.5,0.19864203035831451,9068381.147722192,0.7709147017484128,0.009342030358314518,10,0.0210714955307707,2717544,0.1952,9125957,0.7705455506779625
0df5a2c9-e902-432e-82f2-ade2276898de,9,2,11,2694856.75,0.1960628628730774,9456903.798837699,0.7782332247932783,0.0067628628730773965,11,0.012748177450571108,2897112,0.1943,9687399,0.7697874792274407
0df5a2c9-e902-432e-82f2-ade2276898de,9,3,12,2713245.0,0.19639751315116882,9779961.840066291,0.7828223742123201,0.007097513151168827,12,0.014723185181785281,2914685,0.1905,12602084,0.812159026147776
0dffd001-4b0a-446b-82ef-fc920a45639d,9,1,10,951574.6875,0.9636363983154297,35850.89990079403,0.03630744469075848,0.8059363983154297,0,0.0060032802319647804,979435,0.9756,24693,0.0245914863443704
0dffd001-4b0a-446b-82ef-fc920a45639d,9,2,11,951419.4375,0.9641565680503845,35387.15715449932,0.03586027631573446,0.8064565680503846,0,-0.004188854358038438,964787,0.9778,21990,0.0222846701939749
0dffd001-4b0a-446b-82ef-fc920a45639d,9,3,12,950730.875,0.9641218781471252,35380.06291895616,0.03587837996566658,0.8064218781471253,0,0.0007376779296639838,945920,0.9727,26396,0.0271475528531876
0eedce32-1341-41db-96d5-7f7c5a388493,9,1,10,1213324.5,0.13391436636447906,6056846.461627223,0.8331092203465279,0.002514366364479076,10,0.033959893329221336,1179863,0.1315,6045366,0.8367023384310726
0eedce32-1341-41db-96d5-7f7c5a388493,9,2,11,1252198.625,0.13496530055999756,6322577.619704006,0.8346883677421508,0.0035653005599975696,11,0.026948904247745098,1183729,0.1316,6277947,0.8413588314475193
0eedce32-1341-41db-96d5-7f7c5a388493,9,3,12,1266974.875,0.13496530055999756,6565226.261140401,0.8382351457812092,0.0035653005599975696,12,0.005116505031014573,1234585,0.1318,6522633,0.8408469376521325
0ef07878-4974-4f14-abb8-c54126b3cc92,9,1,10,2305748.0,0.8868103623390198,296909.8891516328,0.11407949173389595,0.6882103623390198,0,0.004062581089924147,2403195,0.8747,340982,0.1242565621678193
0ef07878-4974-4f14-abb8-c54126b3cc92,9,2,11,2274354.75,0.8884580731391907,286803.8123200368,0.11198206020490754,0.6898580731391907,0,-0.006589431638090559,2377855,0.8643,369031,0.1343452185492954
0ef07878-4974-4f14-abb8-c54126b3cc92,9,3,12,2228456.25,0.8908165693283081,274624.7226355951,0.10971467788612194,0.6922165693283081,0,-0.007838888138608058,2273019,0.8657,354729,0.13499353819316
0ef5ecc7-210d-435f-bfdf-70b61e25ca2a,9,1,10,1389505.375,0.37339913845062256,1875946.091320619,0.5744829193356105,0.08859913845062256,0,0.10535584284919886,1430099,0.3848,1866864,0.5662374736992802
0ef5ecc7-210d-435f-bfdf-70b61e25ca2a,9,2,11,1410889.125,0.33482998609542847,2186304.2265420216,0.60778057026176,0.05002998609542847,0,0.09060604603909705,1350420,0.3344,2141572,0.6132809009871729
0ef5ecc7-210d-435f-bfdf-70b61e25ca2a,9,3,12,1407445.25,0.3087072968482971,2484332.7900887514,0.6383541827149259,0.02390729684829712,1,0.09505378365662764,1382046,0.3165,2408440,0.6353908179584359
0f022498-7827-48b9-9672-d1fa667ee8b0,9,1,10,4294550.5,0.10792189091444016,22999229.077660706,0.8426546060511537,0.00552189091444015,10,0.02562218469997335,3862547,0.1101,22753826,0.8548807908575673
0f022498-7827-48b9-9672-d1fa667ee8b0,9,2,11,4283707.5,0.10814502835273743,24332422.627923653,0.8503044443518254,0.005745028352737422,11,0.012192095052116936,4211954,0.1048,24138559,0.8514328823608941
0f022498-7827-48b9-9672-d1fa667ee8b0,9,3,12,4301589.5,0.10778433829545975,25547714.07797123,0.8558897868835181,0.005384338295459742,12,0.013128481856064078,4526632,0.1034,25700680,0.8502469554686173
0fddabb4-9cbc-4b0e-b125-2e5357c9562b,9,1,10,862412.5,0.540314257144928,654005.2492891252,0.43128303503154947,0.27181425714492796,0,0.11730422270400309,899990,0.6174,558675,0.3830043224455238
0fddabb4-9cbc-4b0e-b125-2e5357c9562b,9,2,11,857654.0625,0.5068773627281189,745433.4264860502,0.4649985927826905,0.23837736272811888,0,0.10327715777873914,857582,0.5835,589931,0.4075479805708135
0fddabb4-9cbc-4b0e-b125-2e5357c9562b,9,3,12,852511.375,0.465143620967865,854670.9704160526,0.5006325028553192,0.19664362096786497,0,0.10996103823649783,840912,0.5764,606092,0.4188599340430296
0febd529-131a-40e7-8ff4-7649468cf64e,9,1,10,1433067.75,0.9637464284896851,53935.915668934584,0.03627154183555512,0.835246428489685,0,-0.006079284724139475,1454449,0.9494,1315200,0.474861616038711
0febd529-131a-40e7-8ff4-7649468cf64e,9,2,11,1432982.25,0.9649178981781006,52164.214488829486,0.03512395291381838,0.8364178981781005,0,-0.006260473659790718,1438979,0.9668,91388,0.0597163948255549
0febd529-131a-40e7-8ff4-7649468cf64e,9,3,12,1432982.25,0.9649178981781006,52102.05948763108,0.03508357010761686,0.8364178981781005,0,-0.0017839360068474391,1466744,0.9632,57378,0.0376465925956058
1056b7d4-62c9-4563-a677-5a6d812c145a,9,1,10,1653782.625,0.3610667586326599,2364758.7746909037,0.5884619665415902,0.2096667586326599,0,0.1254542191521018,1500174,0.381,2196023,0.5941303994348786
1056b7d4-62c9-4563-a677-5a6d812c145a,9,2,11,1660883.25,0.3223553001880646,2727954.981371979,0.6215665371013692,0.17095530018806457,0,0.10493811144756726,1398438,0.3422,3594461,0.7199146227472256
1056b7d4-62c9-4563-a677-5a6d812c145a,9,3,12,1675049.25,0.3043714463710785,3062855.4650913114,0.6464578013431582,0.15297144637107848,0,0.09346874026922092,1556292,0.2927,3643263,0.7006874626770945
1094face-5aa4-43fa-a462-4e3e72ad615e,9,1,10,1106014.75,0.37580636143684387,1858932.1415402368,0.626969793909042,0.17520636143684387,0,0.1168772387498831,991593,0.3585,1836984,0.649437508683695
1094face-5aa4-43fa-a462-4e3e72ad615e,9,2,11,1123375.5,0.3490336835384369,1941381.8199686198,0.6334536856538114,0.1484336835384369,0,-0.04357446760589301,951025,0.3528,2228734,0.7009128679248962
1094face-5aa4-43fa-a462-4e3e72ad615e,9,3,12,1168041.375,0.3100540339946747,2145333.9899719893,0.6474768940011497,0.10945403399467468,0,0.01608210948970923,1156685,0.3195,2303824,0.6657471487575961
10b4aaf8-00c2-4509-9162-3f858f859bd5,9,1,10,894152.625,0.8914392590522766,108571.9905545041,0.10827697741763731,0.7119392590522766,0,-0.0002776528228531916,783983,0.8882,99522,0.1126445238000916
10b4aaf8-00c2-4509-9162-3f858f859bd5,9,2,11,894238.0625,0.8901341557502747,110174.57310094498,0.10969054868074912,0.7106341557502747,0,0.0024184840496749294,900876,0.8826,117417,0.1153076766706635
10b4aaf8-00c2-4509-9162-3f858f859bd5,9,3,12,894393.6875,0.8880016207695007,112510.01701370766,0.11173860669034413,0.7085016207695007,0,0.007102774465577236,869578,0.8767,121736,0.1228026639389739
1108da1b-c63d-46b3-9398-3821a8685c5b,9,1,10,852147.6875,0.8846831917762756,119706.76775949076,0.12317355454992318,0.6137831917762757,0,0.022583948139843282,803479,0.8921,106745,0.1172733305208388
1108da1b-c63d-46b3-9398-3821a8685c5b,9,2,11,843441.125,0.8840282559394836,111697.94091152935,0.1169441654079255,0.6131282559394837,0,-0.406958347897462,860257,0.8952,101317,0.1053657856805612
1108da1b-c63d-46b3-9398-3821a8685c5b,9,3,12,834939.9375,0.8853908181190491,108493.3927822645,0.11499847344783178,0.6144908181190492,0,-0.07280601779484093,792016,0.8777,109215,0.1211842468801006
1154c53b-c781-4440-8562-9bb9880b68a1,9,1,10,2736295.25,0.16106624901294708,11524762.848006722,0.8081281745579275,0.005966249012947095,10,0.028038305050099188,3046536,0.1566,11868846,0.7957453587175977
1154c53b-c781-4440-8562-9bb9880b68a1,9,2,11,2752231.0,0.16027076542377472,11988809.116036162,0.813294653678748,0.005170765423774731,11,0.00848401233934637,2954059,0.1563,12506332,0.8089272774537203
1154c53b-c781-4440-8562-9bb9880b68a1,9,3,12,2745822.25,0.15997768938541412,12377419.08615185,0.8184369217572321,0.004877689385414136,12,0.015152458780349654,2893417,0.1565,12990194,0.8178363219799326
125e8641-e71c-478a-a9e4-8436e297d489,9,1,10,1801965.625,0.3979988098144531,2672037.4409976006,0.5972363902262542,0.13839880981445313,0,0.035310183867852785,1695936,0.3944,2623678,0.6073871415362576
125e8641-e71c-478a-a9e4-8436e297d489,9,2,11,1797254.75,0.361821711063385,2852205.2432086235,0.6134487117589537,0.10222171106338501,0,-0.005820553127105832,1752622,0.3768,2727189,0.6087732272633823
125e8641-e71c-478a-a9e4-8436e297d489,9,3,12,1768677.125,0.31502747535705566,3165177.4618299287,0.6415222431319363,0.05542747535705567,0,0.04700185148201752,1779461,0.3301,3019167,0.6291729636054305
1344f711-6c58-4234-8b6e-94f33ad875ab,9,1,10,1108736.625,0.8324965834617615,222323.3693788424,0.16702730930065454,0.6016965834617615,0,-0.36882332465591205,1069131,0.871,166116,0.1344799865937743
1344f711-6c58-4234-8b6e-94f33ad875ab,9,2,11,1085816.375,0.8149619102478027,242055.6794287886,0.18228840543896666,0.5841619102478027,0,-0.055699508552810945,964100,0.8798,135839,0.1234968484615965
1344f711-6c58-4234-8b6e-94f33ad875ab,9,3,12,1078151.125,0.7985586524009705,265944.2377935436,0.1978611377996349,0.5677586524009705,0,0.03364424887334172,989389,0.8949,118298,0.1067973172927009
136e763b-e03d-4b11-813b-384d37d65547,9,1,10,1986223.875,0.9912516474723816,17376.18665727228,0.008672482592608634,0.8806516474723816,0,0.008672482592608634,1854862,0.994,11148,0.0059742445110154
136e763b-e03d-4b11-813b-384d37d65547,9,2,11,1986651.375,0.9877824187278748,24484.3696061268,0.012174399302381237,0.8771824187278747,0,0.006666621015693537,1956556,1.0,0,0.0
136e763b-e03d-4b11-813b-384d37d65547,9,3,12,1970241.5,0.9853242039680481,29274.1900019974,0.014640640305237193,0.8747242039680481,0,0.014640640305237193,1899063,1.0,0,0.0
14594170-ef22-4f80-88aa-6940be09d12d,9,1,10,1715444.125,0.8911627531051636,209122.62071956694,0.1086595833502148,0.7201627531051635,0,0.027270873854668906,1777933,0.8815,235138,0.1168056168908101
14594170-ef22-4f80-88aa-6940be09d12d,9,2,11,1713847.5,0.8928738832473755,206000.32166401274,0.1073003387765722,0.7218738832473754,0,0.016755417099285505,1802212,0.8588,287608,0.1376233359810892
14594170-ef22-4f80-88aa-6940be09d12d,9,3,12,1712912.0,0.8929260969161987,205465.43195616454,0.10710375785991809,0.7219260969161987,0,0.00023266147923928227,1701758,0.8654,267764,0.1359537999575531
1467109d-cad7-404f-937a-5eda934dff5d,9,1,10,2085856.75,0.877331018447876,294986.6080234647,0.1239000487072604,0.669431018447876,0,-0.013021635362596096,2216898,0.8691,331932,0.1302291639693506
1467109d-cad7-404f-937a-5eda934dff5d,9,2,11,2086432.0,0.8837581872940063,276820.4158084318,0.11713535716993474,0.6758581872940064,0,-0.02145475939216486,2130011,0.8669,1950105,0.4779533228957215
1467109d-cad7-404f-937a-5eda934dff5d,9,3,12,2091092.375,0.8875575661659241,266253.8773053391,0.11294644435239806,0.6796575661659241,0,-0.019641180608569425,2428002,0.8837,509068,0.1733251165276959
14a8dbb7-3c54-4052-9e8b-a13e67b061d8,9,1,10,479715.0625,0.8632112741470337,76518.8010590896,0.13756588023871885,0.5677112741470337,0,0.007556634586933841,489660,0.8507,85002,0.1479165144032492
14a8dbb7-3c54-4052-9e8b-a13e67b061d8,9,2,11,486713.21875,0.8662034273147583,75358.51387704234,0.13407276954638422,0.5707034273147583,0,-0.00803781402628767,475960,0.8459,86440,0.1536984352773826
14a8dbb7-3c54-4052-9e8b-a13e67b061d8,9,3,12,486940.28125,0.875206708908081,70171.1172209243,0.1259552710885461,0.5797067089080811,0,-0.0174446158890402,492682,0.8416,407991,0.4529846015146451
15053e04-3839-46af-a07f-33112b772adf,9,1,10,2015076.625,0.9545011520385742,96233.09479916096,0.04557980948826171,0.7567011520385742,0,-0.022399837095476494,2059228,0.9426,123840,0.0567275045944514
15053e04-3839-46af-a07f-33112b772adf,9,2,11,2011483.625,0.9593622088432312,85652.95187682798,0.04084281053568152,0.7615622088432312,0,0.0036275826959712223,2157514,0.9338,151011,0.0654144962692628
15053e04-3839-46af-a07f-33112b772adf,9,3,12,2015476.5,0.9600444436073303,83951.79630276375,0.03998793216734697,0.7622444436073303,0,-0.005877336141491024,2038537,0.9333,145939,0.0668073258758622
1518190c-3000-43f3-a1ab-d441ba424958,9,1,10,3448239.75,0.4129337966442108,4291738.526872896,0.5544897380005106,0.25553379664421083,0,0.028140524606729778,3265313,0.4191,4140556,0.5590911748506489
1518190c-3000-43f3-a1ab-d441ba424958,9,2,11,3429954.5,0.3750319182872772,4825811.6785792615,0.5845383183332522,0.2176319182872772,0,0.04976189334536485,3206916,0.4096,4338308,0.5749740498095219
1518190c-3000-43f3-a1ab-d441ba424958,9,3,12,3380232.75,0.34025466442108154,5413899.535308539,0.6156263471670751,0.18285466442108153,0,0.08334025451244664,3159676,0.399,6317801,0.6666121162836902
16a01beb-be82-4f4d-b7e1-1d39acbdf9a1,9,1,10,2271245.0,0.3502403795719147,4249729.406063557,0.6517015926503142,0.15414037957191468,0,0.13763702977959003,2346258,0.3728,4149363,0.6387938889907524
16a01beb-be82-4f4d-b7e1-1d39acbdf9a1,9,2,11,2307369.5,0.31398749351501465,4498251.855818616,0.6609612290540873,0.11788749351501465,0,0.10542751037761067,2199376,0.3572,4080717,0.6497860780087173
16a01beb-be82-4f4d-b7e1-1d39acbdf9a1,9,3,12,2257081.0,0.3033203184604645,4706303.142685275,0.6758643565038756,0.10722031846046448,0,0.021498493245070804,2293475,0.3412,4199494,0.6467756122045246
175522da-2249-4887-97bb-39c761069c63,9,1,10,1796656.625,0.20124274492263794,6336561.772683375,0.7790964736036412,0.0011427449226379394,10,0.01898544652565559,1896719,0.209,6354483,0.7701281582974214
175522da-2249-4887-97bb-39c761069c63,9,2,11,1832065.875,0.20117080211639404,6525338.271608757,0.7807852961444481,0.0010708021163940429,11,0.011921606875717417,1806895,0.2053,8161378,0.8187354018093205
175522da-2249-4887-97bb-39c761069c63,9,3,12,1852474.125,0.20136669278144836,6690800.021560231,0.78316578711853,0.0012666927814483642,12,0.0022422605903611448,1828916,0.2093,7899057,0.8119941327962156
1774b08d-210d-4ffb-9689-4d05fed53e40,9,1,10,1742332.75,0.24506385624408722,4733270.512749467,0.730938928883635,0.0010638562440872246,10,0.01565911302850187,1858726,0.2456,6386156,0.774560024024601
1774b08d-210d-4ffb-9689-4d05fed53e40,9,2,11,1762040.875,0.246540367603302,4893954.9305158,0.735270134404261,0.0025403676033020073,11,0.016285876374671826,1861111,0.2451,6226219,0.7698732461764266
1774b08d-210d-4ffb-9689-4d05fed53e40,9,3,12,1774415.5,0.24666620790958405,5023508.783484067,0.7389768661720695,0.0026662079095840507,12,0.01646244199185476,1956003,0.2442,6183771,0.7596981193826757
17a9ae37-3408-4eda-83ef-55385748b63b,9,1,10,1506943.75,0.2870696783065796,3426254.544466108,0.6945300675039887,0.005569678306579617,10,0.009882655340121671,1573507,0.2919,3450262,0.6867875493479099
17a9ae37-3408-4eda-83ef-55385748b63b,9,2,11,1555097.0,0.2862570881843567,3555404.356124592,0.6957055890149954,0.004757088184356717,11,0.004462723744380392,1581030,0.2842,3601254,0.6949163727808048
17a9ae37-3408-4eda-83ef-55385748b63b,9,3,12,1614841.625,0.2860432267189026,3691332.137753275,0.6956674060816869,0.004543226718902615,12,0.009235218719082727,1653751,0.2903,3729320,0.6927867011228349
17dcfe1b-8fb2-437c-a05f-61c3e2d07697,9,1,10,1800218.75,0.49965527653694153,1706407.5418745354,0.4866237231576627,0.38665527653694154,0,-0.0980661650593258,1611354,0.5022,1603860,0.4988346032332529
17dcfe1b-8fb2-437c-a05f-61c3e2d07697,9,2,11,1793059.5,0.4678407609462738,1862273.7180975468,0.5094675661516804,0.3548407609462738,0,0.014601189397208614,1824708,0.4886,1753426,0.4900392215607352
17dcfe1b-8fb2-437c-a05f-61c3e2d07697,9,3,12,1790104.875,0.4306635558605194,2079432.2408453163,0.5373852682095429,0.3176635558605194,0,0.062164693167989615,1779410,0.4707,3133626,0.6378186522549397
17efe62c-12b2-4e7c-91d0-f2e0ff771be2,9,1,10,2661783.0,0.2973157465457916,7006065.56653595,0.7246768004607117,0.0013157465457916406,10,-0.02000970487560505,2960858,0.2979,7210138,0.7088920298464378
17efe62c-12b2-4e7c-91d0-f2e0ff771be2,9,2,11,2686026.5,0.3047092854976654,6738821.6179641895,0.7150058583034021,0.00870928549766542,11,-0.01018136751166221,3040282,0.296,7216031,0.7035696940996243
17efe62c-12b2-4e7c-91d0-f2e0ff771be2,9,3,12,2650516.25,0.301283061504364,6560489.40960508,0.712244639950244,0.005283061504364028,12,-0.02274472637784264,3008617,0.2983,7174960,0.7045618646571828
185a9028-8a8d-40d5-9c6e-5dbc67aa65cd,9,1,10,1717222.0,0.9314888119697571,126302.22493582964,0.06851129116040015,0.774688811969757,0,0.0042210122184045545,1752664,0.9392,114331,0.0612379786769648
185a9028-8a8d-40d5-9c6e-5dbc67aa65cd,9,2,11,1721716.5,0.9310518503189087,127417.47166033508,0.06890656578329318,0.7742518503189086,0,0.00605118023445278,1673469,0.94,107301,0.0602553951380582
185a9028-8a8d-40d5-9c6e-5dbc67aa65cd,9,3,12,1729428.0,0.9322255849838257,125846.61561721144,0.0678317994316679,0.7754255849838256,0,-0.0013735377707280033,1795694,0.9396,114918,0.060147219843694
1870afda-762e-479f-a3e6-2e4976e4d1d2,9,1,10,1651638.625,0.5140450596809387,2903816.2743193433,0.6374371689539104,0.3439450596809387,0,0.13417787072194698,1539797,0.5101,2872465,0.6510186838406241
1870afda-762e-479f-a3e6-2e4976e4d1d2,9,2,11,1760124.0,0.49249181151390076,2366987.8798271706,0.573521617234736,0.32239181151390073,0,-0.049820229990300446,1488677,0.4925,2213098,0.5978477892362448
1870afda-762e-479f-a3e6-2e4976e4d1d2,9,3,12,1798072.75,0.4656239151954651,2225708.792340554,0.5531385759689884,0.29552391519546506,0,-0.17547393059448702,1536544,0.4766,1962555,0.5608743850917051
18e412f4-6254-4018-8ba5-0c640a720120,9,1,10,1789808.125,0.8921614289283752,218290.7312315628,0.10870517183661536,0.5974614289283753,0,-0.010269335764067841,1725808,0.8933,209166,0.1080975765049039
18e412f4-6254-4018-8ba5-0c640a720120,9,2,11,1781388.0,0.8985000252723694,202967.3406833841,0.10228376769126693,0.6038000252723694,0,-0.014699384933116663,1721337,0.8942,204232,0.1060631948270874
18e412f4-6254-4018-8ba5-0c640a720120,9,3,12,1775867.75,0.9016734957695007,194571.93691554014,0.09874544154158633,0.6069734957695008,0,-0.014416511813646171,1758164,0.898,200099,0.1021818826174012
18ff9edd-b96b-4b55-968e-c43fc2e4482a,9,1,10,1490407.625,0.36271998286247253,2093683.2043626495,0.5841601968371333,0.12581998286247253,0,0.15304769798318718,1447964,0.3812,2006558,0.5808496805057255
18ff9edd-b96b-4b55-968e-c43fc2e4482a,9,2,11,1489493.625,0.31879040598869324,2440894.433200852,0.621031408872685,0.08189040598869324,0,0.13637494596681415,1682753,0.3387,2439774,0.5918151657951543
18ff9edd-b96b-4b55-968e-c43fc2e4482a,9,3,12,1488894.25,0.2876167595386505,2799515.5964669622,0.6528097119199937,0.05071675953865051,0,0.10723825603643833,1521521,0.303,2761131,0.6447245772012296
191f25ef-dfff-4e55-9cf3-58adda9868fb,9,1,10,2247137.25,0.14550435543060303,9706408.50180772,0.8120108211690938,0.003604355430603029,10,0.017464356563072103,2087792,0.1429,9599518,0.8213624863206332
191f25ef-dfff-4e55-9cf3-58adda9868fb,9,2,11,2334686.5,0.1454133540391922,10290158.991290307,0.8150720734276974,0.0035133540391922014,11,0.004818233641596059,2307328,0.1419,10216756,0.8157687220877791
191f25ef-dfff-4e55-9cf3-58adda9868fb,9,3,12,2361678.25,0.1456644982099533,10808913.718103753,0.8206854896333088,0.0037644982099533097,12,0.009503175231089234,2348155,0.1424,10775377,0.8210729398152875
19839277-8562-41bd-938c-063962f0a922,9,1,10,1399650.625,0.2762516438961029,2837173.6205891706,0.6696462860225713,0.01695164389610293,3,0.10211666981612988,1319827,0.3108,2646759,0.6672637376323115
19839277-8562-41bd-938c-063962f0a922,9,2,11,1418117.625,0.2711014151573181,3101675.7670033993,0.686242820853495,0.01180141515731814,4,0.08229510380501903,1397289,0.3016,2824388,0.669020391659523
19839277-8562-41bd-938c-063962f0a922,9,3,12,1455722.75,0.26791292428970337,3336412.5531594614,0.6962267010615831,0.008612924289703394,5,0.0550298966916577,1192466,0.2608,2969375,0.7134763197344637
19e30ff0-d649-4916-ad96-781307cc22ef,9,1,10,865601.6875,0.30055609345436096,1656992.1882450897,0.6568604657995809,0.17005609345436096,0,0.07994487110224002,946541,0.2741,1778487,0.6526490736975914
19e30ff0-d649-4916-ad96-781307cc22ef,9,2,11,903670.3125,0.3031039834022522,1784515.4966204804,0.6638363652415595,0.1726039834022522,0,0.06180192163822873,910125,0.2344,2058529,0.6934216651721622
19e30ff0-d649-4916-ad96-781307cc22ef,9,3,12,942664.9375,0.30483242869377136,1895847.3989014006,0.6679017648043452,0.17433242869377136,0,0.02156206299354224,936661,0.2196,2337541,0.7139269354792405
1a34f546-473f-45f4-84a2-0c5a80efb0b8,9,1,10,1837600.875,0.3063953220844269,4226715.843768451,0.6969813813792394,0.17139532208442687,0,0.03926819586234376,1766168,0.3245,4068335,0.697289040728919
1a34f546-473f-45f4-84a2-0c5a80efb0b8,9,2,11,1847971.375,0.2980859577655792,4263908.261035535,0.6976427081278903,0.16308595776557921,0,0.06864756781870984,1741416,0.2753,4210421,0.7074153744465784
1a34f546-473f-45f4-84a2-0c5a80efb0b8,9,3,12,1904484.75,0.29812225699424744,4329457.764558079,0.6944975438011385,0.16312225699424743,0,-0.008161945663523129,1889924,0.2376,4650970,0.7110602923698198
1a56f0b6-796a-4c42-b75a-0be1bab8af3a,9,1,10,1279666.875,0.8319538831710815,254922.07316301763,0.16611749580770313,0.5583538831710815,0,0.019771609167028137,1157437,0.8463,214335,0.1562468106944886
1a56f0b6-796a-4c42-b75a-0be1bab8af3a,9,2,11,1278637.5,0.8191027045249939,277416.77923499467,0.1782821993660668,0.5455027045249938,0,0.03326008354283799,1172297,0.8389,1386632,0.5418798255051235
1a56f0b6-796a-4c42-b75a-0be1bab8af3a,9,3,12,1279313.625,0.7975771427154541,315117.8164469737,0.1976364792210814,0.523977142715454,0,0.039446475234834716,1207283,0.8435,406023,0.2516714126148418
1a7a339b-4b30-456a-9ef3-bffaa21e5ca1,9,1,10,1566196.375,0.16319355368614197,6309177.828365918,0.8011273706421962,0.0015935536861419741,10,0.02579597335555117,1650956,0.1616,6392241,0.7947388333270962
1a7a339b-4b30-456a-9ef3-bffaa21e5ca1,9,2,11,1633870.25,0.16394968330860138,6640787.861412831,0.8025452861011281,0.0023496833086013857,11,0.013076200919757142,1670440,0.1616,6759722,0.8018495967218661
1a7a339b-4b30-456a-9ef3-bffaa21e5ca1,9,3,12,1660903.25,0.16514505445957184,6930707.880712016,0.8066831442052993,0.0035450544595718447,12,0.00987502196728185,1688811,0.1616,7083248,0.8074783810733603
1a7ce509-3aca-49f1-b921-5f1fffcc074e,9,1,10,2396958.0,0.189057856798172,8304355.704401135,0.7760127339305826,0.005757856798172006,10,0.020156622597579887,2553903,0.1836,8488098,0.7687101278110734
1a7ce509-3aca-49f1-b921-5f1fffcc074e,9,2,11,2450702.5,0.18973541259765625,8714442.798477277,0.7805041999467547,0.006435412597656259,11,0.01407328927631657,2260767,0.189,8717432,0.7940675879531789
1a7ce509-3aca-49f1-b921-5f1fffcc074e,9,3,12,2509766.0,0.1902952939271927,9088294.686070861,0.7836046846164376,0.006995293927192697,12,0.01604224388941511,2489200,0.1885,9152456,0.7861816222709209
1aacea58-9e7b-4c29-97f2-82c085b25a68,9,1,10,2271330.25,0.16812586784362793,9484738.738743365,0.8067950900785937,0.00692586784362792,10,0.013204222073604832,2194941,0.1678,9425130,0.8111077806667446
1aacea58-9e7b-4c29-97f2-82c085b25a68,9,2,11,2292447.0,0.16709206998348236,9809311.395076789,0.8105690987077872,0.005892069983482351,11,0.010209279206623623,2292436,0.1653,9780877,0.8101237000978936
1aacea58-9e7b-4c29-97f2-82c085b25a68,9,3,12,2325183.0,0.16600416600704193,10120117.773104941,0.813167793821033,0.004804166007041921,12,0.015474557681120937,2125897,0.1637,9957946,0.8240711171106742
1af153fb-5b25-41b0-80d0-94c2d2b76284,9,1,10,2506265.75,0.46272963285446167,2588364.8691204637,0.508057416254315,0.35602963285446165,0,0.09528238599900768,2680540,0.4837,2577148,0.4901675413223454
1af153fb-5b25-41b0-80d0-94c2d2b76284,9,2,11,2513997.0,0.43080568313598633,2904235.378487014,0.5360115948548505,0.3241056831359863,0,0.08906068279913448,2596368,0.4703,2740172,0.5134735240436687
1af153fb-5b25-41b0-80d0-94c2d2b76284,9,3,12,2526995.5,0.3985353112220764,3266693.5900102407,0.5638365364898217,0.2918353112220764,0,0.08300705724531737,2189798,0.4294,2813139,0.5622975064447143
1b086871-d9ee-4d70-8559-9d478340affe,9,1,10,1174113.5,0.2997923493385315,2485282.3749791086,0.6791510019377985,0.048192349338531504,1,0.02334815763889664,1231728,0.2903,2559832,0.6751395204084862
1b086871-d9ee-4d70-8559-9d478340affe,9,2,11,1197957.0,0.28158247470855713,2646103.716828492,0.6883615821270472,0.02998247470855714,2,0.0519676135958439,1187392,0.2622,2764593,0.6995454183150999
1b086871-d9ee-4d70-8559-9d478340affe,9,3,12,1214264.5,0.27183565497398376,2810982.4941661693,0.6983378903804299,0.020235654973983774,3,0.029289272722294535,1308405,0.2516,3048232,0.699675460682173
1bc08d29-7614-4792-aca3-a5cfca8c3fd6,9,1,10,878123.1875,0.9904244542121887,8408.50878924504,0.0094847243752711,0.7939244542121887,0,0.0083160741306741,796610,0.9898,8092,0.0100558964685063
1bc08d29-7614-4792-aca3-a5cfca8c3fd6,9,2,11,880992.125,0.9855981469154358,12809.017261150992,0.014330947517863487,0.7890981469154358,0,0.014330947517863487,777743,0.9921,6205,0.0079150657951802
1bc08d29-7614-4792-aca3-a5cfca8c3fd6,9,3,12,866466.625,0.9856762886047363,12594.490536633879,0.014327206964382009,0.7891762886047363,0,0.014327206964382009,778655,0.9762,18693,0.0234439667497755
1bc32a15-c877-4a3b-8cbe-b49af93e0261,9,1,10,2533061.5,0.31262993812561035,4880241.174365401,0.6583086363438092,0.11022993812561035,0,0.012144541056868907,2760788,0.3236,5844495,0.6791752229415349
1bc32a15-c877-4a3b-8cbe-b49af93e0261,9,2,11,2551443.0,0.2969736158847809,5224670.052990406,0.6718871005844226,0.09457361588478089,0,0.04421842224418593,2445543,0.2894,6612134,0.7300032889227558
1bc32a15-c877-4a3b-8cbe-b49af93e0261,9,3,12,2650670.75,0.2819232642650604,5655099.016611529,0.6808639265856531,0.07952326426506043,0,0.04161498176753997,2527330,0.3167,6245283,0.7119068172732571
1be3176c-fe22-42e7-80f9-756f5616eac8,9,1,10,2086754.625,0.40867000818252563,2644424.5450090393,0.5589356162565255,0.11287000818252563,0,0.03114748936747802,1925089,0.4494,2373437,0.5521513653750146
1be3176c-fe22-42e7-80f9-756f5616eac8,9,2,11,2085703.5,0.36968645453453064,2981463.778555297,0.58838866267019,0.07388645453453063,0,0.058753085966052,2002084,0.43,2493850,0.5546900821942671
1be3176c-fe22-42e7-80f9-756f5616eac8,9,3,12,2096595.125,0.3357155919075012,3373275.3530070735,0.6167011388240611,0.03991559190750121,1,0.08386676528376313,1903896,0.3794,2729361,0.5890804244185031
1c0cd857-2ef2-4a95-87ad-878f79a88fbc,9,1,10,1150074.0,0.4446844458580017,1258372.256147921,0.5224830128285972,0.31848444585800173,0,0.08747951499058493,1194707,0.4258,1326865,0.526205478169967
1c0cd857-2ef2-4a95-87ad-878f79a88fbc,9,2,11,1183663.0,0.4128609299659729,1433814.3092849976,0.5477848095182399,0.2866609299659729,0,0.09211942258655925,1248322,0.4113,2250198,0.6431856899488927
1c0cd857-2ef2-4a95-87ad-878f79a88fbc,9,3,12,1200277.625,0.3705887496471405,1657927.0979027026,0.5800589036249875,0.2443887496471405,0,0.08233661390844577,1187706,0.3816,2125906,0.6415675703733569
1c4a1d39-3804-4349-9d75-f0c4a8c3b467,9,1,10,1372774.5,0.45007193088531494,1516881.1661328673,0.5249349200705495,0.34977193088531494,0,0.05103240541526255,1520048,0.4457,1610502,0.5144469821596844
1c4a1d39-3804-4349-9d75-f0c4a8c3b467,9,2,11,1390930.5,0.41811421513557434,1692014.273585657,0.5488305493120265,0.31781421513557434,0,0.06403793250922224,1443374,0.4264,1751597,0.5482356490872687
1c4a1d39-3804-4349-9d75-f0c4a8c3b467,9,3,12,1388822.125,0.3759821653366089,1922496.8583975816,0.5805834074085494,0.2756821653366089,0,0.07416505612493396,1482274,0.3841,1991776,0.5733296872526302
1ca37da2-7be3-42b1-86bb-75e607ae3b7c,9,1,10,611127.625,0.9265928268432617,48554.70671379566,0.07360316379499642,0.6553928268432617,0,-0.023577935318110685,639762,0.9307,47807,0.0695304762140236
1ca37da2-7be3-42b1-86bb-75e607ae3b7c,9,2,11,612932.125,0.9318095445632935,45107.08831994783,0.06854772087574078,0.6606095445632935,0,0.011034486841846776,639365,0.9156,58004,0.083175478118471
1ca37da2-7be3-42b1-86bb-75e607ae3b7c,9,3,12,613671.6875,0.9315628409385681,45084.94786708511,0.06843945919719199,0.6603628409385681,0,-0.0082245969463237,618122,0.932,45985,0.0692433598802602
1cad67e0-44ff-4006-927f-c7e3def77700,9,1,10,1750585.5,0.8763721585273743,251310.49070379138,0.1255362375821733,0.5938721585273743,0,-0.010353135237991307,1818806,0.8604,293234,0.1388392265298005
1cad67e0-44ff-4006-927f-c7e3def77700,9,2,11,1746843.5,0.8810099959373474,237760.35147164972,0.1198024236904219,0.5985099959373474,0,-0.015330306264087296,1798956,0.8555,302230,0.1438378135015177
1cad67e0-44ff-4006-927f-c7e3def77700,9,3,12,1733503.25,0.8853797912597656,225946.6454827066,0.11531126465831121,0.6028797912597657,0,-0.022048941752152995,1922349,0.8478,338522,0.149730789593922
1d258e4c-2fdd-4aaa-beaa-132dc0fc6049,9,1,10,3130005.25,0.1969006210565567,10336698.731950935,0.7675745116106315,0.0021006210565567007,10,0.003251591190838621,2884509,0.1978,10128250,0.7783322506779692
1d258e4c-2fdd-4aaa-beaa-132dc0fc6049,9,2,11,3268145.5,0.1970808207988739,10923590.36387722,0.7697148867941843,0.0022808207988739004,11,0.008963828658024253,3243623,0.1966,10742687,0.7680858639626892
1d258e4c-2fdd-4aaa-beaa-132dc0fc6049,9,3,12,3407230.75,0.19723106920719147,11504337.942970222,0.7715042045438,0.0024310692071914664,12,0.008742335578120763,3152510,0.1969,11159391,0.77972807385965
1d71335d-45d9-42ee-93d5-b4bd8fd20930,9,1,10,1460601.875,0.2863861620426178,3725427.3743793257,0.7183583422375013,0.006586162042617805,10,-0.04709450839333151,1591564,0.2913,5351471,0.7707682591258722
1d71335d-45d9-42ee-93d5-b4bd8fd20930,9,2,11,1497367.25,0.2846422493457794,3736166.614624949,0.7138898326193776,0.004842249345779426,11,-0.024191494894063248,1447330,0.2869,4848505,0.7701130985802519
1d71335d-45d9-42ee-93d5-b4bd8fd20930,9,3,12,1547645.625,0.28739291429519653,3765282.0414905054,0.7087019206451367,0.00759291429519654,12,-0.014345298775315096,1634959,0.2918,4591372,0.7374121292298788
1dc4ef07-28b2-489d-b8da-4c14b923c887,9,1,10,1601735.875,0.234714075922966,5720840.494476518,0.781260611814622,0.00701407592296599,10,0.06107611891381082,1618019,0.235,5731419,0.7798445268876342
1dc4ef07-28b2-489d-b8da-4c14b923c887,9,2,11,1719066.0,0.23583316802978516,5685329.776038747,0.7678316972786566,0.008133168029785143,11,0.02264280612994063,1529797,0.2396,5607837,0.7856716945699374
1dc4ef07-28b2-489d-b8da-4c14b923c887,9,3,12,1746340.375,0.23528045415878296,5683143.4227440795,0.7649445880035075,0.0075804541587829455,12,-0.027020496834489816,1554995,0.23,5515580,0.7800751706897954
1dcb55d6-7350-4216-af4c-aa39d51931d8,9,1,10,1110651.0,0.3372343182563782,1776060.2537317872,0.6152538642151308,0.21973431825637818,0,0.09980653193187827,1058054,0.3487,1711017,0.6179028995645109
1dcb55d6-7350-4216-af4c-aa39d51931d8,9,2,11,1126917.625,0.30359143018722534,2021658.6727257264,0.6420866072662769,0.18609143018722535,0,0.08052237166279486,1176313,0.3407,1903696,0.6180813108013645
1dcb55d6-7350-4216-af4c-aa39d51931d8,9,3,12,1163380.375,0.2977556884288788,2236675.5533972923,0.6578349299246996,0.1802556884288788,0,0.06630280547646183,1040402,0.3004,2059545,0.6643807136057488
1e3a1a75-a747-4ca6-97d0-60092584c9ab,9,1,10,2192453.25,0.9508671164512634,113590.7679554969,0.049257848970378604,0.7902671164512635,0,0.007930610633589304,2364478,0.9439,139308,0.0556389403886753
1e3a1a75-a747-4ca6-97d0-60092584c9ab,9,2,11,2188096.5,0.9520976543426514,110256.21910472261,0.04797184443807681,0.7914976543426514,0,0.006220336142450912,2604796,0.9396,165693,0.0598064096266038
1e3a1a75-a747-4ca6-97d0-60092584c9ab,9,3,12,2179273.75,0.9527673721313477,108140.51702485047,0.04727631482578124,0.7921673721313477,0,-0.0038024644078146555,2376431,0.9423,146722,0.0581502588229885
1e4a7a71-2fcf-455b-922f-32445c48bdbd,9,1,10,1022551.5625,0.5009628534317017,1235547.3884852752,0.5471626422509825,0.32146285343170167,0,0.08112574617889506,1013523,0.5367,1142873,0.5299921721242296
1e4a7a71-2fcf-455b-922f-32445c48bdbd,9,2,11,1056833.375,0.47816652059555054,1196241.0299293494,0.5309372062068499,0.29866652059555054,0,0.08361361516227622,883117,0.513,1662325,0.6530594686502383
1e4a7a71-2fcf-455b-922f-32445c48bdbd,9,3,12,1061688.125,0.43809962272644043,1268731.244011771,0.5444218585214491,0.25859962272644044,0,-0.049673209051090184,1007884,0.5001,1334720,0.5697591227539951
1eca9724-f684-451c-9b32-c7c8ff46827a,9,1,10,2047126.875,0.5113565921783447,1825009.7706222832,0.471318534867715,0.22535659217834475,0,0.006020782541363623,2228216,0.5074,1928937,0.4640043318107368
1eca9724-f684-451c-9b32-c7c8ff46827a,9,2,11,2034659.875,0.47875162959098816,2011846.5130977433,0.49718110393086745,0.19275162959098818,0,0.054938171850732576,1990302,0.4901,1998302,0.5010028571399918
1eca9724-f684-451c-9b32-c7c8ff46827a,9,3,12,2041435.875,0.4444631040096283,2251747.9164562616,0.5244937151159004,0.15846310400962832,0,0.0705338250739937,2114065,0.4566,2234797,0.5138808727432602
1eed46b2-fadc-4d14-8ada-c6bfaf76beb0,9,1,10,1180499.375,0.318626344203949,1965460.7225835547,0.6247570412902712,0.199526344203949,0,0.06304834944181115,1174617,0.324,1946105,0.6236072934404282
1eed46b2-fadc-4d14-8ada-c6bfaf76beb0,9,2,11,1202485.0,0.3022633194923401,2210391.9325038893,0.6476623611746276,0.1831633194923401,0,0.07333037101069695,1069498,0.3071,2089450,0.6614385548606688
1eed46b2-fadc-4d14-8ada-c6bfaf76beb0,9,3,12,1218651.875,0.29705265164375305,2410437.251882268,0.6641989677319009,0.17795265164375307,0,0.06576916130552757,1186837,0.2706,2389721,0.6681622386663378
1f7c87a8-51e2-4c3e-9853-64e3e0cbc15d,9,1,10,1609377.875,0.29987797141075134,3652220.0804779343,0.6941275466848525,0.0005779714107513323,3,0.18224011810580365,1677098,0.2993,3702687,0.6882592891723368
1f7c87a8-51e2-4c3e-9853-64e3e0cbc15d,9,2,11,1685592.5,0.2993,3740205.2751408885,0.6893373896604115,0.0,4,0.1485773786360166,1842998,0.2993,3885861,0.6782958002631938
1f7c87a8-51e2-4c3e-9853-64e3e0cbc15d,9,3,12,1729335.375,0.2993,3832507.133553721,0.6890714952211602,0.0,5,-0.004183092305073521,1566983,0.2993,3820808,0.7091603961623604
1fd43fde-ea6d-4c6f-bee9-21401520b3a3,9,1,10,2194474.0,0.8701250553131104,327858.7779915333,0.12998236428287568,0.7597250553131103,0,-0.009956715326616516,2239113,0.8624,353606,0.1363842360086072
1fd43fde-ea6d-4c6f-bee9-21401520b3a3,9,2,11,2185547.75,0.8707375526428223,324889.07901169267,0.1294153572227487,0.7603375526428222,0,-0.00021732508947522322,1993781,0.8781,286256,0.1255488397776001
1fd43fde-ea6d-4c6f-bee9-21401520b3a3,9,3,12,2184397.5,0.8695809245109558,327258.8357717716,0.1302960246236127,0.7591809245109558,0,0.0011893063943443916,2235274,0.8769,310336,0.1219102690514257
1fec077e-3786-493a-81a5-fd4b6d9600a8,9,1,10,515209.5625,0.8712099194526672,75830.64155004546,0.1283003102503406,0.6362099194526672,0,-0.001751690217307783,484844,0.8781,68056,0.1230891662145053
1fec077e-3786-493a-81a5-fd4b6d9600a8,9,2,11,515966.0,0.8751498460769653,73885.90178865817,0.12526178446591027,0.6401498460769653,0,-0.0021967969523703224,515207,0.8839,67722,0.1161753832799534
1fec077e-3786-493a-81a5-fd4b6d9600a8,9,3,12,516051.4375,0.8787424564361572,71534.35261873197,0.12174282261706362,0.6437424564361572,0,-0.006447430582335684,517196,0.884,67851,0.115975297711124
2058c198-d418-4abd-a85f-b1f7721f94dc,9,1,10,744876.1875,0.9739509224891663,19863.442400235683,0.025974124556389176,0.7143509224891662,0,0.020189255796739174,700015,0.963,26570,0.0365683299269872
2058c198-d418-4abd-a85f-b1f7721f94dc,9,2,11,744671.125,0.9728457927703857,20760.330077389488,0.027122389522508582,0.7132457927703857,0,-0.0030855959438891196,746946,0.9545,35163,0.0449592064533204
2058c198-d418-4abd-a85f-b1f7721f94dc,9,3,12,744954.8125,0.9714022874832153,21897.70151717693,0.028555297292389707,0.7118022874832153,0,0.004791069431345208,772180,0.9681,25741,0.032260085898228
20cdbd59-2129-4ddf-ae32-1328fd548974,9,1,10,891235.8125,0.26369065046310425,2961788.75795782,0.7686918948471427,0.008490650463104266,10,0.050435166776094054,912373,0.256,3011685,0.767492478449605
20cdbd59-2129-4ddf-ae32-1328fd548974,9,2,11,929399.5,0.2618292570114136,2872361.327485187,0.7555344635883406,0.006629257011413592,11,0.04315643470547992,873181,0.2558,2891103,0.7680353023310674
20cdbd59-2129-4ddf-ae32-1328fd548974,9,3,12,958064.0,0.2616644501686096,2828139.190256859,0.7469591694219125,0.006464450168609637,12,-0.0382584689440888,955546,0.257,2858076,0.74943872255824
20e8e637-6aee-49cf-a358-4a15f82d1e76,9,1,10,1507915.125,0.9873875975608826,19196.128538496792,0.01257022269596737,0.7160875975608826,0,-0.00275163893918573,1518115,0.9943,8677,0.0056831578892213
20e8e637-6aee-49cf-a358-4a15f82d1e76,9,2,11,1527448.25,0.9863511919975281,21109.85217077448,0.013631940668666298,0.7150511919975281,0,-0.008034202261720802,1524536,0.9963,5603,0.0036617588336745
20e8e637-6aee-49cf-a358-4a15f82d1e76,9,3,12,1512549.5,0.9863349199295044,20957.577848277986,0.013666436986834361,0.7150349199295044,0,0.004354794029421162,1351298,1.0,0,0.0
21a0043e-ad05-4801-be9d-9bba069cb0f2,9,1,10,1657349.0,0.8818984627723694,221199.57326740026,0.11775025485908147,0.7616984627723694,0,0.01440905822476267,1846733,0.8706,266826,0.1262448788985782
21a0043e-ad05-4801-be9d-9bba069cb0f2,9,2,11,1648951.875,0.8792170882225037,225882.3373866384,0.1204812328974375,0.7590170882225037,0,0.014759189270533601,1701718,0.881,234264,0.1210052572802846
21a0043e-ad05-4801-be9d-9bba069cb0f2,9,3,12,1648951.875,0.8752142786979675,233952.5395143947,0.12425088480911103,0.7550142786979676,0,0.009470116651229238,1617631,0.8774,227110,0.1231121333563898
21bee530-fa84-4b4d-9f53-c14b7b77eb56,9,1,10,2609215.5,0.3606131970882416,4930504.412373647,0.6539373437840916,0.09941319708824159,0,-0.005198611286255317,2519458,0.372,4786705,0.655159897199118
21bee530-fa84-4b4d-9f53-c14b7b77eb56,9,2,11,2620202.5,0.31614795327186584,5163566.376270989,0.6633761174502815,0.05494795327186586,0,0.034964351529969684,2551281,0.3405,4839329,0.6547942592018792
21bee530-fa84-4b4d-9f53-c14b7b77eb56,9,3,12,2632698.0,0.3005938231945038,5452755.46077258,0.6743908040813285,0.039393823194503796,1,0.01834650962244333,2815811,0.3148,5245552,0.6507028650117852
21c1bc56-09db-4f65-932a-e429f1758f22,9,1,10,2532778.25,0.9148172736167908,236937.98948146403,0.08554594369776403,0.6612172736167907,0,-2.2533524095480484e-05,2572455,0.907,262369,0.0925521302204299
21c1bc56-09db-4f65-932a-e429f1758f22,9,2,11,2514799.25,0.9180252552032471,225572.95795421442,0.082314715241771,0.664425255203247,0,-0.006977979439427198,2358364,0.9059,246613,0.0946699337460561
21c1bc56-09db-4f65-932a-e429f1758f22,9,3,12,2430226.5,0.9212138056755066,209240.3321812651,0.07927371150496637,0.6676138056755065,0,-0.01061953240781173,2411173,0.9029,257986,0.0966544143679713
220b8346-1186-4643-9f0b-e4d1208448b0,9,1,10,1163461.75,0.9462924599647522,65948.71025581658,0.053642548512312094,0.8033924599647522,0,-0.4211748235368486,1236044,0.9443,72391,0.0553264013879176
220b8346-1186-4643-9f0b-e4d1208448b0,9,2,11,1156913.875,0.9444488883018494,67931.37606503512,0.05546119071447352,0.8015488883018493,0,-0.03590185217660107,1126806,0.9434,67838,0.0567851175747754
220b8346-1186-4643-9f0b-e4d1208448b0,9,3,12,1154625.75,0.9410552978515625,72063.2656553532,0.058746157123493695,0.7981552978515625,0,0.006215799432022898,1134965,0.948,62542,0.0522268345821778
2255b123-9f9a-46b4-bcbb-88b0da12a104,9,1,10,1842807.625,0.8949568867683411,216369.65601944178,0.10507577857129578,0.629356886768341,0,0.033759447229290585,1794969,0.8542,293365,0.1404780078282497
2255b123-9f9a-46b4-bcbb-88b0da12a104,9,2,11,1837874.5,0.8927942514419556,220226.78246705257,0.10700483224181563,0.6271942514419555,0,0.019000757293886825,1756043,0.8499,307571,0.1490448310585216
2255b123-9f9a-46b4-bcbb-88b0da12a104,9,3,12,1790351.625,0.8931211829185486,214888.241839587,0.10716336005141743,0.6275211829185485,0,0.0019561841860919194,1673312,0.8447,307678,0.1553152716571007
225868ef-20f4-4aed-868c-41d4f7c9f1aa,9,1,10,4256651.5,0.2683704197406769,10830141.10944219,0.7178557689368686,0.006470419740676858,10,0.02135885916373026,4721623,0.2681,11174424,0.7029687317859591
225868ef-20f4-4aed-868c-41d4f7c9f1aa,9,2,11,4302069.0,0.2674888074398041,11084513.273338951,0.7204012610744366,0.0055888074398040555,11,0.013050005858582847,4668138,0.2681,11594710,0.7129569187389564
225868ef-20f4-4aed-868c-41d4f7c9f1aa,9,3,12,4491611.0,0.2673717737197876,11411508.298696477,0.7175641510550599,0.005471773719787576,12,0.012922714858195627,4552563,0.2688,11918302,0.7235990338090926
22966b13-679a-46c8-a463-088c3650be75,9,1,10,818210.125,0.36006489396095276,1216487.2795572393,0.597871347765322,0.15816489396095276,0,0.05496246428692919,776314,0.3485,1211162,0.6093970442913524
22966b13-679a-46c8-a463-088c3650be75,9,2,11,834107.375,0.3221241533756256,1390048.587541405,0.6249780190563088,0.12022415337562561,0,0.08235991353871597,798216,0.3082,1390120,0.6352406577417727
22966b13-679a-46c8-a463-088c3650be75,9,3,12,847256.9375,0.29776597023010254,1571112.0746762822,0.649657710120278,0.09586597023010254,0,0.07569860814662166,795506,0.2724,1590325,0.666570683338426
22feb038-7ff3-48ea-8b3c-08798778052f,9,1,10,3351638.75,0.26035305857658386,8821491.517842315,0.7246691133459728,0.00565305857658388,10,0.007195161007576889,3158831,0.2588,8745214,0.7346422161542568
22feb038-7ff3-48ea-8b3c-08798778052f,9,2,11,3410478.5,0.26325342059135437,9011862.070074435,0.7254560458424492,0.008553420591354388,11,0.006318469758360368,3203777,0.2579,8867011,0.7345842707203539
22feb038-7ff3-48ea-8b3c-08798778052f,9,3,12,3579733.25,0.26279330253601074,9282608.401715096,0.72168883808784,0.00809330253601076,12,0.0029500854247305197,3457120,0.2575,9150134,0.725783267315785
23375f72-2e37-4dbd-81c2-559bcc6bd611,9,1,10,767437.4375,0.9705327749252319,23266.24352362007,0.029424731516995498,0.834132774925232,0,-0.012112611769595702,802189,0.9893,8796,0.0108460699026492
23375f72-2e37-4dbd-81c2-559bcc6bd611,9,2,11,759606.8125,0.9695608615875244,23829.981311700772,0.030417235314873805,0.8331608615875244,0,0.0007271073360510041,753511,0.9855,11044,0.0144450039565498
23375f72-2e37-4dbd-81c2-559bcc6bd611,9,3,12,746140.375,0.9671779274940491,25272.022862295504,0.03276071648877855,0.8307779274940491,0,0.004982276103953149,732900,0.9909,6777,0.0091621072441079
23c07c4e-e767-4831-83c4-bc1727c3d030,9,1,10,792446.875,0.943636417388916,47222.13519269228,0.05623898776716252,0.7415364173889161,0,-0.004666313980627883,735965,0.9332,52219,0.0662522964180952
23c07c4e-e767-4831-83c4-bc1727c3d030,9,2,11,802654.375,0.9419993758201599,49293.368066960364,0.0578596145926829,0.73989937582016,0,-0.0011692882191538037,788397,0.9265,61752,0.0726366789821549
23c07c4e-e767-4831-83c4-bc1727c3d030,9,3,12,806816.625,0.9416773915290833,49930.56793368363,0.058279231429648234,0.7395773915290833,0,0.0035991327870685333,779024,0.9219,65697,0.0777736080907187
23d9398c-688b-4332-a906-4bcc7ae1120a,9,1,10,1273952.125,0.368048757314682,1732118.3998263068,0.5762068406317213,0.210848757314682,0,0.13304454329939136,1203937,0.3908,1627148,0.574743605366847
23d9398c-688b-4332-a906-4bcc7ae1120a,9,2,11,1280965.0,0.33556750416755676,2001990.5234978965,0.6098134772672255,0.17836750416755676,0,0.11325196106110846,1244248,0.3573,2871396,0.6976784192218763
23d9398c-688b-4332-a906-4bcc7ae1120a,9,3,12,1283045.5,0.30595386028289795,2279966.5709403343,0.6398986378787697,0.14875386028289794,0,0.10171696511104777,1268721,0.3323,2764288,0.6854157776488969
23ed0dec-f3c5-4590-a37b-09962dae388a,9,1,10,2130593.25,0.11966145038604736,11129155.651803464,0.8393187332747895,0.0016614503860473695,10,0.020915040345297786,2238500,0.1242,11165744,0.8330006526291225
23ed0dec-f3c5-4590-a37b-09962dae388a,9,2,11,2236990.25,0.11983796209096909,11764374.215920778,0.840230553568917,0.001837962090969092,11,0.01648012784905517,2471797,0.1216,13637541,0.8465612305111483
23ed0dec-f3c5-4590-a37b-09962dae388a,9,3,12,2298653.75,0.11931607872247696,12385082.61406258,0.8434558008256131,0.0013160787224769654,12,0.009659005156817724,2063795,0.1214,13848578,0.8703024998219938
2413831b-7599-4bc5-9237-8f7e92932dfe,9,1,10,2421164.0,0.4513098895549774,2546854.336962551,0.5126499469645072,0.26670988955497743,0,0.15786972484377026,2868409,0.4283,2909602,0.5035646349582927
2413831b-7599-4bc5-9237-8f7e92932dfe,9,2,11,2426102.0,0.41799792647361755,2894270.899668368,0.5439977524599404,0.23339792647361757,0,0.14788377568075223,2610749,0.4147,3231258,0.5531075193850332
2413831b-7599-4bc5-9237-8f7e92932dfe,9,3,12,2438249.25,0.3741154670715332,3337541.883206824,0.5778501691341045,0.18951546707153322,0,0.09872196374033448,2785515,0.3726,3774798,0.5753990701358304
244aea99-3d90-4af3-b105-3230aab8081f,9,1,10,900396.0,0.2847001254558563,2441494.4355883,0.7305728546898049,0.0036001254558563067,10,-0.021922271186883058,832620,0.2813,2404485,0.742788695454735
244aea99-3d90-4af3-b105-3230aab8081f,9,2,11,930441.6875,0.2863016426563263,2406545.2721159155,0.7211731125233126,0.005201642656326277,11,-0.024784660851734586,962165,0.2819,2420285,0.7155419887951041
244aea99-3d90-4af3-b105-3230aab8081f,9,3,12,954855.9375,0.28492775559425354,2403644.707308244,0.7156898156395863,0.0038277555942535235,12,-0.024006363909198525,966860,0.2826,3387145,0.7779377837186682
2464ae84-13f8-4bc8-8145-4dbca3141391,9,1,10,3874504.5,0.2691260576248169,10418215.93468815,0.7289176320417873,0.0011260576248168785,10,-0.011294058496319037,4162277,0.2682,10641327,0.7188335354012442
2464ae84-13f8-4bc8-8145-4dbca3141391,9,2,11,3841291.0,0.2696779668331146,10414032.096498752,0.7305363776045554,0.001677966833114608,11,-0.0013919930678489845,4159160,0.2703,10833956,0.7225953564289105
2464ae84-13f8-4bc8-8145-4dbca3141391,9,3,12,3883368.0,0.26964542269706726,10442171.604009256,0.7289199494507578,0.0016454226970672448,12,0.0030225990145252846,4249811,0.2689,11028350,0.7218375300535189
24c3b0b2-e4d4-4f9b-a26f-0b64381c0a6a,9,1,10,838042.625,0.9936230778694153,5417.346004717052,0.006422765976984052,0.8897230778694153,0,0.004352048626372852,915360,0.9694,28352,0.0300430639856227
24c3b0b2-e4d4-4f9b-a26f-0b64381c0a6a,9,2,11,846697.625,0.9919019937515259,6900.432359614526,0.008083936344652931,0.8880019937515259,0,0.008083936344652931,832386,1.0,0,0.0
24c3b0b2-e4d4-4f9b-a26f-0b64381c0a6a,9,3,12,854499.375,0.9923149943351746,6619.862399238162,0.00768750959417832,0.8884149943351746,0,-0.006027484677801681,866808,1.0,0,0.0
2552857b-a5f0-4450-bca7-10440e83f3ca,9,1,10,739806.6875,0.9240700006484985,60772.75322283059,0.07591095915223582,0.6539700006484985,0,0.0022470289677602173,737894,0.9432,45319,0.0578629312843377
2552857b-a5f0-4450-bca7-10440e83f3ca,9,2,11,739962.3125,0.9261645674705505,59122.61991914234,0.07398790481526796,0.6560645674705505,0,0.018867927696725954,725551,0.9432,43823,0.0569592941794237
2552857b-a5f0-4450-bca7-10440e83f3ca,9,3,12,740206.6875,0.9280679225921631,57497.41761562647,0.07207862821176315,0.6579679225921631,0,-0.003355286164791152,730205,0.9758,18712,0.0249854122686492
258e847f-3c3f-485f-b8d9-381ab8bd8af4,9,1,10,1840776.875,0.36905205249786377,3224665.0958720595,0.63660093520268,0.09655205249786375,0,0.1275936751661053,1749070,0.3583,3220826,0.6480670822890459
258e847f-3c3f-485f-b8d9-381ab8bd8af4,9,2,11,1858207.875,0.34040093421936035,3352658.263068875,0.643397503262549,0.06790093421936033,0,-0.022058012665700177,1537799,0.3256,3209198,0.6760480362637684
258e847f-3c3f-485f-b8d9-381ab8bd8af4,9,3,12,1824590.5,0.3127000331878662,3558322.9030353986,0.661040339424535,0.04020003318786619,1,0.012529264826055542,1637572,0.2962,3411190,0.6756488026173545
25a848a9-7740-4a46-b999-0ba17238b3f3,9,1,10,868736.0,0.26763486862182617,1990323.8171319962,0.6961462664074466,0.0004348686218261788,5,0.07024029027426248,896416,0.2672,2011790,0.691763238230029
25a848a9-7740-4a46-b999-0ba17238b3f3,9,2,11,906272.75,0.2682466208934784,2119594.3259071885,0.7004915525814069,0.0010466208934784005,6,0.05310142705890919,887805,0.2672,2124823,0.7053054675187245
25a848a9-7740-4a46-b999-0ba17238b3f3,9,3,12,939035.0625,0.26782870292663574,2239440.6465768022,0.7045643420151398,0.0006287029266357491,7,0.01676748821898244,895137,0.2672,2213027,0.7120045789089636
25d71baf-21fc-4386-af42-1730316e1a57,9,1,10,635915.3125,0.9680237770080566,21576.51005217433,0.032816393013712586,0.8621237770080566,0,-0.06089565997411532,599895,0.9584,26600,0.0424584394129242
25d71baf-21fc-4386-af42-1730316e1a57,9,2,11,642905.125,0.9723767042160034,18355.172748079873,0.027757862993723292,0.8664767042160034,0,-0.4699361653988679,590197,0.9406,36649,0.05846571566222
25d71baf-21fc-4386-af42-1730316e1a57,9,3,12,657464.625,0.9752549529075623,16723.19272127794,0.024804946458097568,0.8693549529075623,0,-0.03733151001103803,622802,0.9597,26596,0.0409548535720775
260cd602-c361-4cc4-a596-2c0ea8652c91,9,1,10,1161559.25,0.43373483419418335,1643246.1587485224,0.585868151003646,0.18633483419418334,0,0.05087567683444494,1347833,0.4693,1638945,0.5487334512307243
260cd602-c361-4cc4-a596-2c0ea8652c91,9,2,11,1201792.5,0.39426591992378235,1723336.8747383123,0.589148941452371,0.14686591992378234,0,-0.02363748836442492,1418801,0.4543,1668508,0.5404408823347452
260cd602-c361-4cc4-a596-2c0ea8652c91,9,3,12,1212692.875,0.3596934378147125,1879959.1155286687,0.6078792962435137,0.11229343781471252,0,0.0011389728030954949,1496779,0.4623,1701993,0.532076997047617
26c95841-2be3-4c08-9dfd-0dca9909561a,9,1,10,1399641.0,0.9562985301017761,64020.20611858368,0.04373977109658863,0.6984985301017761,0,0.008730188581783233,1384359,0.9512,70702,0.0485904027391291
26c95841-2be3-4c08-9dfd-0dca9909561a,9,2,11,1399275.5,0.9566025137901306,63503.355227242224,0.043412820058420246,0.6988025137901306,0,0.007439084996144145,1333266,0.9634,51450,0.0371556333573093
26c95841-2be3-4c08-9dfd-0dca9909561a,9,3,12,1397106.625,0.9566267132759094,63351.45546446438,0.043377797905926156,0.6988267132759094,0,-0.0014146504205045443,1352106,0.9589,57655,0.0408970031090376
26e3e8d1-6c01-42cc-97e2-d26d9c62bbe2,9,1,10,1772832.75,0.9941741824150085,10592.721457645297,0.005939536934496937,0.8363741824150086,0,-0.029127357397676166,1787922,0.9871,23579,0.0130162776614531
26e3e8d1-6c01-42cc-97e2-d26d9c62bbe2,9,2,11,1764091.375,0.9832513332366943,29723.592541707214,0.016570043777949534,0.8254513332366944,0,-0.4493988857535059,1692452,0.9836,28206,0.016392566099713
26e3e8d1-6c01-42cc-97e2-d26d9c62bbe2,9,3,12,1764486.625,0.9882190227508545,21137.549753043335,0.011837625213584889,0.8304190227508546,0,-0.01324112388127681,1854092,0.9877,23130,0.0123213983215623
277388fe-1524-4e31-9a8d-0d904f350925,9,1,10,1381846.625,0.310143381357193,2503590.1294248365,0.6443523052006143,0.03874338135719302,1,0.07649316471473533,1552019,0.3157,2600049,0.6262057846836805
277388fe-1524-4e31-9a8d-0d904f350925,9,2,11,1383768.75,0.2878183424472809,2768505.6902510608,0.6667443903548118,0.01641834244728091,2,0.054381096316201916,1458063,0.2714,2956740,0.6697331681617503
277388fe-1524-4e31-9a8d-0d904f350925,9,3,12,1412010.25,0.28054749965667725,3007682.6459387424,0.6805184696661849,0.009147499656677271,3,0.06275441204336674,1520925,0.2714,3262427,0.682037826193849
27ad26d0-514f-4399-a80d-c5b6d6b9a9f9,9,1,10,1476100.125,0.8655229806900024,230842.19234101474,0.1352372543558523,0.6632229806900024,0,-0.0009477939680647973,1524303,0.8571,252265,0.1419956905674311
27ad26d0-514f-4399-a80d-c5b6d6b9a9f9,9,2,11,1462355.0,0.8741763234138489,213044.29592569498,0.12716031124268995,0.6718763234138488,0,0.007611171119312352,1487790,0.878,212315,0.1248834630802215
27ad26d0-514f-4399-a80d-c5b6d6b9a9f9,9,3,12,1451126.125,0.8803364038467407,199140.61717985198,0.12067177510758374,0.6780364038467407,0,-0.018436628939130464,1469807,0.8719,215467,0.1278528001974753
281f9ef8-1a78-4367-a00b-c765c2186097,9,1,10,2250369.0,0.8914157152175903,273600.47387194633,0.10840086486950415,0.7464157152175903,0,0.0065117009452980434,2243303,0.8887,279764,0.1108825092635272
281f9ef8-1a78-4367-a00b-c765c2186097,9,2,11,2251105.0,0.8906427621841431,276094.8169212104,0.10924930235930691,0.745642762184143,0,0.00546146710109191,2108555,0.8924,257068,0.1086682028370539
281f9ef8-1a78-4367-a00b-c765c2186097,9,3,12,2248392.75,0.8891182541847229,279919.5887091849,0.11071400650288968,0.7441182541847229,0,0.0034996251101699766,2111356,0.8927,254184,0.1074528437481505
2844990a-2afe-48f6-9526-3055acdbaf80,9,1,10,1277115.125,0.8837386965751648,168374.16834334284,0.11648247352555756,0.6868386965751648,0,0.0030856639100709654,1252241,0.8726,181269,0.1264511583455992
2844990a-2afe-48f6-9526-3055acdbaf80,9,2,11,1277115.125,0.8853216171264648,165766.37462162366,0.11488564699533099,0.6884216171264649,0,0.001874653807391588,1321317,0.8697,195828,0.1290766538465341
2844990a-2afe-48f6-9526-3055acdbaf80,9,3,12,1276959.5,0.8865854740142822,163626.07119754143,0.11358302794989196,0.6896854740142823,0,-0.0042898002154897336,1312260,0.8667,201102,0.1328842669500093
288b1914-13e0-4d0f-a02c-c93218514c06,9,1,10,982720.4375,0.9581046104431152,42920.92323169112,0.04184788647863362,0.6831046104431152,0,-0.000267134903389081,1023912,0.9644,37896,0.0356900682609285
288b1914-13e0-4d0f-a02c-c93218514c06,9,2,11,997125.0,0.9548674821853638,46939.89115829405,0.04495878709820283,0.6798674821853637,0,0.004638125817947328,993799,0.9618,39419,0.0381516775743357
288b1914-13e0-4d0f-a02c-c93218514c06,9,3,12,1007146.8125,0.9539863467216492,48502.38010745251,0.045945547485951914,0.6789863467216491,0,0.005034608478109312,906774,0.9655,32689,0.0347954097181049
2891eb26-92c3-4f59-93b5-19380a65520c,9,1,10,2186245.25,0.2738,4899713.70115,0.6914679770131623,0.0,5,0.05035155403164471,2051508,0.2738,4801868,0.7006573110828882
2891eb26-92c3-4f59-93b5-19380a65520c,9,2,11,2278260.0,0.2738,5212644.501775131,0.6958631631920928,0.0,6,0.038157447620636886,2066506,0.2738,4987813,0.7070580448658474
2891eb26-92c3-4f59-93b5-19380a65520c,9,3,12,2317045.25,0.2738,5468060.6977391,0.7023746027922843,0.0,7,0.02629475776485457,2041962,0.2738,5105023,0.7142904315596017
289ade07-b2f0-4825-aca1-15459cb5263d,9,1,10,1182865.75,0.3247361183166504,2175477.896150708,0.6477829922629311,0.13203611831665038,0,0.08329966860792526,1152903,0.3122,2195413,0.6556767640808095
289ade07-b2f0-4825-aca1-15459cb5263d,9,2,11,1204555.0,0.30202701687812805,2359171.64357637,0.6619956802323167,0.10932701687812804,0,0.02634669617718355,1181593,0.262,2492142,0.6783673836027911
289ade07-b2f0-4825-aca1-15459cb5263d,9,3,12,1213240.625,0.30187973380088806,2493973.4039115086,0.6727352088284406,0.10917973380088805,0,0.03469864668167877,1131969,0.2286,2795690,0.7117954995583884
293ce9b5-7fa2-42c9-9fa9-93b9dc8ded9d,9,1,10,2022612.0,0.9366139769554138,137432.18067276478,0.06362470818997801,0.7956139769554138,0,-0.007299104687795599,1899915,0.9357,131526,0.0647451734999933
293ce9b5-7fa2-42c9-9fa9-93b9dc8ded9d,9,2,11,2037217.5,0.9402494430541992,129936.52958220546,0.05995721938013574,0.7992494430541992,0,-0.01400583375264796,2050620,0.9372,137119,0.0626761236143799
293ce9b5-7fa2-42c9-9fa9-93b9dc8ded9d,9,3,12,2028477.5,0.9458906054496765,116790.4763296172,0.054440973164311346,0.8048906054496765,0,-0.012940773411887152,2137818,0.9328,152981,0.0667806298151867
2972fff1-726b-413b-86e2-8c628f5d9b75,9,1,10,1210915.125,0.28710705041885376,2327420.910721414,0.6577727178043132,0.16660705041885376,0,0.1255782025640828,1140936,0.2384,2432986,0.6807608000398442
2972fff1-726b-413b-86e2-8c628f5d9b75,9,2,11,1235950.875,0.28780707716941833,2537808.167204963,0.672488131548047,0.16730707716941834,0,0.0663001531334465,1215932,0.1706,3209223,0.7252227323110716
2972fff1-726b-413b-86e2-8c628f5d9b75,9,3,12,1269190.75,0.2905743718147278,2700782.598338782,0.6803024507630291,0.1700743718147278,0,0.04583332716474664,1220422,0.1456,3784515,0.7561563711990781
29dc4efd-69bd-46e2-826b-bf01d379a6f2,9,1,10,3402688.75,0.1940741389989853,11539102.821527805,0.772270364386292,0.005474138998985301,10,0.013935550522083506,3296666,0.1946,11446562,0.7763945589120645
29dc4efd-69bd-46e2-826b-bf01d379a6f2,9,2,11,3597036.75,0.19583915174007416,12171890.83722043,0.7718908448209797,0.007239151740074168,11,0.014387184320780344,3246071,0.195,11921602,0.7859875407387804
29dc4efd-69bd-46e2-826b-bf01d379a6f2,9,3,12,3747043.25,0.19645266234874725,12791617.104031753,0.7734373177881633,0.007852662348747264,12,0.007327322859237317,3485821,0.191,12465230,0.7814676286847807
2a7e59c9-9b6b-4efa-9a17-134a4b5d704c,9,1,10,2919583.0,0.11544469743967056,14381053.2275948,0.8312441830697985,0.0013446974396705696,10,0.01817523917135655,2632170,0.1154,15970534,0.8585060537435848
2a7e59c9-9b6b-4efa-9a17-134a4b5d704c,9,2,11,3037933.25,0.11589016020298004,15400297.344132796,0.8352372677795505,0.0017901602029800484,11,0.021709509996110987,2673018,0.1153,16494294,0.8605428867647169
2a7e59c9-9b6b-4efa-9a17-134a4b5d704c,9,3,12,3225381.75,0.11609597504138947,16463312.718891425,0.8361810248467121,0.0019959750413894722,12,0.012330810539088688,2728973,0.1166,16981440,0.8615466352734465
2afa22ef-d07b-4b60-8759-b39c2c3fe41a,9,1,10,950868.375,0.534603476524353,975447.5525059551,0.5063798406987629,0.394103476524353,0,-0.07750962346527046,823417,0.5599,1691924,0.6726419996334493
2afa22ef-d07b-4b60-8759-b39c2c3fe41a,9,2,11,972153.5,0.49228671193122864,988822.9342139983,0.5042502892750671,0.3517867119312286,0,-0.173713940896006,747488,0.4958,1229974,0.6219962760346343
2afa22ef-d07b-4b60-8759-b39c2c3fe41a,9,3,12,983080.5625,0.45708176493644714,1070582.3661516123,0.5213038377503031,0.31658176493644713,0,-0.03157117450140956,729801,0.4234,1129996,0.6075910435386228
2b17fb5c-e62e-4d4b-accc-7cf4b95bec29,9,1,10,1610072.0,0.4655584990978241,1618676.3348199427,0.5013324567181577,0.31665849909782406,0,0.11324426650641883,1826213,0.4494,1786644,0.4945238629704968
2b17fb5c-e62e-4d4b-accc-7cf4b95bec29,9,2,11,1636643.5,0.433592826128006,1843836.5076898101,0.5297650047165959,0.28469282612800595,0,0.11151753293109251,1552967,0.4037,1991529,0.561865212995021
2b17fb5c-e62e-4d4b-accc-7cf4b95bec29,9,3,12,1662644.875,0.3895606994628906,2140494.042595564,0.5628229967336654,0.24066069946289062,0,0.09054758383269912,1630295,0.3413,2385538,0.5940331682119252
2b1e608d-ad87-44dd-bf1a-4f274a53ecea,9,1,10,2491309.0,0.9286473989486694,191857.58297848701,0.07150416384714839,0.6652473989486694,0,0.012267058409206687,2331338,0.9127,220859,0.086536815143972
2b1e608d-ad87-44dd-bf1a-4f274a53ecea,9,2,11,2501349.5,0.9293628334999084,190240.5171395773,0.07067960422209875,0.6659628334999084,0,0.007819828901031653,2304095,0.907,234753,0.0924643775444611
2b1e608d-ad87-44dd-bf1a-4f274a53ecea,9,3,12,2485969.5,0.9299619197845459,187436.61185382353,0.07011153712215056,0.6665619197845458,0,-0.004049752994570041,2487583,0.9115,240801,0.0882577379137247
2b4b33fc-fcb2-4d5d-a76e-9cac9eb943d5,9,1,10,1392753.125,0.9497995972633362,73237.22322636098,0.049957507097483665,0.8124995972633362,0,0.024633806864527864,1406760,0.9537,68258,0.0462760454448691
2b4b33fc-fcb2-4d5d-a76e-9cac9eb943d5,9,2,11,1389917.625,0.949500560760498,73888.49935598974,0.05047697104594191,0.8122005607604981,0,0.05047697104594191,1367550,0.9474,75548,0.0523512609677236
2b4b33fc-fcb2-4d5d-a76e-9cac9eb943d5,9,3,12,1391241.875,0.9496663808822632,73745.31422066153,0.05033853863247247,0.8123663808822632,0,0.004501717273001672,1434166,0.9435,85358,0.0561741703322882
2b8e401e-791a-422e-9397-f562b568c5a9,9,1,10,1650549.875,0.2101813107728958,5440684.107843423,0.7672408104155989,0.004581310772895808,10,0.017491576803672193,1615425,0.2095,5417452,0.7703038173424617
2b8e401e-791a-422e-9397-f562b568c5a9,9,2,11,1727914.375,0.21094898879528046,5656389.881808221,0.7660017362628458,0.005348988795280452,11,0.018475323096015406,1537198,0.2069,6954650,0.8189795672272985
2b8e401e-791a-422e-9397-f562b568c5a9,9,3,12,1726746.5,0.21162746846675873,5820661.919981323,0.7712133219889705,0.006027468466758723,12,0.004021614029513287,1658384,0.2072,6828671,0.8045984148800732
2b967f0d-a201-475b-ac63-877ff97ca908,9,1,10,1771740.375,0.5131722092628479,1540724.4585523382,0.4651293027917346,0.3698722092628479,0,0.10495250730281169,1945334,0.5138,1623243,0.4548712273827915
2b967f0d-a201-475b-ac63-877ff97ca908,9,2,11,1739741.75,0.4789953827857971,1709138.0412709385,0.49556323928619966,0.33569538278579714,0,0.11368148501407566,1748027,0.4924,1711190,0.4946755291732204
2b967f0d-a201-475b-ac63-877ff97ca908,9,3,12,1719443.125,0.4436129033565521,1907618.320707894,0.525940447732223,0.30031290335655214,0,0.09446702541892782,1982486,0.4635,1981526,0.499878910558293
2c37a66c-7113-4974-b0ad-182e95b37bdf,9,1,10,2654903.75,0.15883366763591766,11834283.961939123,0.8167665570505134,0.006133667635917661,10,0.0252871205428572,2907705,0.1584,12134776,0.8067004372483502
2c37a66c-7113-4974-b0ad-182e95b37bdf,9,2,11,2662235.0,0.15835002064704895,12200994.885005726,0.820884490074011,0.005650020647048948,11,0.014901794282499492,2989968,0.156,12766017,0.810232873412865
2c37a66c-7113-4974-b0ad-182e95b37bdf,9,3,12,2672824.5,0.15808454155921936,12522498.466292465,0.8241021592019411,0.005384541559219358,12,0.015591199885629736,2963308,0.1544,13300233,0.8177944151276773
2c4fc295-d31e-4f39-afd4-f6202ac8bf49,9,1,10,1019967.25,0.9771924018859863,23830.61582171917,0.02283068073046764,0.8270924018859863,0,-0.0035273471714840597,940751,0.9797,19636,0.0204459244033915
2c4fc295-d31e-4f39-afd4-f6202ac8bf49,9,2,11,1020190.75,0.9757956266403198,25269.882933832123,0.02417105162814052,0.8256956266403198,0,0.0052596751217185225,934782,0.9837,15592,0.0164061727277892
2c4fc295-d31e-4f39-afd4-f6202ac8bf49,9,3,12,1025134.9375,0.9757765531539917,25444.42533456988,0.024219422382254142,0.8256765531539917,0,0.0001288098513024423,882876,0.9696,27325,0.0300208415503828
2c5d8cb5-b597-4505-9c82-a2b386d9e599,9,1,10,1727336.125,0.4130575954914093,2088780.7684703432,0.5473576483058998,0.2975575954914093,0,0.12670732874277674,1836043,0.447,2028188,0.5248619971218077
2c5d8cb5-b597-4505-9c82-a2b386d9e599,9,2,11,1733439.375,0.365429550409317,2425467.95487654,0.5831983649774042,0.24992955040931703,0,0.12262479892153177,1938102,0.4326,2250365,0.5372765262326288
2c5d8cb5-b597-4505-9c82-a2b386d9e599,9,3,12,1741260.5,0.322842001914978,2821533.499068095,0.6183784540008523,0.20734200191497804,0,0.10247700473202215,1732437,0.4037,2374878,0.5782069308051611
2c9fd594-6eae-41b0-b94e-90dc63ec2ca8,9,1,10,2953066.0,0.4040684103965759,3857164.2340502143,0.5663779492747432,0.10456841039657594,0,0.007084855923816802,2569684,0.3937,3691963,0.589615320058764
2c9fd594-6eae-41b0-b94e-90dc63ec2ca8,9,2,11,2969462.0,0.3647115230560303,4336876.982895508,0.5935773022642867,0.06521152305603028,0,0.0465626648325248,2738080,0.3646,4085591,0.5987379813593006
2c9fd594-6eae-41b0-b94e-90dc63ec2ca8,9,3,12,2934478.5,0.3238600194454193,4916454.154810413,0.6262254907763105,0.024360019445419323,1,0.08361719973320503,2898505,0.3457,4569752,0.6118900300297646
2d9985d8-a36b-4be3-a981-eea9a9027911,9,1,10,2320879.75,0.17129294574260712,8781572.265278365,0.7909579121075075,0.004392945742607124,10,0.02198754543338921,2060160,0.1689,10335995,0.8338065311380828
2d9985d8-a36b-4be3-a981-eea9a9027911,9,2,11,2358727.25,0.1715564727783203,9229109.024743177,0.7964479999479215,0.00465647277832032,11,0.01908313951978846,2228752,0.1692,10438855,0.8240589560443421
2d9985d8-a36b-4be3-a981-eea9a9027911,9,3,12,2411169.0,0.17161206901073456,9642665.829056814,0.799966646781349,0.004712069010734565,12,0.019568220735664,2157961,0.1685,10474044,0.8291671828818941
2e9be6be-8627-463e-87f1-f2a7886b2fd5,9,1,10,4293493.0,0.25671103596687317,11898531.085216165,0.7348390184325321,0.007511035966873164,10,-0.03341336608356449,4229224,0.262,11766804,0.7356078646523999
2e9be6be-8627-463e-87f1-f2a7886b2fd5,9,2,11,4346505.0,0.25633469223976135,12080869.75988846,0.7354108575757901,0.007134692239761348,11,-0.02260302160392791,4079972,0.2515,11861695,0.7440686723665725
2e9be6be-8627-463e-87f1-f2a7886b2fd5,9,3,12,4401100.0,0.25896668434143066,12213688.69975442,0.7351094811055255,0.00976668434143066,12,-0.01238707061509181,4703781,0.2616,12231185,0.7222444379280124
2ea40e8b-b5ea-422c-8267-7953b316c286,9,1,10,1916603.375,0.6391541361808777,1083640.832580261,0.36118420955280583,0.4443541361808777,0,-0.1759625090640211,2080611,0.6197,1204518,0.3666577476866205
2ea40e8b-b5ea-422c-8267-7953b316c286,9,2,11,1896970.875,0.6116158366203308,1157622.384408207,0.37897758755366445,0.41681583662033084,0,-0.04529804418188865,1989816,0.5906,1307770,0.3965840466329005
2ea40e8b-b5ea-422c-8267-7953b316c286,9,3,12,1884856.375,0.5801564455032349,1277365.0968308498,0.40394548838835326,0.3853564455032349,0,0.04098717774435484,2042664,0.5189,1611909,0.4410663024107057
2fa2b27f-610a-46e0-ba88-64f0f2928518,9,1,10,2472144.5,0.2639601230621338,6374422.199448943,0.7205532288414226,0.00396012306213378,10,0.019651370100084442,2450447,0.261,6384245,0.7226335677576535
2fa2b27f-610a-46e0-ba88-64f0f2928518,9,2,11,2522814.0,0.2639601230621338,6548720.637329528,0.7218977713408518,0.00396012306213378,11,0.020213945243304776,2479866,0.2628,6534749,0.724906055333478
2fa2b27f-610a-46e0-ba88-64f0f2928518,9,3,12,2606969.0,0.2639118432998657,6739394.708460413,0.7210713084447861,0.003911843299865714,12,0.003397161055152975,2631397,0.2636,6782948,0.7204906979720841
2faed27d-c1f2-4ba8-96a1-4db7b917c5f0,9,1,10,3497436.5,0.2606949806213379,8870351.293007135,0.7172140597385182,0.006894980621337865,10,0.012318607348132282,3816357,0.2548,9178891,0.7063267280470523
2faed27d-c1f2-4ba8-96a1-4db7b917c5f0,9,2,11,3545977.5,0.2630181908607483,9150608.45673818,0.7207140949478532,0.009218190860748265,11,0.01610931901325441,3648864,0.254,9569564,0.7239562828499728
2faed27d-c1f2-4ba8-96a1-4db7b917c5f0,9,3,12,3482665.0,0.2626572549343109,9315052.529756837,0.7278682708926635,0.008857254934310888,12,0.012744004405013554,3766953,0.2566,9914824,0.7246737028384543
3034782d-9ea3-46f9-bcae-a3af8e14654d,9,1,10,1913736.375,0.24105215072631836,5635037.034840524,0.7464837966251222,0.0034521507263183537,10,0.004464197917872448,2006687,0.2512,7517752,0.789311790437211
3034782d-9ea3-46f9-bcae-a3af8e14654d,9,2,11,1965341.625,0.2438012659549713,5747396.720834256,0.7451823805145024,0.006201265954971308,11,-0.006746099633003211,1857991,0.2404,7148066,0.7936953985523298
3034782d-9ea3-46f9-bcae-a3af8e14654d,9,3,12,2005828.0,0.24268728494644165,5871615.663755357,0.7453706956701007,0.005087284946441645,12,-0.003922813588547958,1963255,0.2429,6897870,0.7784417892761923
304a250f-a0ff-42b4-ad55-e713bc0b6f65,9,1,10,1179863.0,0.9002705812454224,129798.13769733906,0.09910818452286949,0.6472705812454224,0,0.03347052957062349,1270222,0.9089,126854,0.0907996415370387
304a250f-a0ff-42b4-ad55-e713bc0b6f65,9,2,11,1179863.0,0.9011915326118469,129405.60981369903,0.09883809085754577,0.6481915326118469,0,0.019220419465500876,1150071,0.8918,138146,0.1072381438841437
304a250f-a0ff-42b4-ad55-e713bc0b6f65,9,3,12,1181147.5,0.9013670086860657,129263.77349670418,0.09864366715327201,0.6483670086860657,0,0.005556271067320012,1281993,0.8997,142400,0.0999724092999614
3050991f-0bf4-47ad-bede-18133498fbb0,9,1,10,2471387.25,0.9771484732627869,57826.662479415536,0.022863492168097178,0.8609484732627869,0,0.012158995081665678,2732204,0.9926,2791355,0.5053544281866094
3050991f-0bf4-47ad-bede-18133498fbb0,9,2,11,2459815.25,0.9764829874038696,59207.41656832397,0.023504122195526927,0.8602829874038697,0,0.018364284354679128,2714681,0.9835,90906,0.0324017754573285
3050991f-0bf4-47ad-bede-18133498fbb0,9,3,12,2442988.25,0.9753883481025696,61583.168724838644,0.02458830611274511,0.8591883481025696,0,0.0015253294599589101,2826241,0.9753,2917147,0.50791396994248
30d37193-8501-4ce8-95a8-c3c5fef8ba80,9,1,10,521826.34375,0.9417592287063599,32154.22568454221,0.05804215428956759,0.8090592287063598,0,0.02714651327500759,484426,0.9332,34397,0.0662981402135217
30d37193-8501-4ce8-95a8-c3c5fef8ba80,9,2,11,518651.75,0.9400483965873718,33021.70141154539,0.059857332860687874,0.8073483965873718,0,0.013638716067784974,541383,0.9539,26549,0.0467467936302233
30d37193-8501-4ce8-95a8-c3c5fef8ba80,9,3,12,518205.40625,0.9409860372543335,32530.09599593992,0.05906664063471447,0.8082860372543335,0,0.004010137909631374,512862,0.9525,25602,0.0475463540738099
319338aa-3114-446f-960b-216d920deeed,9,1,10,795655.1875,0.3974798023700714,1159688.8129567895,0.593086849518997,0.2031798023700714,0,0.10108864950511415,711966,0.3776,1145905,0.6167839424803983
319338aa-3114-446f-960b-216d920deeed,9,2,11,815879.375,0.36122703552246094,1261939.5479486785,0.6073385577593221,0.16692703552246094,0,-0.03083630627491407,764405,0.3462,1248945,0.6203317853329029
319338aa-3114-446f-960b-216d920deeed,9,3,12,821169.0,0.3263241946697235,1403339.8286297088,0.6308537914386081,0.1320241946697235,0,0.03679170265721732,733130,0.3207,1982075,0.7299909214957987
31d097bc-daf0-4b4c-834d-d577aa346680,9,1,10,3882176.5,0.2116704285144806,13981147.535544053,0.7826733427510283,0.004070428514480584,10,-0.015902819052803996,3533504,0.2086,13759355,0.7956668703538264
31d097bc-daf0-4b4c-834d-d577aa346680,9,2,11,4017138.5,0.21288366615772247,14166744.919742094,0.7790824760986631,0.005283666157722466,11,-0.006687251199548161,3780308,0.208,13891285,0.7860799532900061
31d097bc-daf0-4b4c-834d-d577aa346680,9,3,12,4361360.0,0.21408535540103912,14561508.993091365,0.7695190934528845,0.006485355401039117,12,-0.01913810532791438,3989116,0.2079,17880401,0.8175946912773611
31fe12d8-75ef-4384-a8a8-11c8a3e3b8ee,9,1,10,1188327.5,0.32150283455848694,2087329.697510019,0.6372247068761335,0.19500283455848694,0,0.054516664321622166,1281705,0.3209,2152491,0.6267816397200393
31fe12d8-75ef-4384-a8a8-11c8a3e3b8ee,9,2,11,1210397.125,0.3041728734970093,2294647.7788989847,0.654670009033675,0.17767287349700928,0,0.03984835528523856,1279210,0.2941,2422545,0.6544314791227405
31fe12d8-75ef-4384-a8a8-11c8a3e3b8ee,9,3,12,1223801.625,0.29919058084487915,2465762.4830731284,0.6683072609248876,0.17269058084487915,0,0.04880289093252932,1158493,0.2687,2618739,0.6932957784959992
3214f31d-7820-44f5-994f-0b4f84ad4a9b,9,1,10,2177816.0,0.39114224910736084,2810101.9711641073,0.5633817531502568,0.15424224910736084,0,0.12173201001645395,2256704,0.3887,2869713,0.5597892251059561
3214f31d-7820-44f5-994f-0b4f84ad4a9b,9,2,11,2194188.0,0.36511048674583435,3177171.223975083,0.5915022793101915,0.12821048674583435,0,0.1123390758437035,2095598,0.3539,3207843,0.6048606932744232
3214f31d-7820-44f5-994f-0b4f84ad4a9b,9,3,12,2208182.25,0.32761242985725403,3621044.7367259017,0.6211878084301073,0.09071242985725403,0,0.08832664761061793,1984120,0.2987,3640899,0.6472687470033435
3238c7ea-dc43-4838-9696-4b298d954bfb,9,1,10,1024283.9375,0.5994077920913696,637304.1214858666,0.3835512165842349,0.43070779209136967,0,0.030925705573129125,965895,0.6334,561748,0.367722039769763
3238c7ea-dc43-4838-9696-4b298d954bfb,9,2,11,1028759.3125,0.558637261390686,735338.3199208401,0.4168353873429036,0.3899372613906861,0,0.06521600020698132,943296,0.5966,607182,0.3916095552468335
3238c7ea-dc43-4838-9696-4b298d954bfb,9,3,12,1034193.375,0.5177209377288818,853408.0864854452,0.45211243151605585,0.3490209377288819,0,0.09244235596020972,905635,0.5532,675876,0.4273609225607662
323e1830-b7e4-492a-b79c-0cbdbbf725ad,9,1,10,2446196.25,0.23632857203483582,7666451.835974462,0.7581052728026101,0.0025285720348358076,10,0.00441709845180116,2584034,0.2343,10176778,0.7975023846444882
323e1830-b7e4-492a-b79c-0cbdbbf725ad,9,2,11,2467449.25,0.2360963374376297,7741324.155620674,0.7583011051414376,0.002296337437629692,11,-0.006358589923173286,2525796,0.234,9730050,0.7939109221835848
323e1830-b7e4-492a-b79c-0cbdbbf725ad,9,3,12,2530213.0,0.23591652512550354,7848311.802169146,0.7562068744614671,0.0021165251255035322,12,-0.00028296209913702963,2594769,0.24,9367249,0.7830826704992419
32408476-599a-4583-8f2e-5cdfb6c3b349,9,1,10,2494852.0,0.19092980027198792,9504544.080602825,0.7920852030184286,0.0031298002719879203,10,0.004687773603636702,2581198,0.1883,9605763,0.7882000278822587
32408476-599a-4583-8f2e-5cdfb6c3b349,9,2,11,2480525.75,0.19181258976459503,9686182.54788538,0.7961218688516495,0.004012589764595037,11,-0.00035910532819916074,2726499,0.189,10000950,0.7857780455454978
32408476-599a-4583-8f2e-5cdfb6c3b349,9,3,12,2510783.25,0.19306039810180664,9842214.72531151,0.7967470524144821,0.005260398101806646,12,0.003537901647838959,2662771,0.1885,10285474,0.794352748190971
32b7ab66-2c60-456b-9e6e-e31636e63d4c,9,1,10,1643178.375,0.9038885235786438,174993.66117531806,0.09624703146542302,0.6194885235786438,0,-0.012622676667511379,1658355,0.8893,203156,0.1091349983964639
32b7ab66-2c60-456b-9e6e-e31636e63d4c,9,2,11,1653829.5,0.9032633304595947,176914.26179045602,0.09663518482643085,0.6188633304595947,0,-0.00949175090332914,1644722,0.8891,205007,0.1108308298134483
32b7ab66-2c60-456b-9e6e-e31636e63d4c,9,3,12,1644679.375,0.9032633304595947,176214.90167910326,0.0967738236843048,0.6188633304595947,0,-3.091868929169794e-05,1724630,0.9015,190074,0.0992706966716526
32f44e1d-c5f5-486b-9bce-4af5b698d477,9,1,10,2516838.75,0.15874430537223816,10959349.829464637,0.8132380876715228,0.005144305372238173,10,0.011780947227303606,2419579,0.1572,10897891,0.8183154157659075
32f44e1d-c5f5-486b-9bce-4af5b698d477,9,2,11,2558385.75,0.15934450924396515,11363758.637465157,0.8162362292188658,0.005744509243965162,11,0.006271512207320362,2852527,0.1579,11578909,0.8023393513992648
32f44e1d-c5f5-486b-9bce-4af5b698d477,9,3,12,2616683.25,0.1586187332868576,11762881.904484909,0.8180276509137782,0.0050187332868576184,12,0.010267024307705097,2662039,0.1573,12000327,0.8184441037687915
32f6bff4-b9b1-4936-88c4-38939f686bd6,9,1,10,1411025.625,0.8648706078529358,507777.6931383833,0.2646324864765335,0.6909706078529358,0,0.13838043028055128,1250881,0.8974,369113,0.2278483747470669
32f6bff4-b9b1-4936-88c4-38939f686bd6,9,2,11,1507875.0,0.8579510450363159,286321.35863004276,0.1595819528073634,0.684051045036316,0,-0.37574077319237287,1321624,0.9055,1690737,0.5612663953623088
32f6bff4-b9b1-4936-88c4-38939f686bd6,9,3,12,1521023.5,0.8433597087860107,283103.02497991617,0.1569197176916778,0.6694597087860108,0,-0.47499289393430855,1331082,0.9005,300724,0.1842890637735122
34116726-907f-46bc-9f08-574aa1bf1a5f,9,1,10,1314393.625,0.4852482080459595,1506095.6029890627,0.5339838167234805,0.33814820804595946,0,0.14856616982713927,1423191,0.4872,1556224,0.5223253558164942
34116726-907f-46bc-9f08-574aa1bf1a5f,9,2,11,1349757.75,0.4527769982814789,1562788.644290578,0.5365712447891267,0.3056769982814789,0,-0.08568141026237652,1350326,0.4547,1584988,0.5399722142162644
34116726-907f-46bc-9f08-574aa1bf1a5f,9,3,12,1390239.25,0.43398037552833557,1671471.7397807029,0.5459273410716089,0.28688037552833556,0,-0.013909655666241472,1378036,0.4337,1677857,0.5490562005934109
3460c3a6-297a-4635-a4fa-7759a0bb16f1,9,1,10,2237122.5,0.25410032272338867,6004762.790709734,0.7285666542190671,0.005600322723388673,10,0.02260046899171042,2135260,0.2498,5963321,0.7363414652517521
3460c3a6-297a-4635-a4fa-7759a0bb16f1,9,2,11,2305105.5,0.2568441927433014,6175526.877779234,0.7281917907395932,0.008344192743301393,11,0.007928142545592154,2241945,0.2643,6166257,0.7333621385404394
3460c3a6-297a-4635-a4fa-7759a0bb16f1,9,3,12,2303670.75,0.25513046979904175,6315895.953484998,0.7327393789912204,0.006630469799041749,12,0.009754341415086576,2294895,0.2495,6358556,0.7348000237130828
34ab7d63-63e3-4ace-b092-c5896cf35b3f,9,1,10,2015852.375,0.26374346017837524,5650709.582447447,0.7370591425219277,0.009643460178375252,10,-0.008555892951721655,2159754,0.257,5809651,0.7289943226627333
34ab7d63-63e3-4ace-b092-c5896cf35b3f,9,2,11,2039559.75,0.2642573416233063,5658059.202287646,0.7350401776650862,0.010157341623306282,11,-0.0014992615400450937,2383939,0.2629,6039233,0.7169784731927592
34ab7d63-63e3-4ace-b092-c5896cf35b3f,9,3,12,2050321.25,0.2639879286289215,5673461.063604562,0.7345444023728384,0.009887928628921516,12,-0.004987052040533513,2495929,0.2545,6363293,0.7182676989017771
34b7c62e-baef-419d-8b48-e9ee6ad09825,9,1,10,2430786.0,0.11587486416101456,12675637.531388618,0.8390892460449534,0.0019748641610145556,10,0.02303843322793364,2241503,0.1143,14147644,0.8632324793962737
34b7c62e-baef-419d-8b48-e9ee6ad09825,9,2,11,2452909.75,0.11612343788146973,13371768.360921409,0.8449946512146036,0.0022234378814697253,11,0.007613598403486854,2180648,0.1193,14379942,0.8683230488768818
34b7c62e-baef-419d-8b48-e9ee6ad09825,9,3,12,2510850.25,0.11567457765340805,14045403.411072917,0.848344299296192,0.0017745776534080493,12,0.014928414014747093,2329937,0.1187,14806624,0.8640370725491539
34e3a08a-82e4-43f8-be66-c7036c083ccc,9,1,10,3326547.5,0.14590038359165192,14474651.254521199,0.8131278940326918,0.006900383591651904,10,0.023180454780564297,3337399,0.1479,14449917,0.812371973376984
34e3a08a-82e4-43f8-be66-c7036c083ccc,9,2,11,3402496.75,0.14698411524295807,15249491.222009238,0.8175799408027672,0.007984115242958056,11,0.019227047576391043,3564628,0.1569,15188147,0.8099146393000503
34e3a08a-82e4-43f8-be66-c7036c083ccc,9,3,12,3648789.0,0.14683155715465546,16123416.309466593,0.8154586732794534,0.007831557154655444,12,0.011187972354230524,3663623,0.1448,16121888,0.814833036154588
35301213-1119-45a7-802c-cbbf029bab89,9,1,10,1495871.25,0.2969416081905365,3034644.1560762003,0.6698231622844104,0.009241608190536488,4,0.08922717502871225,1679755,0.2877,3205515,0.6561592296843368
35301213-1119-45a7-802c-cbbf029bab89,9,2,11,1515978.75,0.2965562641620636,3201107.177439929,0.6786196449843439,0.008856264162063587,5,0.06640110818471112,1517572,0.2877,3364255,0.6891385131017548
35301213-1119-45a7-802c-cbbf029bab89,9,3,12,1542386.125,0.2911756634712219,3362303.492930685,0.6855282912579612,0.0034756634712219125,6,0.027801315221067546,1609563,0.2877,3542851,0.6876099242025194
3546bb21-1fb8-492e-b4a1-974b41e2acd8,9,1,10,904989.5,0.9918290376663208,7394.635116875172,0.008104738818072423,0.7877290376663209,0,0.008104738818072423,890764,0.9765,20939,0.0229669091798535
3546bb21-1fb8-492e-b4a1-974b41e2acd8,9,2,11,904482.9375,0.9856221675872803,13110.822920003091,0.014288265118544372,0.7815221675872803,0,0.014288265118544372,886504,0.9664,30455,0.0332130444218334
3546bb21-1fb8-492e-b4a1-974b41e2acd8,9,3,12,894199.875,0.9855988025665283,13066.36049424694,0.014401903193420223,0.7814988025665284,0,0.014401903193420223,902250,0.9854,13637,0.0148893913768838
35eb9881-f996-498c-9f33-37f29b9c4d88,9,1,10,627841.375,0.9696133732795715,19764.111533112824,0.030518752456712334,0.8684133732795716,0,-0.026954365901692864,647233,0.9638,602028,0.4819073035978871
35eb9881-f996-498c-9f33-37f29b9c4d88,9,2,11,629307.5625,0.9737207889556885,17057.091504800715,0.026389270203927378,0.8725207889556885,0,-0.01421498387643302,616991,0.97,36576,0.0559636578958239
35eb9881-f996-498c-9f33-37f29b9c4d88,9,3,12,645272.5,0.982254683971405,11753.247916342923,0.01788856517970043,0.8810546839714051,0,-0.017274832495279467,676650,0.9642,25547,0.0363815282605878
36042b07-b1ff-406a-9111-2917c0079e68,9,1,10,2322678.75,0.4423997402191162,2488541.3823887706,0.5172370654246514,0.2695997402191162,0,0.0988952773552711,2050310,0.4239,2414106,0.5407439629281859
36042b07-b1ff-406a-9111-2917c0079e68,9,2,11,2310416.75,0.399044930934906,2883958.215890188,0.5552079383618291,0.226244930934906,0,0.09025957026804415,2153833,0.3849,2809530,0.5660537018952674
36042b07-b1ff-406a-9111-2917c0079e68,9,3,12,2343175.0,0.36461061239242554,3321264.972987678,0.5863359818139082,0.19181061239242553,0,0.10430046298052131,2196282,0.3546,3230827,0.5953127162177874
366927da-6e68-4655-bd41-10dce4f5c3cf,9,1,10,4312263.0,0.22094140946865082,14571905.301886573,0.7716466549618076,0.0037414094686508137,10,-0.01141650631358726,4395449,0.2177,14697958,0.7697923162691708
366927da-6e68-4655-bd41-10dce4f5c3cf,9,2,11,4342836.5,0.22161275148391724,14722993.827562623,0.7722188635172236,0.004412751483917232,11,-0.013621713766959198,4534991,0.2229,14946862,0.7672197300739309
366927da-6e68-4655-bd41-10dce4f5c3cf,9,3,12,4417649.5,0.22261056303977966,14879733.939470306,0.7710752074830898,0.005410563039779659,12,0.004883436506267547,4143969,0.2201,14888276,0.7822658861316676
370151a8-32e0-43d2-ba04-30b18ec58c2b,9,1,10,3915230.5,0.14267288148403168,16025981.104670696,0.8036613533009719,0.004672881484031666,10,0.006102917258401619,3810881,0.1412,15963568,0.80728256954214
370151a8-32e0-43d2-ba04-30b18ec58c2b,9,2,11,4027102.0,0.14200730621814728,17205398.791607767,0.8103331284654077,0.004007306218147266,11,0.014203860542503222,4277870,0.1411,17448120,0.8030989611980858
370151a8-32e0-43d2-ba04-30b18ec58c2b,9,3,12,4340610.5,0.14129234850406647,18501723.03790607,0.8099751720726385,0.0032923485040664557,12,0.01445868786994331,3876140,0.1431,18272974,0.8249979660585972
3739db8d-ee1f-4353-ad7e-6b2a5f7c4ca0,9,1,10,784320.1875,0.7924318313598633,228202.55920368433,0.22538018029383394,0.5866318313598633,0,0.046835647431060834,743352,0.8131,197831,0.2101939792792687
3739db8d-ee1f-4353-ad7e-6b2a5f7c4ca0,9,2,11,816555.75,0.7641781568527222,246376.8301198464,0.23178970588338466,0.5583781568527222,0,-0.32008899186798856,712942,0.8161,167468,0.1902159221271907
3739db8d-ee1f-4353-ad7e-6b2a5f7c4ca0,9,3,12,817569.4375,0.7276926636695862,289720.374134246,0.2616481892004845,0.5218926636695862,0,-0.04197809674727199,772338,0.8142,174593,0.1843777424120659
378e6549-49e4-4c97-a26b-628c92a43742,9,1,10,985309.25,0.8598524928092957,161527.46489204466,0.14084608802156265,0.6550524928092957,0,-0.0019987457920513374,962671,0.8521,167098,0.1479045716425216
378e6549-49e4-4c97-a26b-628c92a43742,9,2,11,999387.25,0.8603463172912598,162126.01524544123,0.13958171645261588,0.6555463172912598,0,-0.002071591351083729,982395,0.8583,162846,0.1421936518165172
378e6549-49e4-4c97-a26b-628c92a43742,9,3,12,1011851.875,0.8610178828239441,163161.93270419084,0.13885958755070799,0.6562178828239441,0,-0.0071304524725115115,895580,0.8646,143294,0.1379320302558346
37a5c617-f54f-48e4-8286-243eb8cfcf61,9,1,10,1238399.0,0.38801994919776917,1723936.7874689698,0.5819518485248789,0.09681994919776915,0,0.06041525383830415,1339017,0.3956,1763293,0.568380658283666
37a5c617-f54f-48e4-8286-243eb8cfcf61,9,2,11,1248521.5,0.3448340892791748,1947453.340989272,0.6093456419032584,0.05363408927917479,0,0.09248650392746083,1223192,0.3735,1870975,0.6046780926821338
37a5c617-f54f-48e4-8286-243eb8cfcf61,9,3,12,1261828.875,0.3170168995857239,2191885.5179807516,0.6346458532979706,0.025816899585723863,1,0.07094452466112766,1317618,0.3652,2024148,0.60571206960631
37c31c31-b81c-425c-a284-e5d91bcf8b95,9,1,10,2076286.875,0.37997928261756897,3593638.760404546,0.6338070358392173,0.09197928261756899,0,0.12015814685210413,2095201,0.3738,3641355,0.6347632621384678
37c31c31-b81c-425c-a284-e5d91bcf8b95,9,2,11,2132487.25,0.34550073742866516,3747745.2512003146,0.6373464400319713,0.05750073742866518,0,-0.04028510292417686,2157636,0.3183,3953326,0.6469236758467816
37c31c31-b81c-425c-a284-e5d91bcf8b95,9,3,12,2162785.75,0.3198404312133789,4020104.217076362,0.6501982468527264,0.03184043121337893,1,0.0034926334291347505,2048788,0.288,4273505,0.6759422570260505
382e30be-dbf6-426e-a1f3-fad5ee0ab294,9,1,10,1286039.125,0.3152509331703186,2252208.9260522053,0.6365322310804192,0.020050933170318586,3,0.1267164125812711,1303695,0.3038,2302185,0.6384530267230191
382e30be-dbf6-426e-a1f3-fad5ee0ab294,9,2,11,1324394.5,0.3152121305465698,2449214.6400061287,0.6490377114154835,0.020012130546569806,4,0.09472690288551366,1339569,0.2952,2566708,0.6570727063134539
382e30be-dbf6-426e-a1f3-fad5ee0ab294,9,3,12,1366336.625,0.3156105875968933,2611322.888251475,0.6564973395917667,0.020410587596893293,5,0.03809826750126277,1244568,0.2952,2686187,0.6833768576265883
390b42ce-f5b3-473b-8302-5e20c5ac6749,9,1,10,1485374.625,0.21540217101573944,4737152.679670991,0.7612907823023949,0.00020217101573943852,10,0.02184106514399131,1534898,0.2288,4694693,0.7536117539658703
390b42ce-f5b3-473b-8302-5e20c5ac6749,9,2,11,1493619.875,0.2153252363204956,4889129.981877202,0.7659911623529044,0.00012523632049560307,11,0.013002490277460366,1580182,0.2251,4862401,0.7547284994232903
390b42ce-f5b3-473b-8302-5e20c5ac6749,9,3,12,1512876.5,0.21566452085971832,5021320.821422344,0.7684678889264578,0.00046452085971832036,12,0.011398659529878619,1622749,0.2215,6485150,0.7998557949476184
391e102d-e4da-46bb-b077-fcbe6cda6ba9,9,1,10,1050793.75,0.9827880859375,18460.651336669922,0.01726497577526204,0.8604880859375,0,-0.01768198017405156,1024180,0.9789,22112,0.0211336796993573
391e102d-e4da-46bb-b077-fcbe6cda6ba9,9,2,11,1044221.5625,0.9851491451263428,15781.739334505168,0.014888386958033382,0.8628491451263428,0,-0.018812928930767216,965637,0.9798,19959,0.0202506909524795
391e102d-e4da-46bb-b077-fcbe6cda6ba9,9,3,12,1035221.125,0.9867061376571655,13971.88740038767,0.01331679417919702,0.8644061376571656,0,-0.006848405303998479,1036375,0.9794,21807,0.0206079861498305
3920404b-7559-4d74-9abc-f10c4bce413c,9,1,10,3572237.25,0.26490578055381775,9219233.588270552,0.7207328777772535,0.00220578055381776,10,0.01697520797644292,3378608,0.266,9063630,0.7284565686655408
3920404b-7559-4d74-9abc-f10c4bce413c,9,2,11,3589592.25,0.26490113139152527,9415753.381915681,0.7239910148030987,0.0022011313915252795,11,0.0054884374207623265,3803541,0.2704,9388027,0.7116687720519653
3920404b-7559-4d74-9abc-f10c4bce413c,9,3,12,3502073.0,0.26483190059661865,9496773.86961581,0.7305858715678903,0.0021319005966186633,12,0.004097386339063425,3758946,0.2676,9628243,0.7192131970348667
3975f6a0-81be-4894-8273-ef16b21d44e3,9,1,10,2168921.25,0.8701028823852539,324156.99051070213,0.1300227907986952,0.7216028823852539,0,-0.005647094254690316,2165606,0.8612,345903,0.1377271592496781
3975f6a0-81be-4894-8273-ef16b21d44e3,9,2,11,2174949.25,0.8722453713417053,319272.3897340717,0.12800481907779127,0.7237453713417054,0,9.525936030965743e-05,2289207,0.8636,359496,0.1357252964941709
3975f6a0-81be-4894-8273-ef16b21d44e3,9,3,12,2187070.25,0.8738579154014587,316155.2852942664,0.1262991611569274,0.7253579154014588,0,-0.007580537376077501,2217010,0.8602,360182,0.1397575345569907
399ea52e-8fcf-46b6-8af9-47f45576611f,9,1,10,1909450.125,0.2747732698917389,3964531.0605037324,0.6749308408218451,0.0226732698917389,3,0.08206131916872317,1837302,0.2729,3922243,0.6809987594506163
399ea52e-8fcf-46b6-8af9-47f45576611f,9,2,11,1945801.375,0.26659753918647766,4334652.352424417,0.6901814009864596,0.01449753918647767,4,0.0647533208800668,1967260,0.2578,4371189,0.689630696720917
399ea52e-8fcf-46b6-8af9-47f45576611f,9,3,12,2007925.875,0.2623164653778076,4678815.525424203,0.6997153389433277,0.010216465377807626,5,0.04640754904154176,1786906,0.2521,4605639,0.7204703291099241
39afa026-a4df-4bd0-af58-c17d9018c1ad,9,1,10,2470265.0,0.30066245794296265,7123985.797937572,0.7425265346898144,0.0027624579429626483,10,0.07222132282126037,2708168,0.2987,7310734,0.7296941321514074
39afa026-a4df-4bd0-af58-c17d9018c1ad,9,2,11,2525929.5,0.3009529709815979,6745744.619302489,0.7275648963177724,0.0030529709815979023,11,0.037917780426943826,2750393,0.2989,7063917,0.7197568652304644
39afa026-a4df-4bd0-af58-c17d9018c1ad,9,3,12,2570403.0,0.3012803792953491,6509375.130987572,0.7169090518602322,0.003380379295349123,12,-0.048282227664070865,2808784,0.2982,6931623,0.7116358690145084
39e72386-6409-4a19-9bd5-644796d14bc3,9,1,10,1349221.375,0.3220933973789215,2478181.39120749,0.6474838271758576,0.07729339737892152,0,0.12473061863463364,1453941,0.3203,2555951,0.6374114315298267
39e72386-6409-4a19-9bd5-644796d14bc3,9,2,11,1337176.125,0.29278624057769775,2698273.3325772365,0.6686425789600149,0.047986240577697764,1,0.11919937087975752,1399452,0.285,2828172,0.6689743458737106
39e72386-6409-4a19-9bd5-644796d14bc3,9,3,12,1325862.125,0.2675507664680481,2947474.9315311974,0.6897361225055708,0.022750766468048106,2,0.06498444754740751,1266929,0.2541,3054426,0.7068213558015947
39eb20c1-e8ae-461e-be52-091ab213bdfa,9,1,10,2055214.25,0.24737386405467987,8174626.38494255,0.7990961615785189,0.004973864054679866,10,0.022044069332342597,2037739,0.2464,8172380,0.8004196621018814
39eb20c1-e8ae-461e-be52-091ab213bdfa,9,2,11,2134313.5,0.24709339439868927,7761668.936120062,0.7843252538313108,0.004693394398689266,11,0.00822511947833815,2142804,0.2432,7806538,0.7846285714170846
39eb20c1-e8ae-461e-be52-091ab213bdfa,9,3,12,2156120.75,0.24693845212459564,7468706.052532295,0.7759834234697373,0.004538452124595638,12,-0.04040013771692319,2184903,0.2476,7517506,0.7748081945422008
3a0428ec-56a0-4034-87a4-e9d121eca968,9,1,10,3285936.75,0.1691248118877411,12659755.888982229,0.7939295065824289,0.0018248118877410846,10,0.029040418893829134,3360165,0.1674,12748209,0.7914025959417132
3a0428ec-56a0-4034-87a4-e9d121eca968,9,2,11,3475935.5,0.17117570340633392,13373653.06552567,0.7937079895759722,0.003875703406333919,11,0.010057380665500548,3148463,0.1675,13237159,0.8078520913029729
3a0428ec-56a0-4034-87a4-e9d121eca968,9,3,12,3675164.25,0.17146344482898712,14125568.368345553,0.793538595922038,0.004163444828987117,12,6.32817196332125e-05,3319214,0.1674,13785512,0.8059475492328845
3a7340f6-4db2-4d2c-b0d1-7087d60cc2e6,9,1,10,1655006.375,0.9094299077987671,164697.76154766977,0.09050798876576345,0.7137299077987671,0,0.004177170908026245,1636611,0.9145,153881,0.0859434166698315
3a7340f6-4db2-4d2c-b0d1-7087d60cc2e6,9,2,11,1656178.0,0.9087360501289368,166180.3142233207,0.09118970343334803,0.7130360501289368,0,-0.004657307490055565,1561683,0.9096,155046,0.0903147788614277
3a7340f6-4db2-4d2c-b0d1-7087d60cc2e6,9,3,12,1653660.25,0.9096659421920776,164393.58272975148,0.09042283554547975,0.7139659421920777,0,7.0223756933468495e-06,1618682,0.9076,163914,0.0919524109781464
3a74429b-d09d-4091-8848-283831814759,9,1,10,1613507.5,0.3481728136539459,2418791.523425922,0.5998542046048133,0.09797281365394594,0,0.11100081751450669,1701474,0.3512,2464618,0.5915899120806741
3a74429b-d09d-4091-8848-283831814759,9,2,11,1615808.25,0.3044092059135437,2806430.4602183737,0.634617587181265,0.05420920591354372,0,0.09479958082252338,1763575,0.3198,2876099,0.6198924752040769
3a74429b-d09d-4091-8848-283831814759,9,3,12,1628825.875,0.2983940839767456,3111802.0838688295,0.6564113680440223,0.04819408397674563,1,0.09338193709252984,1763643,0.3071,3478879,0.6635888223263536
3aa8627c-3e17-476d-9f73-58abb02c7e6b,9,1,10,2080934.125,0.5319212079048157,1632958.4557647929,0.4396891994728942,0.3572212079048157,0,0.08425600778036008,1952862,0.5306,1577585,0.4468513477188582
3aa8627c-3e17-476d-9f73-58abb02c7e6b,9,2,11,2070200.125,0.49452370405197144,1871858.8827131458,0.47484293843664266,0.31982370405197147,0,0.10018268343496844,2035227,0.5146,1753550,0.4628274506522817
3aa8627c-3e17-476d-9f73-58abb02c7e6b,9,3,12,2086320.375,0.4600658416748047,2137156.1860135933,0.5060182423507275,0.2853658416748047,0,0.10490766344266567,1901698,0.4719,1930518,0.5037602264590514
3ac84231-0f1f-4fbf-989a-368f415014ba,9,1,10,1758906.125,0.424294650554657,1992724.1160246506,0.5311621849706583,0.23409465055465697,0,0.11945510883034655,1804626,0.4327,1989705,0.5243888843645955
3ac84231-0f1f-4fbf-989a-368f415014ba,9,2,11,1782302.625,0.3974921405315399,2274483.281170959,0.5606614038249198,0.2072921405315399,0,0.1379846863715926,1700678,0.4159,2155653,0.5589906571816579
3ac84231-0f1f-4fbf-989a-368f415014ba,9,3,12,1798512.25,0.3638850450515747,2590893.368815952,0.5902606397799365,0.1736850450515747,0,0.0969568542651093,1825520,0.3896,2430266,0.5710498601198463
3b10baaa-5087-46dd-960f-b26376eef7fd,9,1,10,2369389.5,0.15380901098251343,10879707.286651343,0.8211659603553357,0.006209010982513419,10,0.041632467365124826,2372935,0.1659,12860817,0.8442317427774851
3b10baaa-5087-46dd-960f-b26376eef7fd,9,2,11,2418956.0,0.15429715812206268,11246717.334698832,0.8229903539507291,0.006697158122062674,11,0.005633414207897203,2553496,0.1493,13113697,0.8370163691734697
3b10baaa-5087-46dd-960f-b26376eef7fd,9,3,12,2459039.0,0.15480926632881165,11583978.252042644,0.8248924034012479,0.0072092663288116365,12,0.008391074664289566,2601278,0.1517,13331295,0.836732083386657
3c1b5997-3586-4f8b-9eeb-4ce99bbf1410,9,1,10,4590985.0,0.2673146426677704,12158603.579022199,0.7259046108302672,0.00921464266777039,10,-0.0032931542975491723,4622555,0.2598,12306884,0.7269516727636397
3c1b5997-3586-4f8b-9eeb-4ce99bbf1410,9,2,11,4522347.5,0.26542341709136963,12253436.043294158,0.730424067029183,0.007323417091369633,11,0.004075081184562901,4560073,0.2632,12427226,0.7315598553954928
3c1b5997-3586-4f8b-9eeb-4ce99bbf1410,9,3,12,4554999.5,0.2636002004146576,12377728.565424964,0.7309943511523769,0.005500200414657597,12,0.004047242773015269,4573609,0.2639,17000835,0.78800802467957
3c5c812a-8f99-486f-bfad-5e3a661ba473,9,1,10,1299584.25,0.9870482683181763,17073.429251521826,0.012967249969808045,0.7708482683181763,0,-0.009113933574546656,1286863,0.9854,19026,0.0145693852999757
3c5c812a-8f99-486f-bfad-5e3a661ba473,9,2,11,1297105.5,0.9868283867835999,17309.85655324394,0.013169244004144253,0.7706283867835999,0,-0.001534119300670947,1257850,0.9732,34196,0.0264665499525558
3c5c812a-8f99-486f-bfad-5e3a661ba473,9,3,12,1297105.5,0.985499918460846,19059.129846338183,0.01448080993375679,0.769299918460846,0,0.0005635137888276888,1266330,0.9624,48910,0.0371871293452145
3cb71736-4e1a-475b-a305-463fbbb0bf6b,9,1,10,695759.25,0.5008795857429504,606366.0433281511,0.46567411479913523,0.32147958574295044,0,0.10089963511568856,655588,0.4801,610749,0.4822957869824541
3cb71736-4e1a-475b-a305-463fbbb0bf6b,9,2,11,706541.375,0.46826186776161194,698122.9384237351,0.4970033991410568,0.28886186776161193,0,0.09987463677275737,596743,0.4506,663375,0.5264387938272448
3cb71736-4e1a-475b-a305-463fbbb0bf6b,9,3,12,717634.5625,0.4190133512020111,822536.2059722965,0.5340551988193974,0.2396133512020111,0,0.10069395481024457,608016,0.4411,710624,0.5389067524115756
3cf3a38c-21b1-4091-b106-ddde97173daa,9,1,10,2113597.75,0.22254054248332977,7889837.973648991,0.7887128174369861,0.004740542483329779,10,-0.016845881176280275,2301106,0.2258,8002112,0.7766614275268173
3cf3a38c-21b1-4091-b106-ddde97173daa,9,2,11,2191298.0,0.22425998747348785,7820340.54647994,0.7811249387573572,0.00645998747348786,11,-0.014569462180478832,2152577,0.2186,10154689,0.8250970605494348
3cf3a38c-21b1-4091-b106-ddde97173daa,9,3,12,2229329.75,0.22437696158885956,7794755.810385957,0.7776026814046703,0.0065769615888595645,12,-0.019069150562178727,2311233,0.2228,9750844,0.8083884723999026
3d0ddfe6-2d6f-4dfc-b278-3a98d77630de,9,1,10,1917026.875,0.8133918642997742,434039.6770408377,0.18461394751419122,0.5777918642997741,0,0.007932696066066808,2031360,0.8264,423613,0.1725530178946978
3d0ddfe6-2d6f-4dfc-b278-3a98d77630de,9,2,11,1905155.0,0.802291989326477,462477.52617583796,0.19533332181528365,0.566691989326477,0,0.01131124006872164,1796544,0.8577,316028,0.1495939546675805
3d0ddfe6-2d6f-4dfc-b278-3a98d77630de,9,3,12,1899473.5,0.7899976372718811,496015.296145031,0.20706224839926177,0.5543976372718811,0,0.031814890405914065,1943736,0.8662,302283,0.1345861277219827
3e3220d4-d28b-484a-a894-32efe559317c,9,1,10,2321461.25,0.16470038890838623,10243330.292917639,0.8152407668626599,0.005700388908386228,10,0.03927412248881812,2170345,0.1689,10065947,0.8226304995009927
3e3220d4-d28b-484a-a894-32efe559317c,9,2,11,2307866.75,0.1662558764219284,10464486.778403051,0.8193076362263395,0.007255876421928403,11,0.009059891733683378,2208892,0.1645,10323140,0.8237403160157906
3e3220d4-d28b-484a-a894-32efe559317c,9,3,12,2323948.0,0.16619300842285156,10663086.329560826,0.8210562980718179,0.00719300842285156,12,0.000994580624224528,2255746,0.1622,10538251,0.8236871557809494
3eb42b15-8ab8-49c3-af04-d5825d8dfc1a,9,1,10,834517.4375,0.3070502281188965,1451057.9139777124,0.6348764275216512,0.04565022811889646,1,0.10820710713901194,848824,0.311,1452550,0.6311664249270219
3eb42b15-8ab8-49c3-af04-d5825d8dfc1a,9,2,11,851205.125,0.2807670831680298,1655863.360838376,0.6604779128260021,0.019367083168029764,2,0.09527107535146317,926156,0.2614,1756912,0.6548145630300835
3eb42b15-8ab8-49c3-af04-d5825d8dfc1a,9,3,12,901042.9375,0.2714692950248718,1862784.7480838024,0.6739872958796007,0.010069295024871805,3,0.07028391704490156,889500,0.2614,2646412,0.7484383095506901
3f803100-acc2-4ff8-acc4-b62eeacd2f83,9,1,10,1070238.25,0.21018977463245392,3319785.8234332018,0.7562113026949704,0.002189774632453928,10,0.017171374147920915,1054066,0.211,3303435,0.758103096247138
3f803100-acc2-4ff8-acc4-b62eeacd2f83,9,2,11,1095342.25,0.2104036509990692,3486169.0071543697,0.760921192043446,0.0024036509990692234,11,0.02020513049395778,1117551,0.2112,3487260,0.7573079546587254
3f803100-acc2-4ff8-acc4-b62eeacd2f83,9,3,12,1120424.375,0.2102866768836975,3637888.1680666944,0.7645332531524095,0.0022866768836975193,12,0.01567427741753491,1098558,0.2087,3631968,0.7677725479153904
3fa7d0f1-2757-4e41-a7a9-0acaac07a577,9,1,10,2452686.0,0.9472897052764893,137666.53392648697,0.05314586803280031,0.8167897052764892,0,-0.01299033333009899,2457542,0.9521,125255,0.0484958748209789
3fa7d0f1-2757-4e41-a7a9-0acaac07a577,9,2,11,2415419.25,0.9486919641494751,130993.81693116575,0.051442485365908924,0.818191964149475,0,-0.01913710340124708,2393766,0.9549,2519021,0.512747855748682
3fa7d0f1-2757-4e41-a7a9-0acaac07a577,9,3,12,2369153.5,0.9515627026557922,121100.37899451796,0.04862973209920841,0.8210627026557922,0,-0.011575212690595395,2351024,0.9322,330341,0.123198818512213
3fc4f25c-d3e4-4b5e-a165-2aae659a3ee6,9,1,10,1685274.75,0.9435338973999023,100653.41120886803,0.05635916012474838,0.6922338973999023,0,-0.013089452275035322,1511584,0.963,59505,0.0378750026255673
3fc4f25c-d3e4-4b5e-a165-2aae659a3ee6,9,2,11,1687333.5,0.9431453347206116,101655.39736070787,0.05682282182448415,0.6918453347206115,0,-0.006419269324717251,1514666,0.9494,79597,0.04992714501936
3fc4f25c-d3e4-4b5e-a165-2aae659a3ee6,9,3,12,1687333.5,0.9435040950775146,101070.54665267235,0.05651438042865341,0.6922040950775146,0,0.0016370196601188103,1516897,0.9467,85098,0.0531200159800748
406cde54-7c81-467a-bcef-7e69afab8520,9,1,10,2384693.75,0.1817619800567627,10507134.946471035,0.8150228484921788,0.004861980056762694,10,0.03017847471721624,2545809,0.1806,10654100,0.8071343522140948
406cde54-7c81-467a-bcef-7e69afab8520,9,2,11,2373958.5,0.18276195228099823,10526919.660680017,0.815984736044134,0.005861952280998228,11,-0.0039019705490874745,2582330,0.1809,10894906,0.8083932046600654
406cde54-7c81-467a-bcef-7e69afab8520,9,3,12,2387933.0,0.18234990537166595,10559830.500116007,0.8155717780929035,0.005449905371665953,12,-0.0025877475840503372,2548060,0.1775,11056900,0.8127109524761558
4090fc62-d545-4ce9-a676-f3df713bc64e,9,1,10,840584.6875,0.9494893550872803,44518.19774763286,0.05029720102559334,0.8119893550872803,0,0.037403977464023436,820774,0.9403,51451,0.0589882197827395
4090fc62-d545-4ce9-a676-f3df713bc64e,9,2,11,841072.125,0.9475480914115906,46450.90265553887,0.05233768725780845,0.8100480914115906,0,0.024254241452843748,851881,0.9416,52725,0.0582850434332737
4090fc62-d545-4ce9-a676-f3df713bc64e,9,3,12,841072.125,0.9461626410484314,47781.89581767423,0.05375674148801029,0.8086626410484314,0,0.007019832303952089,807484,0.9607,33843,0.0402257386248153
40df2e05-5852-4777-acd3-8b39276051a5,9,1,10,3056591.75,0.22557081282138824,10926879.670374546,0.7814139523647605,7.081282138823863e-05,10,0.024772734972184463,2863837,0.2281,13916837,0.8293371887207868
40df2e05-5852-4777-acd3-8b39276051a5,9,2,11,3196367.75,0.2255,10938455.127080087,0.7738657372790304,0.0,11,-0.032453527072334176,3107119,0.2262,13172463,0.8091401241137518
40df2e05-5852-4777-acd3-8b39276051a5,9,3,12,3270358.25,0.22705605626106262,10982616.247530852,0.7705490702613305,0.001556056261062616,12,-0.017249004540642043,3222024,0.2289,12641254,0.796887881558906
4119d3d7-7b06-4965-8885-5bdcb52ec5b9,9,1,10,2537201.0,0.28615882992744446,5934115.2471370995,0.7004950675926598,0.004158829927444485,10,0.02248302786640044,2739038,0.288,6062268,0.6887918679341453
4119d3d7-7b06-4965-8885-5bdcb52ec5b9,9,2,11,2597584.0,0.285138338804245,6098984.696630999,0.70130932203108,0.003138338804245022,11,0.026235203547156694,2835253,0.2828,8897521,0.7583475996384146
4119d3d7-7b06-4965-8885-5bdcb52ec5b9,9,3,12,2628102.5,0.28538668155670166,6236492.7419285,0.7035282008625299,0.0033866815567016872,12,0.005044727179070452,2758786,0.2829,11656307,0.8086182309056209
41499ad2-3a0d-459d-a3cb-ff952a359dfa,9,1,10,2073583.625,0.2500929534435272,6422256.908894796,0.7559295496746576,0.00489295344352722,10,-0.02125538814408079,1997689,0.2521,6348420,0.760644271480279
41499ad2-3a0d-459d-a3cb-ff952a359dfa,9,2,11,2094303.75,0.25154855847358704,6374232.101996947,0.7526958866796145,0.006348558473587035,11,-0.009265073101740295,2061738,0.2505,6303698,0.7535408793994718
41499ad2-3a0d-459d-a3cb-ff952a359dfa,9,3,12,2109566.25,0.2507079243659973,6356842.876428124,0.7508310526342352,0.005507924365997313,12,-0.009950249819399293,2160341,0.263,6237705,0.7427567079294398
41564e66-4035-4e27-ad4e-9032dbf8e844,9,1,10,2559190.75,0.3087368309497833,4672325.699532725,0.6461059353373433,0.029436830949783332,1,0.126685638490597,2624624,0.2798,4915265,0.6519015067728451
41564e66-4035-4e27-ad4e-9032dbf8e844,9,2,11,2597392.5,0.29526835680007935,5123200.452357066,0.6635760341170394,0.015968356800079353,2,0.09791814500276275,2689549,0.2793,5480789,0.6708154546360261
41564e66-4035-4e27-ad4e-9032dbf8e844,9,3,12,2645658.25,0.2917449474334717,5502333.428619835,0.6752993431568968,0.012444947433471687,3,0.06330231751767945,2633277,0.2793,5847807,0.6895117416594388
415c5057-8a1c-473a-bdaa-1cee52c149d4,9,1,10,1201704.625,0.933405339717865,85858.27290496975,0.06668277957113566,0.686705339717865,0,-0.009347360239723032,1193383,0.9166,106871,0.0821924024075296
415c5057-8a1c-473a-bdaa-1cee52c149d4,9,2,11,1205551.25,0.9355115294456482,83281.02499146666,0.06461742664848928,0.6888115294456482,0,0.011425834925908582,1182256,0.9325,86959,0.0685140027497311
415c5057-8a1c-473a-bdaa-1cee52c149d4,9,3,12,1206309.625,0.9353506565093994,83371.18889356521,0.0646448237388803,0.6886506565093994,0,-0.0037093200778885033,1141721,0.9388,925565,0.4477198607256084
42f34c7f-07eb-4361-b94c-3e07beb5ecbe,9,1,10,483287.125,0.8872667551040649,61442.11269132793,0.11279385874665358,0.6535667551040649,0,-8.728601188322249e-05,421012,0.8762,59779,0.1243346901252311
42f34c7f-07eb-4361-b94c-3e07beb5ecbe,9,2,11,486972.875,0.8859728574752808,62534.19396417122,0.1138005268650121,0.6522728574752807,0,0.002287941083507203,462536,0.8747,65433,0.1239334127571884
42f34c7f-07eb-4361-b94c-3e07beb5ecbe,9,3,12,487128.5625,0.8859728574752808,62676.473471870064,0.11399763438157523,0.6522728574752807,0,0.0006928834189391248,426413,0.8718,63047,0.1288093000449475
43776923-388e-422b-8e3f-9df859d9bb3b,9,1,10,2490526.75,0.15613487362861633,10057122.762973644,0.8015144790723617,0.005134873628616338,10,0.02193512700397049,2441911,0.1532,10050799,0.8045331237177522
43776923-388e-422b-8e3f-9df859d9bb3b,9,2,11,2512798.0,0.15607306361198425,10608094.720136456,0.8084887931334396,0.005073063611984258,11,0.019545427489559453,2586716,0.1525,10709853,0.8054598896903404
43776923-388e-422b-8e3f-9df859d9bb3b,9,3,12,2494871.0,0.15607306361198425,11057945.71779195,0.8159149458042351,0.005073063611984258,12,0.022666168232289508,2490292,0.1553,11149560,0.8174252917113763
446bcb79-bde3-410c-b4b7-6f97a91f77a1,9,1,10,1831670.375,0.4134674072265625,2346593.3652591705,0.5616192541052029,0.3096674072265625,0,0.05744588491957625,2008242,0.4535,2283109,0.5320256954045475
446bcb79-bde3-410c-b4b7-6f97a91f77a1,9,2,11,1770370.625,0.3702593743801117,2592619.4788803617,0.5942299700782119,0.2664593743801117,0,0.07534239279157251,2014479,0.3964,2593867,0.5628629013533272
446bcb79-bde3-410c-b4b7-6f97a91f77a1,9,3,12,1733156.0,0.33614271879196167,2871697.548525917,0.6236240780003071,0.23234271879196167,0,0.08354326702220438,1904044,0.3312,4031028,0.6791877166780791
446e7135-7c0d-40f3-9a06-9e0bc7d4eef1,9,1,10,1276232.5,0.8803565502166748,173467.5083590746,0.11965752042412117,0.7410565502166748,0,0.013008695079495577,1384742,0.8803,186464,0.1186757178880427
446e7135-7c0d-40f3-9a06-9e0bc7d4eef1,9,2,11,1275517.75,0.8764300346374512,179051.05818627472,0.1230956261254745,0.7371300346374512,0,-0.005067708357610584,1374168,0.8798,187614,0.1201281612926772
446e7135-7c0d-40f3-9a06-9e0bc7d4eef1,9,3,12,1275032.25,0.8752360939979553,181417.11318169464,0.12456122249617993,0.7359360939979553,0,0.004380298426841928,1305429,0.8852,171465,0.1160983794368451
44a9f166-56db-4800-8090-59f5ccb3b20c,9,1,10,1489168.0,0.21413350105285645,5336547.484541416,0.7818297578660284,0.004933501052856448,10,0.001777321375837082,1537323,0.2105,5398927,0.7783639574698143
44a9f166-56db-4800-8090-59f5ccb3b20c,9,2,11,1551096.25,0.21463847160339355,5409290.410410757,0.7771537235391942,0.005438471603393558,11,0.0031731021627980915,1656278,0.2146,5540837,0.7698691767465158
44a9f166-56db-4800-8090-59f5ccb3b20c,9,3,12,1603087.375,0.21458008885383606,5507661.13714065,0.7745543423082756,0.0053800888538360625,12,-0.01166819655582374,1570970,0.2116,5606718,0.7811314729756992
44bccd62-7567-4b72-b367-4431e3f31bd7,9,1,10,1350888.75,0.3690392076969147,1834212.3298967555,0.575872565386908,0.23843920769691468,0,0.0989661374794581,1422201,0.3958,1799500,0.5585558684682408
44bccd62-7567-4b72-b367-4431e3f31bd7,9,2,11,1392919.25,0.3394205868244171,2131776.6852885904,0.6048115140786031,0.20882058682441712,0,0.10966080859106042,1292065,0.3568,1988620,0.6061599940256379
44bccd62-7567-4b72-b367-4431e3f31bd7,9,3,12,1400589.25,0.3020588159561157,2465383.6633516015,0.6377136411993739,0.17145881595611573,0,0.09982345178472107,1341416,0.3366,2895133,0.6833705924326616
45a64f78-40c2-40c5-a664-db48ef681e01,9,1,10,741654.25,0.9636626839637756,27930.832404837012,0.03629336514366597,0.6927626839637757,0,-0.004926065546485933,721709,0.9739,19512,0.0263241327485324
45a64f78-40c2-40c5-a664-db48ef681e01,9,2,11,746668.125,0.9639600515365601,27916.506504704594,0.036040615020303354,0.6930600515365601,0,-0.004366908534970744,752172,0.9692,23732,0.0305862580937847
45a64f78-40c2-40c5-a664-db48ef681e01,9,3,12,747434.9375,0.9635979533195496,28224.379458413925,0.03638759806185264,0.6926979533195496,0,0.0006220768191200418,729131,0.9793,15587,0.0209300701742135
465f66b7-879e-473f-b5f8-5261cb945aa0,9,1,10,986703.5625,0.8835759162902832,129304.7276994884,0.11586359065162048,0.6436759162902832,0,0.009132258056086376,870193,0.8651,134144,0.1335647297670005
465f66b7-879e-473f-b5f8-5261cb945aa0,9,2,11,1000363.5625,0.8838477730751038,131213.48759311053,0.11595629973435195,0.6439477730751038,0,0.0018661072692519598,945785,0.8592,152035,0.1384880945874551
465f66b7-879e-473f-b5f8-5261cb945aa0,9,3,12,1012884.125,0.882407546043396,134537.24583071598,0.11725182156343576,0.642507546043396,0,0.004787371662077669,899155,0.8559,151475,0.1441753995221914
46794377-1fae-46e5-b077-8803656e4f9d,9,1,10,2481691.25,0.348043292760849,4407451.125076421,0.6397677512111991,0.10804329276084901,0,0.11204303453936615,2353265,0.3223,4494680,0.6563545706047581
46794377-1fae-46e5-b077-8803656e4f9d,9,2,11,2485176.25,0.3144645690917969,4725140.277662691,0.6553304920157785,0.07446456909179688,0,0.10781783551683444,2752234,0.2563,5389746,0.661969938516184
46794377-1fae-46e5-b077-8803656e4f9d,9,3,12,2480583.25,0.2926451563835144,5097003.439053474,0.6726420492709859,0.05264515638351441,0,0.03873527922125741,2341441,0.24,5875702,0.7150541252598379
46eeae7d-db35-4aa8-bc83-4e0e96db4b62,9,1,10,631943.125,0.965288519859314,22731.40720422566,0.03472169159794748,0.796788519859314,0,-0.006357194331485919,629698,0.9792,13601,0.0211425791117349
46eeae7d-db35-4aa8-bc83-4e0e96db4b62,9,2,11,646471.4375,0.9657978415489197,22888.181730487617,0.034194147768878615,0.7972978415489197,0,-0.011921507786456786,595299,0.9898,6193,0.010296063788047
46eeae7d-db35-4aa8-bc83-4e0e96db4b62,9,3,12,658914.6875,0.9661614894866943,23071.193558457773,0.03382942990352051,0.7976614894866944,0,-0.0017558473167172892,561220,0.9911,5061,0.0089372590639629
477eb317-b202-415b-b445-2da6c3df014f,9,1,10,1258763.0,0.38584238290786743,1601441.1670300364,0.5599044940532802,0.24974238290786743,0,0.12072801661966054,1266857,0.3957,1580517,0.5550788199934396
477eb317-b202-415b-b445-2da6c3df014f,9,2,11,1287338.75,0.34944450855255127,1879311.6386069956,0.593469883940583,0.21334450855255127,0,0.12278391164982516,1239776,0.3238,1907068,0.6060255926255004
477eb317-b202-415b-b445-2da6c3df014f,9,3,12,1295032.0,0.30436185002326965,2208194.536150973,0.6303316423770688,0.16826185002326965,0,0.10828276839230944,1169930,0.3202,2091864,0.6413231491627001
47a8d6e0-e548-4da0-96f3-34f76e165b8a,9,1,10,859821.25,0.8888002038002014,107541.12830518186,0.11116943424406667,0.7326002038002014,0,0.045341180251319266,867057,0.8894,107742,0.1105274010334438
47a8d6e0-e548-4da0-96f3-34f76e165b8a,9,2,11,861957.125,0.8856342434883118,110877.40117600746,0.11397354657203775,0.7294342434883118,0,0.03180453351682584,931069,0.8858,118616,0.1130015195034701
47a8d6e0-e548-4da0-96f3-34f76e165b8a,9,3,12,860340.5625,0.8850149512290955,111675.54492046428,0.11489063202545971,0.7288149512290955,0,0.004320864343903011,933930,0.9007,104522,0.1006517393196796
47be841f-1ef3-48e9-ab4b-a4343a239989,9,1,10,1179355.0,0.9922416806221008,9149.812749922276,0.007698591248235459,0.8916416806221008,0,0.006477436094787759,1192271,1.0,0,0.0
47be841f-1ef3-48e9-ab4b-a4343a239989,9,2,11,1179373.125,0.9878470301628113,14444.08341328171,0.012099074558055277,0.8872470301628113,0,0.011964723580245477,1222113,1.0,0,0.0
47be841f-1ef3-48e9-ab4b-a4343a239989,9,3,12,1175968.375,0.9876217842102051,14735.182289099786,0.012375189608610636,0.887021784210205,0,0.012375189608610636,1177369,0.9897,1177369,0.5
4833f3b2-7c10-42be-ab3e-f53d68846e03,9,1,10,1856615.25,0.21200621128082275,5861441.562783569,0.7594452470309817,0.003606211280822752,10,0.01902406803028589,1860613,0.2102,5891431,0.7599842054560062
4833f3b2-7c10-42be-ab3e-f53d68846e03,9,2,11,1881829.0,0.21192143857479095,6102305.525844644,0.7643039462939258,0.0035214385747909527,11,0.01433964024958223,2104002,0.2092,6322746,0.7503186282537463
4833f3b2-7c10-42be-ab3e-f53d68846e03,9,3,12,1911460.875,0.21208330988883972,6314180.297877537,0.7676216558895527,0.0036833098888397198,12,0.016654192578086202,1938396,0.2117,6512422,0.7706262281355485
4901472a-be8d-4d4e-981d-4f3a847f8b35,9,1,10,1614906.5,0.31291094422340393,2813474.0577340275,0.6353279762328429,0.08831094422340394,0,0.09972006953454104,1641074,0.2721,2999794,0.6463864087493978
4901472a-be8d-4d4e-981d-4f3a847f8b35,9,2,11,1627675.125,0.289217472076416,3156691.242989451,0.6597929590237458,0.06461747207641602,0,0.08520726015267233,1693075,0.2259,3632517,0.682086986761284
4901472a-be8d-4d4e-981d-4f3a847f8b35,9,3,12,1631484.625,0.2810080647468567,3442659.8336581346,0.678470993821203,0.056408064746856695,0,0.0710268565716371,1635369,0.2246,4084719,0.7141007271216806
49f342f7-0947-4dbe-8aa0-95b17c98fcab,9,1,10,949653.75,0.24228531122207642,2688689.0088099986,0.7389872771880884,0.01888531122207643,3,0.1267715586233561,881992,0.2468,2621643,0.7482637318099631
49f342f7-0947-4dbe-8aa0-95b17c98fcab,9,2,11,988946.9375,0.23456189036369324,2815002.7066740557,0.7400210228821974,0.01116189036369325,4,0.09574438890993264,960616,0.2234,2781982,0.7433290991979369
49f342f7-0947-4dbe-8aa0-95b17c98fcab,9,3,12,1038958.3125,0.23383626341819763,2952765.175091006,0.7397218730882062,0.010436263418197644,5,-0.000589820906095162,957309,0.2234,2903933,0.7520722606871053
4a4d9184-4d2c-4a47-9230-17a498510c9b,9,1,10,3489904.25,0.14202052354812622,16833183.4634289,0.8282788373887707,0.006820523548126234,10,0.03378807716758225,3292893,0.1361,16780110,0.8359541419886203
4a4d9184-4d2c-4a47-9230-17a498510c9b,9,2,11,3623824.0,0.14105644822120667,17571414.6494029,0.8290265063799087,0.005856448221206678,11,0.009416228145049388,3501061,0.1472,17295500,0.8316519255274947
4a4d9184-4d2c-4a47-9230-17a498510c9b,9,3,12,3700009.25,0.14132989943027496,18265135.69896154,0.8315508839756176,0.0061298994302749765,12,0.004149947192330972,3555901,0.1386,20851401,0.8543099519971523
4a6227f3-6324-4121-9c3e-1be48b0a8ef2,9,1,10,2129347.25,0.26721686124801636,5183595.258123949,0.7088248338292681,0.00491686124801638,10,0.007527569572605031,2194903,0.2659,5266737,0.7058417452463533
4a6227f3-6324-4121-9c3e-1be48b0a8ef2,9,2,11,2242652.0,0.26743122935295105,5440236.8244048795,0.7080978195498336,0.005131229352951072,11,0.0003813700302270906,2168232,0.2669,5450511,0.7154081716629633
4a6227f3-6324-4121-9c3e-1be48b0a8ef2,9,3,12,2308732.75,0.2673693001270294,5677133.002590602,0.7108976256893561,0.005069300127029441,12,0.004312095740812705,2205875,0.2625,5646405,0.7190784078000275
4abf4b51-4062-4fb3-8e46-5a3550fd9044,9,1,10,1571177.0,0.9301697611808777,118141.66107398272,0.06993450306105911,0.7900697611808777,0,0.004072680404191509,1638718,0.9301,123060,0.0698498902812953
4abf4b51-4062-4fb3-8e46-5a3550fd9044,9,2,11,1568288.125,0.9305958151817322,117045.28455571062,0.06944933500521194,0.7904958151817322,0,-1.1707040998565343e-06,1457708,0.9341,104119,0.0666648738944838
4abf4b51-4062-4fb3-8e46-5a3550fd9044,9,3,12,1571757.125,0.9296267628669739,118846.49243849004,0.0702982598715598,0.7895267628669739,0,-0.0014179326752196963,1471501,0.9414,92264,0.0590011926344431
4b5875d5-53ab-4386-9f1f-1049448e0874,9,1,10,858271.875,0.9934364557266235,5633.305450156331,0.006520745074385335,0.8930364557266235,0,0.0013862011293951353,705566,1.0,0,0.0
4b5875d5-53ab-4386-9f1f-1049448e0874,9,2,11,870583.1875,0.9910168051719666,7871.223467707401,0.00896030957262363,0.8906168051719665,0,-0.4658980966731131,749544,0.9819,13551,0.0177579462583295
4b5875d5-53ab-4386-9f1f-1049448e0874,9,3,12,868845.0625,0.9967643022537231,2836.7889106299262,0.003254385652333122,0.8963643022537231,0,0.003254385652333122,774595,0.9884,9111,0.0116255330442793
4b5aed64-cbc5-4c5d-8b6c-0ca763124797,9,1,10,1237507.5,0.1737915575504303,5077486.703805998,0.8040366372380573,0.004191557550430297,10,0.02026645677214045,1208176,0.1697,5078109,0.8078076320115934
4b5aed64-cbc5-4c5d-8b6c-0ca763124797,9,2,11,1261958.5,0.17418739199638367,5235193.777051048,0.8057674429984605,0.004587391996383666,11,0.002284872781855518,1156182,0.1737,6234291,0.8435577804018769
4b5aed64-cbc5-4c5d-8b6c-0ca763124797,9,3,12,1302380.25,0.17427390813827515,5398245.451613581,0.8056330396598077,0.004673908138275146,12,0.002037767754107578,1251321,0.1715,7485612,0.856778002074641
4c10653f-05e4-45e2-8f5d-c2aac2d8fd3f,9,1,10,1024395.0625,0.4378725290298462,1198586.778942071,0.5391797434407001,0.2354725290298462,0,0.05359926547246896,1075014,0.4113,1285073,0.5445023848697104
4c10653f-05e4-45e2-8f5d-c2aac2d8fd3f,9,2,11,1040765.3125,0.40837207436561584,1324863.2326248921,0.5600470265524914,0.20597207436561585,0,0.05150942754632304,1066172,0.4272,1346872,0.5581630504872683
4c10653f-05e4-45e2-8f5d-c2aac2d8fd3f,9,3,12,1059429.75,0.37724578380584717,1484828.5075717836,0.5835997596363861,0.17484578380584717,0,0.054074404185922575,1043029,0.4356,1348946,0.5639465295414877
4c8e2fca-fa4e-43f0-9519-6ebc7e0e5fbc,9,1,10,3664674.5,0.10975565016269684,19770990.307995223,0.8436283105248299,0.003155650162696838,10,0.030859701909879633,3790462,0.1127,22334286,0.854909145917886
4c8e2fca-fa4e-43f0-9519-6ebc7e0e5fbc,9,2,11,3745008.25,0.11024422943592072,20923495.417552818,0.8481866472133891,0.003644229435920715,11,0.018804744155642705,4195916,0.1074,23679984,0.8494787253505717
4c8e2fca-fa4e-43f0-9519-6ebc7e0e5fbc,9,3,12,3879746.5,0.10984700918197632,22078679.974892613,0.8505399969542626,0.003247009181976318,12,0.006690035119905402,3824630,0.1162,24307963,0.864049858468432
4d22bd73-913d-4bff-98ae-a1123807dd3b,9,1,10,611603.5625,0.9513238668441772,31234.869236685336,0.04858898860838415,0.7085238668441772,0,-0.461343803556992,607639,0.9408,37764,0.0585122783749068
4d22bd73-913d-4bff-98ae-a1123807dd3b,9,2,11,609658.6875,0.9480900168418884,33268.7737363436,0.05174576564573561,0.7052900168418884,0,-0.049115761854709596,552203,0.9375,36857,0.0625691780124265
4d22bd73-913d-4bff-98ae-a1123807dd3b,9,3,12,609492.1875,0.9516692161560059,31065.141080871574,0.048497050450886446,0.7088692161560058,0,0.001172245356595547,611283,0.9435,36591,0.0564785745376415
4d76d66e-ce2d-49e7-96c5-f8e729ccc8c0,9,1,10,1088529.75,0.27947455644607544,2130126.655970171,0.6618061660819325,0.04747455644607543,1,0.12698308231023436,1072596,0.285,2102401,0.6621741689834667
4d76d66e-ce2d-49e7-96c5-f8e729ccc8c0,9,2,11,1118761.25,0.25192588567733765,2430408.9427922447,0.6847823042490292,0.019925885677337635,2,0.08830707277034211,1055536,0.2714,2300831,0.6855123411712724
4d76d66e-ce2d-49e7-96c5-f8e729ccc8c0,9,3,12,1165362.5,0.2405082881450653,2730958.6085253702,0.7009069664586625,0.008508288145065296,3,0.06397742310359944,1013491,0.232,2545399,0.7152227239392057
4dae08d3-2b8f-4828-830c-e44eda023005,9,1,10,2775075.0,0.2870444655418396,6892047.754432023,0.7129368199314807,0.006044465541839572,10,0.003847960136479589,2955295,0.2872,7019359,0.7037195475652589
4dae08d3-2b8f-4828-830c-e44eda023005,9,2,11,2806428.75,0.2864048182964325,6920786.103427949,0.7114869166263977,0.005404818296432468,11,-0.0021105923052370246,3076037,0.2885,7182672,0.7001535963248398
4dae08d3-2b8f-4828-830c-e44eda023005,9,3,12,2800687.0,0.28588753938674927,6942225.078674469,0.7125410783363001,0.00488753938674924,12,0.0007457336707057394,3114320,0.2923,7286999,0.7005841278399403
4db02575-0910-476d-9632-aeae01781708,9,1,10,1465065.375,0.9784067273139954,32499.092713184655,0.021701297950005128,0.7874067273139953,0,-0.02449225350632857,1500755,0.9628,57248,0.0367444735343898
4db02575-0910-476d-9632-aeae01781708,9,2,11,1460915.625,0.984165608882904,23647.312740297988,0.015928804457621945,0.793165608882904,0,-0.025221887916610355,1378845,0.9622,54226,0.0378390184436081
4db02575-0910-476d-9632-aeae01781708,9,3,12,1460120.375,0.9882216453552246,17476.342036663555,0.011827545253154426,0.7972216453552246,0,-0.014932185938383274,1538556,0.9536,73845,0.0457981606312573
4dfa01fd-2771-4250-a418-ef4d48135c5d,9,1,10,796006.6875,0.9382123351097107,52375.71595190093,0.06173597629888887,0.7832123351097107,0,0.005546654189749672,808206,0.9175,70928,0.0806793958600168
4dfa01fd-2771-4250-a418-ef4d48135c5d,9,2,11,797531.625,0.9359281659126282,54455.12213910953,0.06391545680958613,0.7809281659126281,0,-0.0022493773266356737,809240,0.9321,59783,0.068793346090955
4dfa01fd-2771-4250-a418-ef4d48135c5d,9,3,12,796843.0625,0.9343634247779846,55876.297332430026,0.06552718275730296,0.7793634247779846,0,0.004885697107806661,843763,0.9575,38414,0.0435445494498269
4e0e113e-ad04-4e07-a97f-030ff0766d23,9,1,10,1127158.125,0.3075582683086395,2019835.9992973544,0.6418302416590415,0.14475826830863953,0,0.10894988717885035,1198791,0.3226,2024566,0.6280923893940386
4e0e113e-ad04-4e07-a97f-030ff0766d23,9,2,11,1187128.5,0.2986782193183899,2249114.053229929,0.6545271523734123,0.1358782193183899,0,0.07171108744096988,1147892,0.3023,2213290,0.6584856160719652
4e0e113e-ad04-4e07-a97f-030ff0766d23,9,3,12,1241731.5,0.2986222803592682,2448401.2937423964,0.6634995081733409,0.1358222803592682,0,0.04174779644535542,1116956,0.2697,2432037,0.6852752315938634
4e5623bd-21e7-4043-bb43-2568524a59d3,9,1,10,1316127.125,0.4539186954498291,1411399.077594012,0.5174649014376844,0.1958186954498291,0,0.06238079303518573,1429885,0.448,1489571,0.5102221098725241
4e5623bd-21e7-4043-bb43-2568524a59d3,9,2,11,1273778.5,0.4244405925273895,1545479.215518749,0.5481865694688283,0.16634059252738953,0,0.09089921151506308,1242825,0.4445,1517739,0.5497930857607358
4e5623bd-21e7-4043-bb43-2568524a59d3,9,3,12,1285267.0,0.3966856002807617,1707829.9537731998,0.5705895866888814,0.13858560028076172,0,0.09546879021876026,1500452,0.4286,1724459,0.5347307259022032
4e9c48c5-09fb-415d-be0a-a85154d7451e,9,1,10,1302089.25,0.39088889956474304,1651304.0002243593,0.5591209366036559,0.13308889956474307,0,0.08953406977191314,1248167,0.3706,1672453,0.5726362895549575
4e9c48c5-09fb-415d-be0a-a85154d7451e,9,2,11,1316211.625,0.36033231019973755,1898223.8644334474,0.590531018797336,0.10253231019973758,0,0.10156102280155205,1149563,0.3091,1949641,0.6290779826045656
4e9c48c5-09fb-415d-be0a-a85154d7451e,9,3,12,1316711.875,0.31595608592033386,2199157.226716661,0.6254946253951544,0.05815608592033389,0,0.1046430698093671,1333089,0.2682,2402394,0.6431280774132823
4f3a77f3-6e59-4655-b38c-af307b7a0744,9,1,10,2109232.75,0.4316152334213257,3009353.3598730266,0.5879266842983086,0.24851523342132567,0,0.15875414982748154,2291058,0.436,3088741,0.574136877604535
4f3a77f3-6e59-4655-b38c-af307b7a0744,9,2,11,2252828.75,0.395175576210022,3182696.262481884,0.5855361267169759,0.21207557621002196,0,0.12279143809667376,2053691,0.4382,2888941,0.584494455585607
4f3a77f3-6e59-4655-b38c-af307b7a0744,9,3,12,2247428.5,0.3673291504383087,3435481.646705391,0.6045285879976611,0.1842291504383087,0,-0.0022431422212031427,2257133,0.4014,3080333,0.5771152453242794
4f48a283-fe47-414b-990b-a5ec0d30524c,9,1,10,1860625.875,0.2905699908733368,3826940.6393940113,0.6728608148509289,0.1759699908733368,0,0.03237911652239833,1717157,0.3088,4649164,0.7302748321990047
4f48a283-fe47-414b-990b-a5ec0d30524c,9,2,11,1875786.25,0.2903320789337158,4047042.3360050456,0.6832955364549526,0.17573207893371584,0,0.03638319756838371,1809160,0.2839,4625127,0.718825100590011
4f48a283-fe47-414b-990b-a5ec0d30524c,9,3,12,1887333.5,0.2937060594558716,4191413.69388186,0.6895193302495678,0.1791060594558716,0,0.032964731289498395,1746097,0.2445,4813606,0.7338146254487437
4f9475f7-f072-47a5-847b-f025c32ebe8e,9,1,10,1010792.625,0.9735809564590454,27437.514181360602,0.02642719869700079,0.7697809564590454,0,-0.01938995524871851,994657,0.9785,21974,0.0216145287719929
4f9475f7-f072-47a5-847b-f025c32ebe8e,9,2,11,1006810.4375,0.9770878553390503,23696.83868421428,0.022995314280515777,0.7732878553390503,0,-0.018360573489867926,957102,0.9781,21435,0.0219051502395923
4f9475f7-f072-47a5-847b-f025c32ebe8e,9,3,12,1006764.6875,0.9769222736358643,23780.709130048985,0.02307584819437694,0.7731222736358643,0,-0.0038742420017242596,946004,0.9729,967439,0.5056011597941512
5008f390-d124-44d3-8f09-834dc002318f,9,1,10,714484.8125,0.3184751570224762,1180856.8403711151,0.6230311240099224,0.09507515702247621,0,0.08753391713423853,691963,0.3349,1137396,0.6217456497057166
5008f390-d124-44d3-8f09-834dc002318f,9,2,11,745014.5625,0.28488582372665405,1377217.9418725707,0.6489477185157615,0.061485823726654065,0,0.08066735965097993,741642,0.3081,1300072,0.6367551968591095
5008f390-d124-44d3-8f09-834dc002318f,9,3,12,767086.8125,0.27805790305137634,1548063.870868637,0.6686665718950707,0.054657903051376355,0,0.07431342414386477,658330,0.2896,1391313,0.678807480131906
50a9eb1d-375c-42b6-99cf-62c710678d8c,9,1,10,1488841.25,0.9411623477935791,92779.10799354315,0.05866079525635564,0.758162347793579,0,0.002371780072417437,1400718,0.9447,1488743,0.515232079616233
50a9eb1d-375c-42b6-99cf-62c710678d8c,9,2,11,1498511.5,0.9423900842666626,91674.11783375917,0.05764994778322976,0.7593900842666625,0,0.011167784711428562,1531298,0.9212,237832,0.134434439526773
50a9eb1d-375c-42b6-99cf-62c710678d8c,9,3,12,1497357.375,0.9420375227928162,92104.20168487402,0.057946793452519275,0.7590375227928161,0,0.0018926962339232759,1562355,0.9216,141056,0.0828079658990108
50b582ff-8e95-4a34-a8ae-50aeff5a6943,9,1,10,2340529.25,0.37156277894973755,3392651.802121863,0.5917573108678008,0.16046277894973754,0,0.1248588761493849,2341133,0.3457,3532611,0.6014240661492908
50b582ff-8e95-4a34-a8ae-50aeff5a6943,9,2,11,2330512.25,0.3486211895942688,3727947.792027983,0.6153292695118784,0.1375211895942688,0,0.10909312288784723,2495717,0.3321,4026365,0.617343510860489
50b582ff-8e95-4a34-a8ae-50aeff5a6943,9,3,12,2314601.5,0.3074257969856262,4184913.760101349,0.6438809038254482,0.09632579698562621,0,0.07348918693747197,2127620,0.2805,4428093,0.6754555911767339
514c1cc8-c353-4508-8647-3144904c8ab4,9,1,10,1039308.4375,0.9290173053741455,79577.1683806926,0.07112180902359196,0.8185173053741455,0,5.421896653425018e-05,1062896,0.9445,63526,0.0563962706694294
514c1cc8-c353-4508-8647-3144904c8ab4,9,2,11,1027628.375,0.9286288619041443,79022.51973712037,0.07140690900167916,0.8181288619041442,0,-0.005416289643091543,1004273,0.9503,53065,0.0501873573067458
514c1cc8-c353-4508-8647-3144904c8ab4,9,3,12,1021212.625,0.9295774102210999,77481.40825815103,0.07052136983795367,0.8190774102210998,0,-0.0015267456504967358,1044838,0.9537,50870,0.0464266027080207
516ae0db-f9f9-4139-a974-d2a6b613971e,9,1,10,3643408.25,0.1117342859506607,18870645.70964479,0.8381718256280895,0.003634285950660704,10,0.03264073702233605,3391486,0.1148,18723164,0.8466407562407725
516ae0db-f9f9-4139-a974-d2a6b613971e,9,2,11,3631599.75,0.11071953177452087,20010807.37847758,0.8463946699561868,0.0026195317745208724,11,0.008578539765025872,3662164,0.1192,19716380,0.8433536322877935
516ae0db-f9f9-4139-a974-d2a6b613971e,9,3,12,3750091.0,0.1103021577000618,21140020.018439606,0.8493340991037854,0.0022021577000617965,12,0.018115087179325307,3872682,0.1101,20992805,0.8442547294569377
51b876e0-d594-46fd-8b7c-66ccc548415a,9,1,10,1323575.25,0.2399464100599289,3219470.148746688,0.7086590307098536,0.017546410059928907,3,0.11179762193334686,1358159,0.2498,3203717,0.7022805968421764
51b876e0-d594-46fd-8b7c-66ccc548415a,9,2,11,1330908.625,0.2343648076057434,3483930.1279042866,0.7235818906298362,0.011964807605743422,4,0.05448366322076115,1291035,0.2224,3495119,0.7302562767516465
51b876e0-d594-46fd-8b7c-66ccc548415a,9,3,12,1353346.75,0.2314116358757019,3717874.7224047477,0.7331319964303886,0.009011635875701918,5,0.03901060036563353,1386709,0.2224,3796109,0.7324411160106336
52bf87cd-627c-496d-8745-553817b27de2,9,1,10,2394766.25,0.37660205364227295,3160455.0626520216,0.5689161393901774,0.18170205364227296,0,0.10975446274347078,2260712,0.3755,3082331,0.5768868040178602
52bf87cd-627c-496d-8745-553817b27de2,9,2,11,2338463.0,0.34623241424560547,3595014.386081245,0.6058865909752066,0.15133241424560548,0,0.1086411202756365,2345388,0.3454,3553013,0.6023688453870804
52bf87cd-627c-496d-8745-553817b27de2,9,3,12,2314143.0,0.30856579542160034,4085793.536973661,0.6384115707037481,0.11366579542160035,0,0.11261343561686121,2286394,0.3042,4062929,0.6398995609453165
52c4f8e0-e9f5-4ec9-9c83-55a514965ecc,9,1,10,4245755.5,0.1522131711244583,17875297.463212393,0.8080672060656087,0.00531317112445831,10,0.005192202598838014,4211237,0.1472,17951766,0.8099879786146309
52c4f8e0-e9f5-4ec9-9c83-55a514965ecc,9,2,11,4314809.5,0.15217895805835724,18813239.606347233,0.8134382420168829,0.005278958058357236,11,0.01934295465706004,4232836,0.1506,18842959,0.8165681399059057
52c4f8e0-e9f5-4ec9-9c83-55a514965ecc,9,3,12,4296732.0,0.15213118493556976,19594224.242046256,0.8201523640800078,0.00523118493556976,12,0.02168782020266602,4482438,0.147,19898896,0.8161528815445455
5314caed-be2b-4b80-9574-1ad008ed312a,9,1,10,1779516.375,0.9170535206794739,161926.3232119158,0.08340515193214366,0.6989535206794739,0,-0.023336857196755337,1882749,0.8962,213407,0.1018087394258824
5314caed-be2b-4b80-9574-1ad008ed312a,9,2,11,1769193.25,0.9180030822753906,158345.8527610402,0.08214922983104357,0.6999030822753907,0,-0.008972404895674427,1929041,0.8784,260421,0.1189429183973049
5314caed-be2b-4b80-9574-1ad008ed312a,9,3,12,1740052.125,0.9168704748153687,157812.9225027396,0.08315286838249851,0.6987704748153687,0,-0.003346502643202992,1884398,0.8734,271435,0.1259072479176262
53837ecf-4274-46bb-8b6f-e391ab7a55ef,9,1,10,2249522.75,0.24171166121959686,6583981.628384795,0.7453419782635208,0.005411661219596853,10,0.02409651413213665,2400312,0.2399,6714325,0.7366530340155072
53837ecf-4274-46bb-8b6f-e391ab7a55ef,9,2,11,2372459.0,0.24108894169330597,6797141.835948577,0.7412691083892122,0.004788941693305959,11,0.02052997322864858,2413570,0.2438,6902500,0.7409240162429007
53837ecf-4274-46bb-8b6f-e391ab7a55ef,9,3,12,2363555.5,0.24054253101348877,6957160.012910983,0.7464190923190369,0.0042425310134887595,12,0.0025415564015368597,2611992,0.2397,9514492,0.7846043420335194
538e53ae-2136-4770-a24d-be32518669af,9,1,10,1391247.5,0.8850235342979431,179820.26045814157,0.11445735504476516,0.5962235342979432,0,-0.001044411646940538,1441236,0.8767,199000,0.1213240045944608
538e53ae-2136-4770-a24d-be32518669af,9,2,11,1390289.5,0.8843804001808167,181535.46217636415,0.11549343377586292,0.5955804001808167,0,0.009331851725266516,1302571,0.8746,188261,0.1262791515073462
538e53ae-2136-4770-a24d-be32518669af,9,3,12,1390233.5,0.8844954371452332,181546.4868848715,0.11550375268785584,0.5956954371452332,0,0.005826206337762943,1386828,0.8715,202468,0.1273947710181111
53927f6a-bf82-4655-ba78-c392fec8d170,9,1,10,2128282.0,0.43022602796554565,3438924.9367412925,0.6177109950854875,0.28722602796554564,0,0.027859773290265455,2169329,0.4444,3376150,0.6088112496684236
53927f6a-bf82-4655-ba78-c392fec8d170,9,2,11,2111334.75,0.39411601424217224,3362813.460993807,0.6143080770521014,0.2511160142421722,0,-0.09289822121876601,2190914,0.3975,3354005,0.6048789892151716
53927f6a-bf82-4655-ba78-c392fec8d170,9,3,12,2197554.75,0.37763363122940063,3460586.1725036893,0.6116118739178386,0.23463363122940065,0,-0.04506393539084996,2288493,0.3721,3542959,0.607560346891306
542f13e9-856f-40e3-b8a5-4a90a33e61b5,9,1,10,2016625.375,0.5832858085632324,1388157.637353599,0.40770810718831024,0.38148580856323244,0,-0.023954329426818965,2003604,0.5571,1469602,0.4231254927004041
542f13e9-856f-40e3-b8a5-4a90a33e61b5,9,2,11,2020305.875,0.5502705574035645,1532886.395521073,0.4314110464099024,0.3484705574035645,0,0.03693010468605623,2030574,0.4814,1815361,0.472020717978853
542f13e9-856f-40e3-b8a5-4a90a33e61b5,9,3,12,2029988.875,0.5206448435783386,1707882.6326114978,0.4569131467290153,0.31884484357833864,0,0.06762849639649077,2190835,0.4509,2199754,0.5010156951607176
54b39c61-d5ab-4714-8016-8d44022bb9fe,9,1,10,1746508.25,0.9854134917259216,25804.645358100533,0.014559870001333278,0.7551134917259217,0,-0.01368133630571512,1706593,0.9999,108,6.3279976984838e-05
54b39c61-d5ab-4714-8016-8d44022bb9fe,9,2,11,1753825.625,0.9872203469276428,22743.057452241657,0.012801676443405978,0.7569203469276429,0,-0.021487849760865124,1763786,1.0,0,0.0
54b39c61-d5ab-4714-8016-8d44022bb9fe,9,3,12,1760032.375,0.9866902232170105,23728.343060137006,0.013302424938442354,0.7563902232170105,0,0.00042130079666555416,1531946,1.0,0,0.0
5516d4ff-9773-4411-9d05-6162d6770444,9,1,10,1128365.625,0.9720026254653931,32446.84678350389,0.027951841983272,0.742602625465393,0,0.003935885441465101,1201015,0.9735,32616,0.0264390243111594
5516d4ff-9773-4411-9d05-6162d6770444,9,2,11,1129534.375,0.9689044952392578,36132.39261386194,0.030997188577165595,0.7395044952392578,0,0.005967979178230196,1076596,0.9743,28455,0.0257499427628227
5516d4ff-9773-4411-9d05-6162d6770444,9,3,12,1129456.875,0.9679754376411438,37327.48618551367,0.03199176079767387,0.7385754376411438,0,0.0053670654103616725,1056617,0.9781,23723,0.0219588277764407
551ed2c3-1b98-4ea5-8278-ecc395489778,9,1,10,1758296.875,0.9852898716926575,26247.235969640315,0.014708090323067866,0.7533898716926575,0,-0.012737354189836235,1628402,0.9694,50547,0.0301063343794242
551ed2c3-1b98-4ea5-8278-ecc395489778,9,2,11,1753548.5,0.9859727025032043,24965.724271974526,0.014037404891824307,0.7540727025032044,0,0.00020234862477980751,1630009,0.9801,33373,0.0200633408321119
551ed2c3-1b98-4ea5-8278-ecc395489778,9,3,12,1754602.375,0.9849625825881958,26760.108321483713,0.015022270072505112,0.7530625825881958,0,0.0005760519535028125,1771175,0.9525,85736,0.0461713027711075
55340ef2-a3b7-46ac-9d97-a0ba70009cc8,9,1,10,1650821.75,0.15562281012535095,7381969.060139202,0.8172412286857156,0.005122810125350957,10,0.013682507484662931,1673738,0.1558,7399782,0.8155359772172212
55340ef2-a3b7-46ac-9d97-a0ba70009cc8,9,2,11,1661133.5,0.1556960791349411,7635126.94831038,0.821311643618815,0.005196079134941106,11,0.01473418003817395,1750732,0.1535,7773362,0.8161786307442996
55340ef2-a3b7-46ac-9d97-a0ba70009cc8,9,3,12,1710674.75,0.15579618513584137,7889761.446677554,0.8218128098604501,0.005296185135841375,12,0.006311045505096979,1840721,0.1568,8106338,0.8149482173575124
55aeb070-e775-4ca5-9948-f399c1d33a62,9,1,10,2055959.875,0.9287298917770386,157402.73336575925,0.07111475217428466,0.8203298917770385,0,0.012511429407996558,2003445,0.9268,157831,0.0730267675206683
55aeb070-e775-4ca5-9948-f399c1d33a62,9,2,11,2050659.0,0.9264634847640991,162373.16529746098,0.0733713534957301,0.8180634847640991,0,0.020083799003613095,2047888,0.9225,1966619,0.4898780846564721
55aeb070-e775-4ca5-9948-f399c1d33a62,9,3,12,2057995.875,0.9264088869094849,163399.42914720904,0.07355711468469944,0.8180088869094848,0,0.005119270007181945,2209156,0.9385,256632,0.1040770739414743
567c8b81-36dd-4fe1-b478-68f7128a1cdd,9,1,10,1458192.25,0.9901146292686462,14414.770988836884,0.00978860672493436,0.7258146292686463,0,0.0020426917205038607,1525701,1.0,0,0.0
567c8b81-36dd-4fe1-b478-68f7128a1cdd,9,2,11,1475634.75,0.987023651599884,19335.40171777713,0.012933637300758163,0.722723651599884,0,-0.018490997703467838,1515123,1.0,0,0.0
567c8b81-36dd-4fe1-b478-68f7128a1cdd,9,3,12,1488153.375,0.9872561097145081,19211.2715771019,0.01274493973354525,0.7229561097145081,0,0.01274493973354525,1418389,1.0,0,0.0
56c58648-752c-44a6-8e6b-fd8d1e8619f7,9,1,10,1141624.625,0.9026727080345154,122434.87430337816,0.09685847412313416,0.7011727080345154,0,0.004976346423202951,1194283,0.886,149424,0.1112028143040112
56c58648-752c-44a6-8e6b-fd8d1e8619f7,9,2,11,1163968.25,0.9026399850845337,125244.22736947937,0.09714785542956333,0.7011399850845337,0,0.002977835042742738,1149789,0.8854,148866,0.11463090659182
56c58648-752c-44a6-8e6b-fd8d1e8619f7,9,3,12,1167109.25,0.9031208157539368,125202.1506451182,0.09688233856222088,0.7016208157539368,0,0.0036121334649311804,1124194,0.8716,163405,0.1269067465880293
57540ff6-660e-4b6f-ad57-52ce71229220,9,1,10,1911787.5,0.2202085256576538,5999496.872081459,0.7583467601358629,0.009708525657653816,10,0.008070141099617012,1942425,0.219,6032416,0.7564308805655184
57540ff6-660e-4b6f-ad57-52ce71229220,9,2,11,1912737.75,0.21960629522800446,6174658.0897514,0.763491513473539,0.009106295228004463,11,0.012367844901323921,2122323,0.2176,6379945,0.7503815452535724
57540ff6-660e-4b6f-ad57-52ce71229220,9,3,12,1979540.75,0.22003191709518433,6360014.836665572,0.7626323454015749,0.009531917095184333,12,0.015081405127356673,2215247,0.2167,6732940,0.752436219761612
579b792d-8ada-4f43-9adf-989d198b1a50,9,1,10,1499515.5,0.40015318989753723,1891855.9546119422,0.5578439224164602,0.20425318989753724,0,0.12340560618705076,1567089,0.4261,1848861,0.5412435779212225
579b792d-8ada-4f43-9adf-989d198b1a50,9,2,11,1504613.625,0.36575981974601746,2154177.4784002462,0.5887675512270409,0.16985981974601747,0,0.12574645319667205,1722795,0.3963,2156083,0.555852233558261
579b792d-8ada-4f43-9adf-989d198b1a50,9,3,12,1514872.5,0.32854947447776794,2463585.5361641794,0.6192312483304309,0.13264947447776795,0,0.09075981272225764,1426394,0.3798,2221831,0.609016987713203
583fd903-be12-4871-8655-aef29e63e6d1,9,1,10,1124202.125,0.17032448947429657,4199206.067139292,0.7888191015184537,0.003424489474296577,10,0.012131983284260683,1044045,0.17,4149759,0.7989825954156144
583fd903-be12-4871-8655-aef29e63e6d1,9,2,11,1181032.25,0.1703486293554306,4463722.094209045,0.7907734902207708,0.0034486293554306102,11,0.007685296520933749,1005050,0.1712,4272548,0.8095629867981609
583fd903-be12-4871-8655-aef29e63e6d1,9,3,12,1211367.75,0.17006874084472656,4709934.460223718,0.7954220698432766,0.0031687408447265697,12,0.011920950729667923,1011099,0.1692,4389897,0.8127939735559886
590ae58c-b7e2-409c-8817-448aade755ac,9,1,10,595816.6875,0.9034481048583984,63429.44768512249,0.09621512254646879,0.7241481048583984,0,0.01596659783376568,570597,0.9143,54130,0.0866458469059285
590ae58c-b7e2-409c-8817-448aade755ac,9,2,11,611306.625,0.9027419686317444,65623.50212250324,0.09694280028790539,0.7234419686317444,0,0.011349669446509794,569225,0.9134,53975,0.0866094351732991
590ae58c-b7e2-409c-8817-448aade755ac,9,3,12,613750.0,0.9028652310371399,65990.7881681585,0.09708228388941886,0.7235652310371399,0,0.001418080423410767,596622,0.9373,40810,0.064022515342813
5949cdaf-eac4-46c6-8464-8400e4d52d8f,9,1,10,2186905.5,0.27795153856277466,5132606.034062296,0.7012224805134945,0.008051538562774685,10,0.009668562423343352,2288915,0.272,5249253,0.6963565948649593
5949cdaf-eac4-46c6-8464-8400e4d52d8f,9,2,11,2197583.5,0.27720314264297485,5298237.959051584,0.7068255277950481,0.00730314264297488,11,0.01005404555988687,2354275,0.2782,5488404,0.6998123982889011
5949cdaf-eac4-46c6-8464-8400e4d52d8f,9,3,12,2187445.25,0.278302937746048,5402395.580936264,0.7117930008381793,0.008402937746048,12,0.015672963841831256,2432065,0.2797,5705005,0.7011129313131139
5994df1a-eefd-4f1c-8de1-20624f081deb,9,1,10,2277318.25,0.13972489535808563,9498108.384897131,0.8066041833889024,0.003424895358085628,10,0.016148037141801685,1965014,0.1374,10728476,0.8451951354592
5994df1a-eefd-4f1c-8de1-20624f081deb,9,2,11,2345853.75,0.14215393364429474,10160296.327487426,0.8124239885604109,0.005853933644294734,11,0.012819708045279765,2146285,0.1507,10934623,0.8359223228234615
5994df1a-eefd-4f1c-8de1-20624f081deb,9,3,12,2378775.25,0.14264492690563202,10750436.628852244,0.8188181231326163,0.0063449269056320146,12,0.018035530312798476,2080917,0.1367,13015540,0.8621585846268432
59de1c95-aacd-43b2-8e47-5ba996a97025,9,1,10,2376308.0,0.30032962560653687,5298569.461433351,0.6903783790762695,0.0009296256065368658,10,0.009194977515780911,2399413,0.3017,5303999,0.6885259414918999
59de1c95-aacd-43b2-8e47-5ba996a97025,9,2,11,2406326.75,0.30031055212020874,5391034.576148897,0.6913921711014923,0.0009105521202087408,11,0.0023903451635464146,2382981,0.3013,5371173,0.6926833023950776
59de1c95-aacd-43b2-8e47-5ba996a97025,9,3,12,2424729.5,0.3005562126636505,5466687.6263489695,0.6927383939819918,0.0011562126636505132,12,0.0005656908226063795,2537766,0.315,7908939,0.7570749820158605
59ebe50c-ad44-437b-86a4-399605c4af91,9,1,10,2104031.0,0.8733420372009277,307971.496363163,0.12768290946113237,0.5977420372009277,0,0.015451404081545064,2107434,0.8598,341467,0.139436833093702
59ebe50c-ad44-437b-86a4-399605c4af91,9,2,11,2066037.5,0.8745661973953247,297780.9758315403,0.12597455298541374,0.5989661973953246,0,0.006813714071628035,2150190,0.8655,335057,0.1348183902847483
59ebe50c-ad44-437b-86a4-399605c4af91,9,3,12,2046401.875,0.8798832893371582,281575.5332341278,0.12095286330450908,0.6042832893371581,0,-0.010962374840983918,2184532,0.8748,315454,0.1261823066209171
5aa8724d-eb5b-4054-9233-eae5fdcc4312,9,1,10,1702729.5,0.193034827709198,5991619.971921116,0.7787039039214755,0.005334827709197992,10,0.01156190574757987,1700981,0.1927,5992947,0.7789190384937317
5aa8724d-eb5b-4054-9233-eae5fdcc4312,9,2,11,1757789.0,0.1933744251728058,6250871.466546887,0.7805139814151829,0.00567442517280578,11,0.006397797432506791,1669085,0.193,6183174,0.7874388758699885
5aa8724d-eb5b-4054-9233-eae5fdcc4312,9,3,12,1806290.125,0.1933160424232483,6499582.999504441,0.7825285676865225,0.005616042423248285,12,0.010648878459045497,1702699,0.19,7885873,0.8224241315599445
5c5c183d-bc7f-46f0-a88e-e07183a004b9,9,1,10,2031649.875,0.8781300783157349,283156.3387750536,0.12232399286386655,0.7138300783157349,0,-0.0031871118867395354,2098327,0.8673,317192,0.1313142227405373
5c5c183d-bc7f-46f0-a88e-e07183a004b9,9,2,11,2029775.5,0.8803035616874695,276849.7031610259,0.12002370510025982,0.7160035616874695,0,-0.006093868277425571,2147350,0.8603,344272,0.1381718414751515
5c5c183d-bc7f-46f0-a88e-e07183a004b9,9,3,12,2029775.5,0.8826562166213989,270668.1281753492,0.11765910055793717,0.7183562166213989,0,-0.008205085816010718,2076133,0.8581,343534,0.1419757346775403
5c6e855d-3c4b-43a8-b6a1-37485bf2f2b6,9,1,10,1088097.125,0.9801802635192871,21997.96763688326,0.019816291219367534,0.8597802635192872,0,-0.009866810235407367,1069626,0.9617,41796,0.0376058778753704
5c6e855d-3c4b-43a8-b6a1-37485bf2f2b6,9,2,11,1089618.875,0.9800827503204346,22140.350202809088,0.019914698885246673,0.8596827503204346,0,-0.0015170401322202286,1014438,0.9681,929063,0.4780357715277738
5c6e855d-3c4b-43a8-b6a1-37485bf2f2b6,9,3,12,1089618.875,0.9788137674331665,23553.989503469318,0.021159327768895602,0.8584137674331666,0,0.0014310451654319031,973482,0.9455,103631,0.0962118180729412
5ccc0d83-dade-4a47-88df-8e2b08a7b5f1,9,1,10,847629.1875,0.871301531791687,125211.02124776691,0.1287066674689954,0.631401531791687,0,-0.0578134539095177,754751,0.8666,117389,0.1345988029444814
5ccc0d83-dade-4a47-88df-8e2b08a7b5f1,9,2,11,847509.9375,0.8738845586776733,122675.13299595134,0.12644508426958243,0.6339845586776733,0,-0.010022648864301376,787303,0.861,125733,0.1377086993283945
5ccc0d83-dade-4a47-88df-8e2b08a7b5f1,9,3,12,849244.625,0.8767892122268677,119750.9990349533,0.12358260044178866,0.6368892122268677,0,-0.005066406806418747,847737,0.8627,133668,0.136200651107341
5cea3c97-3815-4fee-ac7c-c2a6f693c84e,9,1,10,1458030.125,0.4649659991264343,1452025.0966120139,0.49896822776018324,0.24716599912643433,0,0.09595376223691626,1478854,0.4914,1391006,0.4846947237844354
5cea3c97-3815-4fee-ac7c-c2a6f693c84e,9,2,11,1463612.625,0.43097469210624695,1659071.652246917,0.5312966361458805,0.21317469210624695,0,0.11376388045533803,1528212,0.4256,1676870,0.5231909823212011
5cea3c97-3815-4fee-ac7c-c2a6f693c84e,9,3,12,1457637.25,0.3945326805114746,1887065.3846694652,0.5641952636115143,0.17673268051147462,0,0.1036802959757539,1440476,0.3939,1889295,0.5673948749028086
5d3fc9ec-014c-407b-b0ed-e792a0499c42,9,1,10,1051613.25,0.32966917753219604,1766307.8078380972,0.6268123810371057,0.04766917753219607,1,0.021636955978640127,978046,0.3298,1716633,0.6370454514248265
5d3fc9ec-014c-407b-b0ed-e792a0499c42,9,2,11,1083229.0,0.2876339554786682,2029913.2645175676,0.6520464187113325,0.00563395547866824,2,0.04781629151825795,927626,0.3012,1847814,0.6657733548554463
5d3fc9ec-014c-407b-b0ed-e792a0499c42,9,3,12,1121700.125,0.2862367630004883,2249505.774673062,0.6672703601080011,0.004236763000488308,3,0.054408025630638734,1003541,0.282,2047273,0.6710579537133369
5d508c32-bab7-4f8f-872e-32fd9480d510,9,1,10,1728001.375,0.9374611377716064,115539.75841382146,0.06267273147297123,0.7745611377716064,0,-0.009459901151467276,1818172,0.939,118145,0.0610153192891453
5d508c32-bab7-4f8f-872e-32fd9480d510,9,2,11,1728001.375,0.9390458464622498,112371.48929926427,0.061059088339715635,0.7761458464622497,0,-0.004564711743559567,1711968,0.9415,106988,0.0588183551443795
5d508c32-bab7-4f8f-872e-32fd9480d510,9,3,12,1728001.375,0.9386168122291565,112967.95309764682,0.061363299960234256,0.7757168122291564,0,-0.003134650168101945,1763604,0.9528,88357,0.0477099679744875
5e39f363-bdeb-4f13-ae02-5246ddda6cff,9,1,10,642263.6875,0.49971866607666016,792543.5317381024,0.5523693504685259,0.30251866607666017,0,0.10145474560196988,612480,0.447,859655,0.5839512001277056
5e39f363-bdeb-4f13-ae02-5246ddda6cff,9,2,11,667343.875,0.47627928853034973,764573.2713224617,0.5339507759133174,0.27907928853034975,0,0.07003267277489622,631477,0.4487,822079,0.5655640374364661
5e39f363-bdeb-4f13-ae02-5246ddda6cff,9,3,12,676457.875,0.4395844340324402,807576.285443184,0.5441763451065127,0.2423844340324402,0,-0.05953372751697639,563599,0.4415,773914,0.5786216657333424
5ef75e0f-b160-4378-a564-7aa758dc604e,9,1,10,820040.875,0.8604109883308411,133752.77764264494,0.1402324048519934,0.615010988330841,0,0.0007001516031293897,893489,0.865,139265,0.1348481826262595
5ef75e0f-b160-4378-a564-7aa758dc604e,9,2,11,835172.4375,0.8614109754562378,134282.40042247414,0.13851331198701233,0.6160109754562377,0,-0.001476258692258564,847242,0.8465,151424,0.1516262694434375
5ef75e0f-b160-4378-a564-7aa758dc604e,9,3,12,844677.5,0.8613397479057312,135742.82658276055,0.13845370490827136,0.6159397479057311,0,-0.006275100784959936,881612,0.8552,149605,0.145076157588558
5f329d9c-9681-4e90-9282-ae8c32309cf5,9,1,10,676693.1875,0.2670084238052368,1356497.8040723875,0.66717677271594,0.11880842380523682,0,0.1314876330308412,595022,0.2027,1410426,0.7032972183771407
5f329d9c-9681-4e90-9282-ae8c32309cf5,9,2,11,707838.8125,0.26908862590789795,1508847.1130075646,0.6806769942665996,0.12088862590789795,0,0.08690722345495039,637593,0.1517,1737375,0.7315361722768475
5f329d9c-9681-4e90-9282-ae8c32309cf5,9,3,12,715408.3125,0.2707206606864929,1622103.5271786402,0.6939445181170274,0.12252066068649292,0,0.049331462541795656,646841,0.1482,2030875,0.7584355473097222
5fb1592a-7a82-4127-8b4c-ab776a7888ce,9,1,10,1393391.0,0.8748793601989746,199461.94378328323,0.1252230750878539,0.5796793601989746,0,0.0036679017714721096,1395759,0.8728,203041,0.1269958719039279
5fb1592a-7a82-4127-8b4c-ab776a7888ce,9,2,11,1398907.625,0.8787041902542114,193875.53111859527,0.12172123391299833,0.5835041902542114,0,-0.001239690159332868,1404050,0.8798,193159,0.1209353315690056
5fb1592a-7a82-4127-8b4c-ab776a7888ce,9,3,12,1400720.625,0.8803356885910034,190816.25099736452,0.11989433224900062,0.5851356885910034,0,-0.00829710888468968,1399727,0.8774,195264,0.1224232613224776
5fdac65f-ff9e-4abb-8dfb-37e2b26ba270,9,1,10,1295025.75,0.8717964291572571,356845.8895470649,0.21602519288054992,0.7468964291572571,0,0.09168985829526001,1275328,0.8614,382998,0.2309545891459218
5fdac65f-ff9e-4abb-8dfb-37e2b26ba270,9,2,11,1324006.25,0.8804980516433716,200865.10557528166,0.1317259353327561,0.7555980516433716,0,0.0008957363183155764,1181065,0.8344,258938,0.1798176809353869
5fdac65f-ff9e-4abb-8dfb-37e2b26ba270,9,3,12,1326764.5,0.8774139881134033,187266.02098736842,0.12368708450160153,0.7525139881134033,0,-0.4099675494082778,1302508,0.8353,257191,0.1648978424683224
607f16fd-52ab-4bf9-a2de-2e2715b6336f,9,1,10,2246003.5,0.250912606716156,6129563.03117916,0.7318386175264737,0.004712606716156004,10,0.025142480516930688,2430166,0.2477,6294511,0.7214606340154484
607f16fd-52ab-4bf9-a2de-2e2715b6336f,9,2,11,2283425.5,0.2516913414001465,6295512.162582628,0.7338335362944471,0.005491341400146482,11,0.009705720580272081,2255161,0.2473,6434934,0.7404906390551542
607f16fd-52ab-4bf9-a2de-2e2715b6336f,9,3,12,2314461.0,0.25061726570129395,6452165.230814648,0.735991824099369,0.004417265701293943,12,0.006887172899448846,2349562,0.2503,6585652,0.7370446863387939
60bae007-159d-4c74-9df7-edd1b828bb0e,9,1,10,605640.0,0.9737988710403442,16237.520845651627,0.026110480442469212,0.8023988710403442,0,0.01996515149671241,635677,0.9792,13546,0.0208649416302256
60bae007-159d-4c74-9df7-edd1b828bb0e,9,2,11,615816.0625,0.9745398759841919,16092.162616616231,0.025465980623446523,0.8031398759841919,0,0.004077808168438921,605486,0.976,14860,0.0239543738494324
60bae007-159d-4c74-9df7-edd1b828bb0e,9,3,12,633213.75,0.9766111373901367,15186.526781961904,0.023421530381407735,0.8052111373901367,0,0.00031605320557093544,584893,0.961,23403,0.0384730460170706
615e25db-0025-43e1-9487-738f7ef61dc3,9,1,10,2048088.375,0.9020791053771973,222511.75666719675,0.09799689234749434,0.7992791053771973,0,0.006747046588255645,2048458,0.8972,233748,0.1024219548980241
615e25db-0025-43e1-9487-738f7ef61dc3,9,2,11,2045487.375,0.9018787741661072,222538.8549893899,0.09812005348387481,0.7990787741661072,0,0.00347751149239911,1979517,0.9078,204015,0.0934334829991042
615e25db-0025-43e1-9487-738f7ef61dc3,9,3,12,2042387.5,0.9025687575340271,220674.58886054344,0.09751150441111121,0.7997687575340271,0,-0.0007414234756713822,2123308,0.9062,218296,0.0932249859498019
6287a5b9-3e6b-49ed-b016-80ef23918148,9,1,10,1877388.25,0.3004702031612396,4184239.053733088,0.6902831276274938,0.0057702031612396065,10,0.009709919892058272,1963819,0.3029,4230007,0.682939268878396
6287a5b9-3e6b-49ed-b016-80ef23918148,9,2,11,1917853.375,0.3008870780467987,4266051.667880096,0.689863708821315,0.0061870780467986886,11,0.007326579677227163,1983910,0.2949,4381706,0.6883396673629072
6287a5b9-3e6b-49ed-b016-80ef23918148,9,3,12,1958486.5,0.3007808029651642,4352316.579657808,0.6896612879091458,0.006080802965164167,12,0.0039990984721600675,2058256,0.2964,4531278,0.6876477153012641
62ac58da-7fd2-47fb-92b5-4aab3fec0d54,9,1,10,907675.3125,0.2948169410228729,1747484.0359493885,0.6581465767656913,0.17331694102287293,0,0.052206521947166684,912378,0.2643,1826666,0.6668991078639116
62ac58da-7fd2-47fb-92b5-4aab3fec0d54,9,2,11,935149.875,0.2928027808666229,1897151.241776303,0.6698268169789876,0.17130278086662293,0,0.04580935672584785,802096,0.2202,2049867,0.7187565196322673
62ac58da-7fd2-47fb-92b5-4aab3fec0d54,9,3,12,968500.3125,0.29490190744400024,2020565.4448503572,0.6759856118526739,0.17340190744400025,0,0.03626252420015541,877098,0.233,2244891,0.7190579467128168
62b80904-9064-4043-96b5-5fc60565e469,9,1,10,1357488.75,0.8687571287155151,205318.54615554214,0.1313780314825887,0.5808571287155151,0,0.010682084318017301,1490455,0.8721,217066,0.1271234731520139
62b80904-9064-4043-96b5-5fc60565e469,9,2,11,1375840.875,0.8703688979148865,204967.43833665317,0.1296598939969028,0.5824688979148864,0,0.005019786518764807,1435687,0.8625,227314,0.136689033861074
62b80904-9064-4043-96b5-5fc60565e469,9,3,12,1396628.75,0.8705548048019409,207318.93122770544,0.12925542002032003,0.5826548048019409,0,-0.0032555047282698535,1475566,0.8766,210129,0.1246542227389889
62df8486-7485-499c-bbab-39c11d2b2313,9,1,10,2214977.0,0.16470226645469666,8575541.581258446,0.7947293280373854,0.0011022664546966598,10,0.024459344928899673,2104675,0.164,8494601,0.8014321921610494
62df8486-7485-499c-bbab-39c11d2b2313,9,2,11,2255571.5,0.16546939313411713,9038895.372735614,0.8002941152145164,0.001869393134117131,11,0.012242631780555513,2216441,0.1636,8958239,0.8016550809508639
62df8486-7485-499c-bbab-39c11d2b2313,9,3,12,2352540.0,0.16704878211021423,9488509.967232915,0.8013233618209488,0.003448782110214238,12,0.009422368919313695,2202899,0.1637,9333867,0.8090540277925373
63c4777b-6db9-434d-a99b-890f3e82af99,9,1,10,929123.6875,0.8698217272758484,139164.69856613502,0.13026884910599382,0.5860217272758483,0,0.013541441523119924,892168,0.8602,144275,0.139202059351069
63c4777b-6db9-434d-a99b-890f3e82af99,9,2,11,937283.0,0.8725503087043762,137192.92687813856,0.1276835743326042,0.5887503087043762,0,0.024986003843622692,934633,0.8646,146062,0.1351556174498817
63c4777b-6db9-434d-a99b-890f3e82af99,9,3,12,939504.8125,0.8747954964637756,134807.40591741493,0.12548252138098337,0.5909954964637756,0,-0.004883348754453343,957374,0.8926,118563,0.110195113654424
6426f537-f77c-4b03-8f45-c61a34b44074,9,1,10,1547124.75,0.4734220802783966,1605702.3442093208,0.5092896934178389,0.2747220802783966,0,-0.005226885612969356,1485998,0.4775,1561343,0.512362416939883
6426f537-f77c-4b03-8f45-c61a34b44074,9,2,11,1549237.25,0.43470942974090576,1783457.6023435823,0.5351397836766958,0.23600942974090577,0,0.028112743014628183,1553781,0.4392,1746914,0.5292564141794379
6426f537-f77c-4b03-8f45-c61a34b44074,9,3,12,1554316.875,0.3953988254070282,2018022.3695283725,0.5649022199163495,0.1966988254070282,0,0.07204058684225506,1647926,0.421,1965770,0.5439776893241711
647f019e-310d-45fa-a94e-fb5999f406b5,9,1,10,893204.6875,0.9391204118728638,112459.00870833546,0.11182566212973667,0.6545204118728638,0,0.05309039816136657,931342,0.9639,68029,0.0680718171730018
647f019e-310d-45fa-a94e-fb5999f406b5,9,2,11,908704.5,0.9380531311035156,63257.88199582929,0.06508264431585864,0.6534531311035157,0,0.00669176608107544,982971,0.9635,38323,0.0375239646957683
647f019e-310d-45fa-a94e-fb5999f406b5,9,3,12,901292.9375,0.9334079623222351,64231.40451398527,0.06652489400733815,0.6488079623222351,0,-0.44883657618210754,898182,0.9558,41349,0.0440102561810094
649cbeef-2129-4bde-b507-9ff45731cdca,9,1,10,1576042.5,0.9611069560050964,63728.13889828324,0.03886405658604817,0.8240069560050964,0,0.0060695228621476666,1607946,0.9645,59368,0.0356069702527538
649cbeef-2129-4bde-b507-9ff45731cdca,9,2,11,1579226.75,0.9596512913703918,66291.10810374701,0.040285863673420845,0.8225512913703918,0,0.003479446496155447,1595271,0.9523,78862,0.0471061737627775
649cbeef-2129-4bde-b507-9ff45731cdca,9,3,12,1575451.0,0.9582340121269226,68568.98097778158,0.041708118983444564,0.8211340121269226,0,0.003485934266325867,1672251,0.9561,76920,0.043975117355593
64fb0333-3201-4e64-8178-1bbc4dba5a42,9,1,10,4438263.0,0.11775746941566467,20300890.27335003,0.820597619047008,0.0019574694156646727,10,0.018591364230956864,4126628,0.1188,20002610,0.8289781053177062
64fb0333-3201-4e64-8178-1bbc4dba5a42,9,2,11,4450647.5,0.11728209257125854,21848625.62893499,0.8307691821678787,0.0014820925712585448,11,0.013948453332879196,4565758,0.1246,21723351,0.8263251143277621
64fb0333-3201-4e64-8178-1bbc4dba5a42,9,3,12,4456891.5,0.11681816726922989,23232554.82886347,0.8390400643239249,0.0010181672692298888,12,0.01875066731195385,4261679,0.1262,22704858,0.8419641721144988
6578fcaf-b6fe-4c1d-81d0-c4907a9461a9,9,1,10,1653822.875,0.21349772810935974,5536013.217016529,0.769977666551206,0.0057977281093597455,10,0.012476540857129903,1735373,0.2127,5605814,0.7636113887304601
6578fcaf-b6fe-4c1d-81d0-c4907a9461a9,9,2,11,1686625.375,0.21408873796463013,5676353.011077077,0.7709316411699237,0.006388737964630131,11,0.0175034265223718,1845594,0.2086,5903751,0.7618387102393815
6578fcaf-b6fe-4c1d-81d0-c4907a9461a9,9,3,12,1715993.125,0.21409200131893158,5809703.957362065,0.7719821690642102,0.006392001318931584,12,0.0013701203072963297,1804796,0.2145,7708547,0.8102879292799597
65a2b553-04c9-4c60-bad2-b641e87f438e,9,1,10,1041866.4375,0.30245739221572876,1907083.189942304,0.6466991406687281,0.13845739221572875,0,0.12390329809690381,969290,0.3137,1826592,0.6533151256025826
65a2b553-04c9-4c60-bad2-b641e87f438e,9,2,11,1059341.0,0.2883594036102295,2111027.879675583,0.6658619106466879,0.12435940361022949,0,0.02521589507844879,978045,0.3084,1939619,0.6647849101198767
65a2b553-04c9-4c60-bad2-b641e87f438e,9,3,12,1085612.625,0.28500208258628845,2285591.303563358,0.677974798320007,0.12100208258628845,0,0.05053760281301578,964271,0.3072,2011881,0.676000755337765
667aa284-d742-4aae-89ca-55e656757ff8,9,1,10,1689546.0,0.9414781928062439,105008.13656365871,0.05851488925529761,0.834178192806244,0,-0.015850490931989293,1496447,0.9343,105124,0.0656380516380479
667aa284-d742-4aae-89ca-55e656757ff8,9,2,11,1693188.5,0.9427068829536438,103024.29037100566,0.05735639503475872,0.8354068829536438,0,-0.01614539520363268,1510774,0.9433,91656,0.0571981303395468
667aa284-d742-4aae-89ca-55e656757ff8,9,3,12,1694131.0,0.9426093697547913,103139.8747629032,0.05738693939304473,0.8353093697547913,0,-0.0015332286033119744,1564298,0.9363,105443,0.0631493147739679
66e20e35-3fe4-4b22-8b5a-b823cafe9b8e,9,1,10,2503554.0,0.4107954800128937,3049132.8017287552,0.5491274603817828,0.2503954800128937,0,0.08181949528565396,2347623,0.4525,2748017,0.5392879010291151
66e20e35-3fe4-4b22-8b5a-b823cafe9b8e,9,2,11,2502552.0,0.372506707906723,3483644.9729009885,0.5819462654956322,0.21210670790672304,0,0.07572334046553997,2450526,0.3801,3222463,0.5680361798692012
66e20e35-3fe4-4b22-8b5a-b823cafe9b8e,9,3,12,2452699.5,0.3423868715763092,3903818.060225105,0.6141441478353846,0.18198687157630922,0,0.09574239887507174,2591394,0.3579,3732947,0.5902507470738848
6770b7aa-6665-4bee-aa33-62c89bf944dd,9,1,10,1531308.625,0.295917272567749,2801237.224270016,0.646556856343942,0.171517272567749,0,0.07391766712537018,1418611,0.3605,2472282,0.6354022071539875
6770b7aa-6665-4bee-aa33-62c89bf944dd,9,2,11,1555596.75,0.28612035512924194,3110255.0903127324,0.6665996256975586,0.16172035512924193,0,0.0750146577559101,1385650,0.3293,2587431,0.651240435319592
6770b7aa-6665-4bee-aa33-62c89bf944dd,9,3,12,1598360.0,0.29096660017967224,3338565.3659297363,0.6762438397326285,0.16656660017967223,0,0.058358847325992724,1300145,0.2792,2802090,0.6830642320588655
679d56d2-32ee-4a5f-8d86-b57d5529a977,9,1,10,1072512.875,0.2795755863189697,2068954.3644988835,0.6585949197512294,0.11757558631896972,0,0.08801396958731122,914580,0.2549,2022080,0.6885645597379336
679d56d2-32ee-4a5f-8d86-b57d5529a977,9,2,11,1095733.0,0.27995043992996216,2278731.7445666287,0.6752868727509194,0.11795043992996215,0,0.07316657707423135,999579,0.2429,2287781,0.6959326024530322
679d56d2-32ee-4a5f-8d86-b57d5529a977,9,3,12,1116238.25,0.28326836228370667,2433282.4042034154,0.6855242274254334,0.12126836228370666,0,0.05668819172943307,869556,0.1925,2549397,0.7456659977484336
67b4244d-fc3e-4266-abb8-bd5a23b43b9f,9,1,10,1086423.75,0.5258470177650452,906905.6524408013,0.4549702880669443,0.3291470177650452,0,0.04428978804031941,1068387,0.5212,907092,0.4591757239636564
67b4244d-fc3e-4266-abb8-bd5a23b43b9f,9,2,11,1078917.375,0.5003760457038879,992164.7535022498,0.4790562092386729,0.30367604570388795,0,0.050414397110079445,1089390,0.4671,1063941,0.4940907830705079
67b4244d-fc3e-4266-abb8-bd5a23b43b9f,9,3,12,1079032.375,0.46690353751182556,1104147.862320214,0.5057520416525578,0.2702035375118256,0,0.07342982618577171,1103241,0.4372,1219679,0.5250628519277462
68eb7ad6-7544-4c51-896d-9365f4a79733,9,1,10,486977.1875,0.8865059614181519,62483.48325713724,0.11371784475681804,0.6208059614181518,0,0.01601604038834703,477732,0.8807,64567,0.1190616246756862
68eb7ad6-7544-4c51-896d-9365f4a79733,9,2,11,486977.1875,0.8879592418670654,61561.99011586042,0.11222897584713995,0.6222592418670654,0,0.0059826319103827436,461705,0.8721,67324,0.1272595642204869
68eb7ad6-7544-4c51-896d-9365f4a79733,9,3,12,487180.3125,0.8882908225059509,61299.55128140835,0.11176262854717803,0.6225908225059509,0,-0.0037091806147080686,463621,0.8795,63953,0.1212209092942411
694d635b-f8a6-4ca3-b55d-316af4d98abd,9,1,10,1308770.125,0.33900025486946106,2043791.4645762406,0.6096208555663173,0.21710025486946105,0,0.08359689859085284,1301278,0.3063,2139647,0.6218232016100322
694d635b-f8a6-4ca3-b55d-316af4d98abd,9,2,11,1289677.75,0.3034854233264923,2321809.8988447404,0.6428957052054302,0.1815854233264923,0,0.0959569445400098,1133643,0.2602,2421537,0.681129225524446
694d635b-f8a6-4ca3-b55d-316af4d98abd,9,3,12,1296428.25,0.29223334789276123,2560868.301134535,0.6639023645670475,0.17033334789276122,0,0.09382108194810079,1242493,0.2403,2783676,0.6913957163745487
694ebedd-4dc4-4d42-a48b-38bd827f1bbf,9,1,10,1777266.125,0.47032859921455383,1965808.7316276096,0.525185524448405,0.27932859921455383,0,-0.07830544497164782,1806511,0.4831,1933358,0.5169587490898745
694ebedd-4dc4-4d42-a48b-38bd827f1bbf,9,2,11,1748666.375,0.43516334891319275,2098071.67977285,0.5454157912233359,0.24416334891319275,0,-0.010440656242009627,1834503,0.3958,3048200,0.6242853599737687
694ebedd-4dc4-4d42-a48b-38bd827f1bbf,9,3,12,1710073.25,0.3939930200576782,2307762.40807431,0.5743794929582527,0.20299302005767822,0,0.05941397694715422,1929569,0.3579,3196192,0.6235546292540757
6987a5d7-97f8-4ac9-b5b6-1195f420c30d,9,1,10,2214071.0,0.39761078357696533,3566749.5623868704,0.616997106880304,0.16641078357696534,0,0.11647179883116188,2342999,0.4214,3500768,0.5990601610228471
6987a5d7-97f8-4ac9-b5b6-1195f420c30d,9,2,11,2205236.75,0.3743874132633209,3611027.2875010553,0.6208499587051974,0.14318741326332093,0,0.09027542263691213,2343186,0.4356,3298180,0.5846420884587172
6987a5d7-97f8-4ac9-b5b6-1195f420c30d,9,3,12,2173491.75,0.33954742550849915,3820400.490512671,0.6373822446607588,0.10834742550849916,0,0.014734076701658383,2347970,0.3941,3420764,0.5929834864980774
69bec078-3824-4d98-962f-cd86c9d1e960,9,1,10,656943.125,0.9358207583427429,45268.0659744516,0.06446503068632892,0.6807207583427429,0,-0.0052332531038592894,662306,0.9344,46620,0.0657614475981978
69bec078-3824-4d98-962f-cd86c9d1e960,9,2,11,656099.3125,0.9385960698127747,43066.71354344243,0.06159726293789695,0.6834960698127747,0,-0.008550866680957454,642340,0.9311,47464,0.0688079512441215
69bec078-3824-4d98-962f-cd86c9d1e960,9,3,12,656099.3125,0.9399988055229187,41950.79670040065,0.06009711358465979,0.6848988055229187,0,-0.008057178889427606,688796,0.9251,55159,0.0741429253113427
6abdc0ac-a452-42de-9583-962747c62d0e,9,1,10,954395.25,0.9918690919876099,7760.099985212088,0.008065329559651004,0.8877690919876099,0,-0.013070647003410695,965624,1.0,0,0.0
6abdc0ac-a452-42de-9583-962747c62d0e,9,2,11,965788.25,0.9907772541046143,8978.789048785693,0.009211215284369415,0.8866772541046143,0,-0.009836844730507385,1015116,0.9767,23644,0.0227617543994762
6abdc0ac-a452-42de-9583-962747c62d0e,9,3,12,981415.875,0.9898757338523865,10027.019170006155,0.010113561990275143,0.8857757338523865,0,0.010113561990275143,916959,0.9806,18231,0.0194944342860809
6aee5b86-8f08-44ce-a24d-db2d20472944,9,1,10,1478485.5,0.9460235834121704,84444.07963603735,0.05402935662379748,0.6919235834121704,0,0.0030652737299454794,1509576,0.9496,80360,0.0505429149349407
6aee5b86-8f08-44ce-a24d-db2d20472944,9,2,11,1467236.5,0.9416581392288208,90527.93233846826,0.05811400649491689,0.6875581392288208,0,-0.0008063739989187108,1452764,0.9383,94614,0.0611447235258611
6aee5b86-8f08-44ce-a24d-db2d20472944,9,3,12,1452875.75,0.9418407678604126,89763.17304621707,0.05818806442985608,0.6877407678604126,0,0.003954336535223882,1477354,0.9447,86866,0.0555331091534438
6b164710-2129-4cbe-b253-b6c550ff1f5b,9,1,10,2551075.5,0.1458301693201065,13094396.5979731,0.8369448052430136,0.0035301693201064965,10,0.027319206550920794,2800634,0.1435,13362560,0.8267276876092683
6b164710-2129-4cbe-b253-b6c550ff1f5b,9,2,11,2624472.5,0.14509858191013336,13438083.482626187,0.8366092854189134,0.002798581910133352,11,0.012631767764954005,2833013,0.1436,13869732,0.830386382597591
6b164710-2129-4cbe-b253-b6c550ff1f5b,9,3,12,2660713.5,0.1447979211807251,13767724.646031385,0.8380422121476747,0.002497921180725088,12,0.002312564156366048,3132161,0.1438,14557244,0.8229357629609362
6b1a911c-97d3-4d39-847d-cb8c60de6940,9,1,10,859783.1875,0.8692021369934082,129292.53492584825,0.1307205626367413,0.7550021369934082,0,0.030616291712223215,812006,0.8691,123175,0.131712470634027
6b1a911c-97d3-4d39-847d-cb8c60de6940,9,2,11,859783.1875,0.869251012802124,129320.64896918717,0.13074527082093246,0.755051012802124,0,0.018155156759544752,872286,0.8815,117938,0.1191023445200278
6b1a911c-97d3-4d39-847d-cb8c60de6940,9,3,12,859783.1875,0.8690101504325867,129562.56274565018,0.1309578200679392,0.7548101504325867,0,0.0015268184931424011,873075,0.8774,121467,0.1221336052172759
6b71c0aa-7be9-4db3-965a-db3f35a96e9c,9,1,10,2076926.5,0.9756622314453125,51993.882331848145,0.024422652328077308,0.8196622314453125,0,-0.01950636491774559,2104405,0.958,90884,0.0413995606045491
6b71c0aa-7be9-4db3-965a-db3f35a96e9c,9,2,11,2070529.625,0.9793699979782104,43787.66424755193,0.020710072452340012,0.8233699979782104,0,-0.02040077908633459,2118681,0.9494,111747,0.0501011465064104
6b71c0aa-7be9-4db3-965a-db3f35a96e9c,9,3,12,2065735.875,0.985569179058075,30442.156467657536,0.014522696073836435,0.8295691790580749,0,-0.012924597952511864,2199319,0.9639,83448,0.0365556362081631
6b7200d0-4753-44d9-b1eb-bbb91d1b07ec,9,1,10,1269470.0,0.24817463755607605,2900709.153539121,0.695583821879059,0.07387463755607604,0,0.07141843157285666,1178097,0.2182,2945069,0.7142736916243488
6b7200d0-4753-44d9-b1eb-bbb91d1b07ec,9,2,11,1295234.375,0.2432706356048584,3175193.6793893166,0.7102661402349901,0.06897063560485839,0,0.05614852601252396,1234553,0.2127,3290792,0.727191407505947
6b7200d0-4753-44d9-b1eb-bbb91d1b07ec,9,3,12,1313058.25,0.24512526392936707,3388067.9906162694,0.7206928334203015,0.07082526392936705,0,0.04627961480117049,1221416,0.1902,3654084,0.7494788226848529
6b938618-303e-455e-86cc-24d36b5f7475,9,1,10,2896901.25,0.609150767326355,1733196.005652696,0.37433252693271357,0.33455076732635497,0,0.11618578290443254,3073127,0.6014,1837911,0.3742408427709173
6b938618-303e-455e-86cc-24d36b5f7475,9,2,11,2858186.75,0.5836758017539978,1911503.7445876286,0.40076054133002836,0.3090758017539978,0,0.10639153574670857,3072468,0.5091,2410362,0.4396200502295347
6b938618-303e-455e-86cc-24d36b5f7475,9,3,12,2785748.5,0.5452307462692261,2136165.8978563184,0.43401118450713005,0.27063074626922606,0,0.09283182921603028,3191803,0.4753,2939698,0.4794418202003065
6bd19b18-17b5-4972-bfeb-d196ec221ca3,9,1,10,1744182.875,0.2990749180316925,3882566.2291984595,0.6900194334773948,0.005674918031692511,10,0.012243010629278461,1719844,0.2969,3877306,0.692728620815951
6bd19b18-17b5-4972-bfeb-d196ec221ca3,9,2,11,1763254.25,0.29922980070114136,3956422.742413482,0.6917213590315046,0.005829800701141363,11,0.0005977360732097869,1681921,0.294,5559227,0.7677272995939318
6bd19b18-17b5-4972-bfeb-d196ec221ca3,9,3,12,1791992.75,0.2994510531425476,4027046.4193093283,0.6920466252484954,0.006051053142547613,12,9.066660007606142e-05,1844801,0.2951,5219158,0.7388431897750256
6cbd6d17-17ab-477b-9a22-032e729f8b45,9,1,10,1296235.375,0.3564091622829437,1865396.1536115967,0.5900106121571888,0.24460916228294372,0,0.11264932940316708,1301609,0.371,1826514,0.5839009527438659
6cbd6d17-17ab-477b-9a22-032e729f8b45,9,2,11,1311717.375,0.31945765018463135,2162160.3063915335,0.6224054226127603,0.20765765018463134,0,0.09089193726164968,1391141,0.3704,2025682,0.5928554098353939
6cbd6d17-17ab-477b-9a22-032e729f8b45,9,3,12,1313604.625,0.2993490397930145,2435298.0366332447,0.6496028988846256,0.18754903979301452,0,0.09500479787074845,1245441,0.3595,2095220,0.6271872542589625
6d7a9fb5-ff6d-4382-a60e-6b0e455e0870,9,1,10,3975634.75,0.22460782527923584,13554292.341457456,0.7732087116359215,0.003607825279235838,10,0.0462538863320624,3646674,0.2212,13356915,0.7855350420431828
6d7a9fb5-ff6d-4382-a60e-6b0e455e0870,9,2,11,4308412.0,0.22403326630592346,13860864.342783744,0.7628737700546251,0.00303326630592346,11,-0.03091693992379463,4026441,0.2239,13490889,0.7701452789894351
6d7a9fb5-ff6d-4382-a60e-6b0e455e0870,9,3,12,4324473.5,0.22301539778709412,14129727.48988263,0.7656645496398973,0.002015397787094114,12,-0.02018998277157913,3854972,0.2245,13451799,0.7772564275565904
6dd009bd-e70d-47d3-964d-71618fe030f3,9,1,10,960971.0625,0.8914757370948792,116772.9818627797,0.10834945688038776,0.7527757370948791,0,-0.004460401663083438,994351,0.8898,122201,0.109444969871533
6dd009bd-e70d-47d3-964d-71618fe030f3,9,2,11,960329.6875,0.891798734664917,116543.87172084826,0.10822428568602929,0.753098734664917,0,-0.009673732519724101,1023410,0.9019,112398,0.0989586268101651
6dd009bd-e70d-47d3-964d-71618fe030f3,9,3,12,960971.0625,0.8927361965179443,115578.35015324515,0.10736000484027272,0.7540361965179443,0,-0.0012318513133003778,972850,0.9034,104870,0.0973072783283227
6de603d8-d836-4bbc-be76-f0120f63834f,9,1,10,935963.6875,0.41073089838027954,1822683.3950700052,0.6607164093538056,0.25593089838027955,0,0.2377610154500472,931755,0.3724,1938731,0.6754016567229382
6de603d8-d836-4bbc-be76-f0120f63834f,9,2,11,961949.0625,0.3690566122531891,1756945.4364089468,0.6461984593789806,0.2142566122531891,0,0.04936630771992512,903034,0.3042,1977312,0.6864841932184537
6de603d8-d836-4bbc-be76-f0120f63834f,9,3,12,1007489.25,0.34060588479042053,1822851.9640992987,0.64403964971389,0.18580588479042054,0,-0.061833810455519944,944204,0.2571,2170376,0.6968438762208709
6ea30ff4-00f1-4343-9942-96166b1461e8,9,1,10,3729291.0,0.16040761768817902,16555532.615941405,0.8161536392621511,0.004707617688179011,10,0.027355735878824894,3504122,0.1572,16429413,0.824209704901815
6ea30ff4-00f1-4343-9942-96166b1461e8,9,2,11,3874742.75,0.1605568379163742,17150054.955425058,0.8157060627032718,0.0048568379163742015,11,-0.0002154494674245777,3840921,0.1567,17093910,0.8165296390498686
6ea30ff4-00f1-4343-9942-96166b1461e8,9,3,12,3898797.25,0.1605568379163742,17669315.05355291,0.819233264593223,0.0048568379163742015,12,0.0037343923707423565,3650468,0.1574,17478410,0.8272284974147704
6f14c493-775e-49c9-b0ff-93ccd3cae374,9,1,10,1502607.875,0.9270154237747192,119131.76584996283,0.07345924268554305,0.7704154237747193,0,-0.021586122393300156,1626337,0.9217,137514,0.0779623675695962
6f14c493-775e-49c9-b0ff-93ccd3cae374,9,2,11,1478303.375,0.9319325089454651,108733.40216000448,0.06851347349025046,0.7753325089454651,0,-0.01879004856420885,1425639,0.9183,127768,0.0822501765474212
6f14c493-775e-49c9-b0ff-93ccd3cae374,9,3,12,1465865.125,0.936130166053772,100569.34646168468,0.06420271533468014,0.779530166053772,0,-0.014891258887609268,1531527,0.9246,125188,0.0755639925998134
6f3ff4e3-fa06-4de8-b034-8d5c31c359c2,9,1,10,626676.5625,0.990339457988739,6132.5561449714005,0.009691004703129103,0.873339457988739,0,-0.017477415989163997,672142,0.94,40826,0.0572620370058684
6f3ff4e3-fa06-4de8-b034-8d5c31c359c2,9,2,11,631349.0625,0.9894707798957825,6712.184275105712,0.010519655141305772,0.8724707798957825,0,-0.005355637335296027,647744,0.9507,33919,0.0497591918587337
6f3ff4e3-fa06-4de8-b034-8d5c31c359c2,9,3,12,647294.625,0.9887184500694275,7378.210473771556,0.011270072735539908,0.8717184500694275,0,-0.0015877978062053925,666962,0.9576,29705,0.0426387355795523
6f65efd0-0ce0-4ea9-bbef-3a839281d41b,9,1,10,1247656.625,0.3068133592605591,2487791.8319242448,0.6659954917361338,0.19501335926055907,0,-0.006740343239576396,1158165,0.3033,2438210,0.6779632268603802
6f65efd0-0ce0-4ea9-bbef-3a839281d41b,9,2,11,1265314.0,0.30208975076675415,2619331.0265569985,0.6742780894136263,0.19028975076675414,0,-0.013093246645595524,1071039,0.2095,2774073,0.7214544075699225
6f65efd0-0ce0-4ea9-bbef-3a839281d41b,9,3,12,1299927.375,0.2992299795150757,2746498.7903448096,0.6787467948549041,0.18742997951507567,0,0.022546570129567622,1028182,0.1893,3082514,0.7498764199541879
6f6c53b1-1678-47f8-885c-96c025bbf1df,9,1,10,854883.875,0.343994140625,1315319.8742980957,0.6060812837151842,0.05909414062500001,0,0.1009749268986817,831035,0.3574,1273184,0.6050624958713898
6f6c53b1-1678-47f8-885c-96c025bbf1df,9,2,11,860847.0,0.3121408522129059,1496896.2915971926,0.6348851874298659,0.027240852212905897,1,0.09550090776818754,826089,0.3049,1459145,0.6385101044356946
6f6c53b1-1678-47f8-885c-96c025bbf1df,9,3,12,898741.75,0.29343611001968384,1692671.3336557387,0.6531846830331913,0.008536110019683851,2,0.08033328853210331,831752,0.2849,1638220,0.6632544822370456
6fb0cca6-bbfa-42e4-96d4-f239856375f5,9,1,10,3616090.5,0.2486165165901184,9980401.019396693,0.7340423818275985,0.0026165165901184118,10,0.008423881384453158,3522342,0.253,9851935,0.736633090521454
6fb0cca6-bbfa-42e4-96d4-f239856375f5,9,2,11,3684730.25,0.25014251470565796,10246900.969886884,0.7355133658189154,0.0041425147056579625,11,0.009366464511835426,3734893,0.2495,10196586,0.7319097993831093
6fb0cca6-bbfa-42e4-96d4-f239856375f5,9,3,12,3831993.0,0.25014251470565796,10557164.027985055,0.7336888469180461,0.0041425147056579625,12,0.006158237013957346,3934013,0.2476,10631233,0.7299041155913192
6fef7351-cac2-4de5-b22e-786f4c26ec09,9,1,10,969160.0625,0.4768533408641815,1190992.0548586566,0.5513463821774514,0.25895334086418154,0,0.19179273990005785,1009926,0.4786,1208224,0.5446989608457499
6fef7351-cac2-4de5-b22e-786f4c26ec09,9,2,11,1002268.5625,0.43708810210227966,1234612.496701687,0.5519347985101648,0.21918810210227965,0,0.1414041512669627,1089342,0.4282,1313849,0.5467101865810916
6fef7351-cac2-4de5-b22e-786f4c26ec09,9,3,12,1029179.9375,0.40249067544937134,1352637.0882826736,0.5679013432352942,0.18459067544937133,0,-0.00938427302826006,1015764,0.4059,1384127,0.5767457772040481
700df212-608c-44f7-ac9e-ed8d49ca4df8,9,1,10,1917555.0,0.13620994985103607,8599414.335805252,0.8176703821440611,0.0027099498510360642,10,0.025562116097805676,1738249,0.1367,8440210,0.8292227733097908
700df212-608c-44f7-ac9e-ed8d49ca4df8,9,2,11,1914204.75,0.13690993189811707,9074200.212764911,0.8257977607772524,0.003409931898117058,11,0.03295216448666405,1894886,0.1417,8870606,0.8239851926878957
700df212-608c-44f7-ac9e-ed8d49ca4df8,9,3,12,1933801.875,0.13715970516204834,9498147.766983863,0.8308423378722639,0.0036597051620483323,12,0.026329759259059227,1724795,0.1337,9179324,0.8418217005885574
701ebf96-9931-4e29-b2d4-6d4ba0e147f9,9,1,10,1703718.25,0.9169877767562866,154095.44473591447,0.08294450900676503,0.7621877767562866,0,-0.017488997898961564,1926925,0.902,1757598,0.477021856017726
701ebf96-9931-4e29-b2d4-6d4ba0e147f9,9,2,11,1702718.875,0.9184479713439941,151426.97461198526,0.08166939760627472,0.7636479713439941,0,-0.016287689701513383,1775110,0.9501,176236,0.0903150953239456
701ebf96-9931-4e29-b2d4-6d4ba0e147f9,9,3,12,1703042.875,0.918886661529541,150422.24059483805,0.08115730872364577,0.764086661529541,0,-0.0013046381522256317,1857456,0.9599,81580,0.0420724524970139
70473ad2-0c67-41bc-b27b-258ce4d71123,9,1,10,2835284.5,0.43429872393608093,3262786.481584087,0.5350522306869766,0.1612987239360809,0,0.10087040772403733,3105969,0.4661,3223659,0.5092967548803816
70473ad2-0c67-41bc-b27b-258ce4d71123,9,2,11,2759216.75,0.3933565616607666,3653208.7460981454,0.569707788156145,0.12035656166076658,0,0.09115141922008707,2904102,0.4552,3338526,0.5347949613528149
70473ad2-0c67-41bc-b27b-258ce4d71123,9,3,12,2724248.25,0.36506330966949463,4049281.4378276835,0.5978096538211697,0.09206330966949461,0,0.09084125878138272,3397630,0.4306,3835762,0.530285376487269
706dfdbb-bfea-4545-ae7f-8444a99ec488,9,1,10,1534309.0,0.4220971465110779,1864691.975918591,0.5486000119239896,0.1989971465110779,0,0.05530960248519906,1650011,0.3844,2057411,0.5549438396815901
706dfdbb-bfea-4545-ae7f-8444a99ec488,9,2,11,1516172.625,0.3945957124233246,2046789.9251123206,0.5744629353591708,0.1714957124233246,0,0.07025576715026816,1584548,0.3474,3641959,0.6968246670290502
706dfdbb-bfea-4545-ae7f-8444a99ec488,9,3,12,1512088.875,0.36825743317604065,2248295.22819833,0.5978897810694608,0.14515743317604066,0,0.07405584848296531,1502252,0.3208,3996538,0.7268031694245461
70dcfd01-a39c-4665-9e6f-03de1b53d0e3,9,1,10,2895733.0,0.12666743993759155,15190462.716643512,0.839892642689073,0.003067439937591551,10,0.03501122569898807,2953108,0.1313,15159824,0.8369613489411875
70dcfd01-a39c-4665-9e6f-03de1b53d0e3,9,2,11,3038389.0,0.12669134140014648,15919414.040477583,0.8397288444492956,0.003091341400146483,11,0.02985140979017742,2779170,0.127,17938994,0.8658582874428449
70dcfd01-a39c-4665-9e6f-03de1b53d0e3,9,3,12,3231136.0,0.12641258537769318,16729679.498455923,0.8381260525027173,0.0028125853776931747,12,-0.0012186330833413583,2652738,0.1397,17714189,0.8697526632270053
70def817-4908-4152-8705-3f4c66ad6cb1,9,1,10,859988.75,0.30394500494003296,1549189.2428963631,0.6430364412526848,0.07214500494003295,0,0.10036443656734007,780341,0.319,1461451,0.6519119525807925
70def817-4908-4152-8705-3f4c66ad6cb1,9,2,11,895802.875,0.2824215292930603,1754473.7048505938,0.6619964565922778,0.0506215292930603,0,0.0976395917450501,861903,0.3031,1619202,0.6526132509506852
70def817-4908-4152-8705-3f4c66ad6cb1,9,3,12,947467.5,0.2809358835220337,1942868.965241304,0.6721947387807325,0.049135883522033685,1,0.05988919442150975,867363,0.2985,1744228,0.6678794650464027
71855253-e31c-4c08-af30-c4f44e01aa4d,9,1,10,1544376.125,0.898184061050415,191796.80588266253,0.11047102651528722,0.6862840610504151,0,-0.35072494150280387,1388868,0.9055,163344,0.1052330480630223
71855253-e31c-4c08-af30-c4f44e01aa4d,9,2,11,1557865.25,0.8973560333251953,179592.25375619018,0.1033649763334825,0.6854560333251953,0,-0.4901407950404555,1425072,0.8918,171841,0.1076082416512358
71855253-e31c-4c08-af30-c4f44e01aa4d,9,3,12,1573237.125,0.8966689109802246,181121.7685727335,0.10324100116361078,0.6847689109802246,0,-0.09240072125646571,1268714,0.885,165703,0.1155194061420075
7197f5b1-75b6-466a-a589-88b8270cb0f2,9,1,10,2060415.125,0.48242563009262085,1986944.262350209,0.49092360529195656,0.23732563009262084,0,0.10253977403280473,2124695,0.4685,2074757,0.4940542242178265
7197f5b1-75b6-466a-a589-88b8270cb0f2,9,2,11,2063494.75,0.4502364993095398,2226783.530762861,0.5190300919983478,0.20513649930953978,0,0.09632383294257824,2052925,0.4191,2397601,0.5387230632963385
7197f5b1-75b6-466a-a589-88b8270cb0f2,9,3,12,2071548.375,0.41542407870292664,2512701.3338519293,0.5481161571543635,0.17032407870292662,0,0.08678873573782758,2080262,0.4148,2620554,0.5574678949356877
725e040e-067f-4fb9-b468-089ebde09315,9,1,10,833247.3125,0.9705473184585571,25345.749925903976,0.029520096347262645,0.7726473184585572,0,0.0033185842512136465,886231,0.9619,34833,0.037818218929412
725e040e-067f-4fb9-b468-089ebde09315,9,2,11,838655.5625,0.9697879552841187,26103.246285591624,0.03018558009515884,0.7718879552841187,0,0.0006425753918011395,835367,0.9684,27472,0.031839080060127
725e040e-067f-4fb9-b468-089ebde09315,9,3,12,834974.6875,0.9703577756881714,25524.265263238456,0.029662168886173318,0.7724577756881714,0,-0.001987603454723083,872303,0.9705,26510,0.0294944554651523
7284fae8-5a81-48c4-828f-69e98fd10a25,9,1,10,1301748.0,0.17795008420944214,4681016.098534405,0.7824169600270737,0.002850084209442133,10,0.01667531153781443,1272187,0.1764,4672861,0.7860089607350521
7284fae8-5a81-48c4-828f-69e98fd10a25,9,2,11,1329670.75,0.1793724149465561,4932535.433025285,0.7876673633640032,0.004272414946556086,11,0.0167831899170241,1310680,0.1762,4935823,0.7901737980434813
7284fae8-5a81-48c4-828f-69e98fd10a25,9,3,12,1353124.25,0.17972047626972198,5155997.931122591,0.7921187815579405,0.004620476269721979,12,0.01509388922517807,1362243,0.1754,5193678,0.7922118036504711
739e394d-87f7-42ff-bd2a-e49ad6d7b309,9,1,10,2507180.0,0.21021805703639984,9514726.57517235,0.7914490530829918,0.0028180570363998403,10,-0.002040137962302957,2680976,0.2083,9675475,0.7830302568269805
739e394d-87f7-42ff-bd2a-e49ad6d7b309,9,2,11,2435277.0,0.21153905987739563,9422111.053348875,0.7946194398763726,0.004139059877395629,11,-0.003238499435640585,2606317,0.2078,9729223,0.7887148029190453
739e394d-87f7-42ff-bd2a-e49ad6d7b309,9,3,12,2416290.25,0.2122759222984314,9325393.74814154,0.7942126316478584,0.0048759222984313955,12,0.0013258793376033084,2532800,0.2089,9700592,0.7929601209541883
73bb2dea-8f15-426c-aded-628a4d341ca3,9,1,10,1799620.25,0.4026534855365753,2677779.130908124,0.5980657303715904,0.2396534855365753,0,-0.054332781034533206,1873731,0.4153,2664236,0.5870990247394924
73bb2dea-8f15-426c-aded-628a4d341ca3,9,2,11,1774683.625,0.3682873547077179,2812677.025600086,0.6131362323195914,0.2052873547077179,0,-0.01794093668190644,1873614,0.3933,2753142,0.5950480206866323
73bb2dea-8f15-426c-aded-628a4d341ca3,9,3,12,1697445.625,0.34566327929496765,2951138.8651711484,0.6348467735524573,0.18266327929496765,0,0.035786365833172296,1884755,0.3735,2905673,0.6065581196502693
7408420f-490e-4af3-8bcb-540865bfd516,9,1,10,1626916.75,0.8893994688987732,201160.43951784074,0.11003935756722463,0.7833994688987732,0,0.004283642150771427,1614326,0.9035,174321,0.0974596999855197
7408420f-490e-4af3-8bcb-540865bfd516,9,2,11,1624941.0,0.8845797181129456,210769.14290350513,0.1148161346268621,0.7785797181129456,0,0.004268074772606309,1565340,0.9019,170663,0.0983080098363885
7408420f-490e-4af3-8bcb-540865bfd516,9,3,12,1621857.125,0.8847915530204773,211134.02621904155,0.11518551307715022,0.7787915530204773,0,0.00831448902901162,1629755,0.9031,174468,0.0966997981956775
742caa69-ce93-4b3a-ae00-aeb886080482,9,1,10,2413144.75,0.14248007535934448,10783966.268158838,0.8171459839445478,0.0056800753593444775,10,0.02058046907532962,2426218,0.1409,10866682,0.8174801585808966
742caa69-ce93-4b3a-ae00-aeb886080482,9,2,11,2455661.25,0.14443206787109375,11327400.73786812,0.8218348541012528,0.007632067871093745,11,0.02373121618662377,2457054,0.1388,11474457,0.823633344581216
742caa69-ce93-4b3a-ae00-aeb886080482,9,3,12,2464697.0,0.14269989728927612,11823966.807270683,0.8275068240638529,0.005899897289276118,12,0.01591042093783912,2716317,0.1381,12249476,0.8184982914036029
74561373-0e2d-4a98-9f6a-72400bef3139,9,1,10,871118.875,0.9384700059890747,57161.295214906335,0.061577632539185786,0.7086700059890747,0,-0.025740836177191515,1020241,0.9475,56594,0.0525558697479186
74561373-0e2d-4a98-9f6a-72400bef3139,9,2,11,866079.0,0.9383053779602051,56958.96106519236,0.06170814578358328,0.7085053779602051,0,-0.00723141229523102,955804,0.9829,17292,0.0177700864046301
74561373-0e2d-4a98-9f6a-72400bef3139,9,3,12,855513.375,0.9382166862487793,56375.564628425054,0.06182284067552883,0.7084166862487793,0,-0.00027423374547597135,935382,1.0,0,0.0
7468798f-4415-4ef5-8d07-4769a9740f4b,9,1,10,2798254.5,0.35398054122924805,4116477.659542322,0.5953199002598514,0.21898054122924804,0,0.091270303645139,2785323,0.3537,5500650,0.6638508235544577
7468798f-4415-4ef5-8d07-4769a9740f4b,9,2,11,2631540.0,0.31975099444389343,4590332.30237871,0.6356152684763985,0.18475099444389342,0,0.09507990940421562,2787875,0.3342,7169574,0.7200211620466246
7468798f-4415-4ef5-8d07-4769a9740f4b,9,3,12,2596437.25,0.3021876811981201,5015016.326040136,0.6588776080598788,0.1671876811981201,0,0.10503965100304402,2803505,0.2256,7723152,0.733675657903549
7475b3df-a6b0-4fab-a3da-2bd1ccb89996,9,1,10,1614594.75,0.3484988808631897,2821197.0878262073,0.6360075474616401,0.1671988808631897,0,-0.012948204301181598,1737286,0.3553,2870739,0.6229868544549997
7475b3df-a6b0-4fab-a3da-2bd1ccb89996,9,2,11,1615149.25,0.310188889503479,3060240.99384307,0.654542366356058,0.12888888950347901,0,0.040500736993375086,1716354,0.3156,3139577,0.6465448129308262
7475b3df-a6b0-4fab-a3da-2bd1ccb89996,9,3,12,1621590.125,0.2991828918457031,3281107.3455743967,0.6692453216351496,0.11788289184570314,0,0.04375332135415466,1469301,0.2842,3299170,0.691871671233819
74b1cd26-fb38-418e-8bbf-690a7208ebd0,9,1,10,3049424.25,0.12361036241054535,14369830.707758326,0.8249394559414366,0.0017103624105453547,10,0.022911447036000343,3089603,0.1286,14433156,0.8236805630894085
74b1cd26-fb38-418e-8bbf-690a7208ebd0,9,2,11,3302763.75,0.12381292134523392,15484498.910193678,0.8242019707853516,0.0019129213452339228,11,0.010236536468173685,2978693,0.1235,15261178,0.836693307754205
74b1cd26-fb38-418e-8bbf-690a7208ebd0,9,3,12,3496871.25,0.12271737307310104,16652026.276806563,0.8264485069047732,0.0008173730731010492,12,0.0036510001037106665,3169991,0.1221,16181631,0.8361899069752396
751a12da-387c-414e-8300-a9755a16046e,9,1,10,2540481.25,0.40318116545677185,3364019.046070881,0.569738145039886,0.25038116545677186,0,0.05868993947926948,2468980,0.407,3300204,0.5720399973375784
751a12da-387c-414e-8300-a9755a16046e,9,2,11,2542517.0,0.37681761384010315,3680849.2271298943,0.5914563104263006,0.22401761384010316,0,0.04065822278460918,2628934,0.3146,5023166,0.656442806549836
751a12da-387c-414e-8300-a9755a16046e,9,3,12,2534562.25,0.3478296399116516,4053507.1411370565,0.6152799705768504,0.19502963991165162,0,0.06468378667311325,2855244,0.2959,5547571,0.6602038721547482
7590d64d-3452-4602-aef6-d366add2f7cb,9,1,10,2120127.75,0.2251889705657959,7511716.805180967,0.779883516822374,0.0015889705657959052,10,0.05349584374853322,2140116,0.2382,7401238,0.7757010168577751
7590d64d-3452-4602-aef6-d366add2f7cb,9,2,11,2201632.5,0.22526779770851135,7525244.498829352,0.7736547403380375,0.0016677977085113593,11,-0.011665166331257804,2180649,0.2291,7386270,0.7720636079389822
7590d64d-3452-4602-aef6-d366add2f7cb,9,3,12,2248865.75,0.22590266168117523,7566112.728053547,0.7708741027778614,0.0023026616811752387,12,-0.017984897096125718,2394512,0.2242,7587672,0.7601214323438639
75941cdf-587a-425e-8a77-ad07c3171be6,9,1,10,557710.8125,0.8706889748573303,82928.94653252885,0.1294470806147985,0.6557889748573303,0,0.016746450949865307,553248,0.8595,89448,0.1391762201725232
75941cdf-587a-425e-8a77-ad07c3171be6,9,2,11,558436.1875,0.8716508746147156,82318.65400569083,0.1284713726270919,0.6567508746147156,0,0.001820030042785914,563107,0.8689,85553,0.1318919002250794
75941cdf-587a-425e-8a77-ad07c3171be6,9,3,12,558036.1875,0.8738582730293274,80775.46558155923,0.12644644973507763,0.6589582730293274,0,-0.004675354285637562,530863,0.8675,81650,0.1333032931545942
75b98595-b0d1-4040-abc8-bb83b428e7fb,9,1,10,629344.125,0.8797746300697327,86104.10249315947,0.12034987184866948,0.6201746300697326,0,-0.03875418486851183,567365,0.8699,85145,0.1304884216333849
75b98595-b0d1-4040-abc8-bb83b428e7fb,9,2,11,640124.375,0.8819140195846558,85757.40177032247,0.11814238146586936,0.6223140195846557,0,-0.03386212039954045,609468,0.8663,92876,0.1322371943093413
75b98595-b0d1-4040-abc8-bb83b428e7fb,9,3,12,637847.0,0.8873417973518372,81519.97133174364,0.11332181568028907,0.6277417973518371,0,-0.009974860157850027,605051,0.8554,100916,0.1429471915826093
760771e3-2917-409c-a9ee-4d79b060ac70,9,1,10,1022136.0625,0.8789647221565247,140574.97859267518,0.12090276399247721,0.6836647221565246,0,0.027326619490045514,1009161,0.8759,924168,0.4780190024563848
760771e3-2917-409c-a9ee-4d79b060ac70,9,2,11,1024337.1875,0.8781856894493103,141902.9723646898,0.12167560100241598,0.6828856894493103,0,0.014510572572472985,1009590,0.8486,292790,0.2248114989480796
760771e3-2917-409c-a9ee-4d79b060ac70,9,3,12,1024337.1875,0.8786445260047913,141529.62739262742,0.12139433560055644,0.6833445260047912,0,0.0008016827301376428,994747,0.8596,180752,0.1537661878061997
768967c6-b1d9-496a-8154-bf4fcbf98f95,9,1,10,2589641.25,0.32146313786506653,4459470.635441355,0.6326287208820691,0.19166313786506653,0,0.1028065494342405,2667632,0.3045,4625090,0.6342062675637437
768967c6-b1d9-496a-8154-bf4fcbf98f95,9,2,11,2599276.75,0.299787700176239,4942621.740634851,0.6553551134071016,0.16998770017623901,0,0.08318081831286328,2799090,0.2785,5356263,0.6567788052828615
768967c6-b1d9-496a-8154-bf4fcbf98f95,9,3,12,2604982.25,0.30375760793685913,5254961.8567849165,0.6685749650876895,0.17395760793685913,0,0.06978074935190115,2755911,0.2355,6201357,0.6923268344767624
76d9ac27-eaa5-4c5c-ba7a-22dc79ec460c,9,1,10,2845518.25,0.15426592528820038,15349430.9095559,0.8436094421013786,0.0056659252882003686,10,0.04051658300752481,2922997,0.1613,15286837,0.839482501597763
76d9ac27-eaa5-4c5c-ba7a-22dc79ec460c,9,2,11,3026176.5,0.15422333776950836,15541659.901312081,0.8370205103818041,0.005623337769508352,11,0.03372527697625216,3093369,0.1497,15629466,0.8347809506412891
76d9ac27-eaa5-4c5c-ba7a-22dc79ec460c,9,3,12,3162945.75,0.15509635210037231,15803589.54731757,0.8332354486247504,0.006496352100372305,12,-0.015408692408005686,3120300,0.1512,15915243,0.8360803261561806
7718955c-4143-4f50-ad34-725adf7fd126,9,1,10,2041576.375,0.49332088232040405,1889454.2476689443,0.4806511139275006,0.26792088232040406,0,0.08708873291417979,2144796,0.4757,2009456,0.4837106656023756
7718955c-4143-4f50-ad34-725adf7fd126,9,2,11,2058832.25,0.4602113366127014,2131240.291246838,0.5086404281231479,0.23481133661270143,0,0.08495692296793661,2083379,0.428,2341238,0.5291391322683975
7718955c-4143-4f50-ad34-725adf7fd126,9,3,12,2070047.75,0.43129053711891174,2389312.2653462286,0.5357971227090352,0.20589053711891175,0,0.08367191577186084,2187007,0.4177,2636864,0.5466282162188831
77189cef-3f35-46d1-825d-86ab89db6582,9,1,10,643791.9375,0.9432256817817688,38678.12525527552,0.05667373173721903,0.6967256817817689,0,-0.02336174780113097,562963,0.9411,35380,0.0591299639170175
77189cef-3f35-46d1-825d-86ab89db6582,9,2,11,656091.375,0.9429446458816528,39640.31986769184,0.05697644675398939,0.6964446458816529,0,-0.027839768619081308,618370,0.933,43777,0.0661137179508477
77189cef-3f35-46d1-825d-86ab89db6582,9,3,12,655668.125,0.9438077211380005,39070.9660291085,0.05623832966017956,0.6973077211380005,0,0.0006174582878052601,639282,0.9198,54803,0.0789571882406333
7754aa5f-8539-43b5-8316-b3f8ac4266a5,9,1,10,1947162.625,0.11564699560403824,10140526.250339381,0.8389135718927635,0.0025469956040382324,10,0.016092077024146723,1788674,0.1216,9933321,0.847408738870815
7754aa5f-8539-43b5-8316-b3f8ac4266a5,9,2,11,2044469.125,0.11546115577220917,10778101.726223674,0.840557003059578,0.0023611557722091614,11,0.01076238498419757,1751788,0.1222,10257464,0.8541301323346366
7754aa5f-8539-43b5-8316-b3f8ac4266a5,9,3,12,2142473.25,0.11523741483688354,11431641.31775753,0.8421647880378882,0.002137414836883539,12,0.006129447314634828,1947796,0.1208,10730717,0.8463703117234648
775c1800-5b82-4d10-acad-87fdbe4a2554,9,1,10,1221432.625,0.44080957770347595,1371432.7542697527,0.5289255528784912,0.22780957770347596,0,0.08616834086562358,1223308,0.4479,1355110,0.5255586952930053
775c1800-5b82-4d10-acad-87fdbe4a2554,9,2,11,1245712.625,0.4010401666164398,1567564.9603079655,0.5572023779290043,0.18804016661643982,0,0.07791643052849812,1385060,0.4203,1588488,0.5342062747936136
775c1800-5b82-4d10-acad-87fdbe4a2554,9,3,12,1262849.375,0.36407890915870667,1799920.1716418755,0.5876773110844624,0.15107890915870667,0,0.08212095475326331,1349160,0.4099,1733519,0.5623417164096554
77e3f283-b6f3-4b5d-88be-dc63da122a28,9,1,10,1270274.75,0.21159543097019196,4858021.035720352,0.7927197389917293,0.0025954309701919642,10,0.05193993937449837,1123057,0.2166,4757564,0.8090240809601571
77e3f283-b6f3-4b5d-88be-dc63da122a28,9,2,11,1317883.375,0.21340510249137878,4857934.896973617,0.7866058687347286,0.004405102491378793,11,0.04450275172734641,1307202,0.2184,4740241,0.7838421957842348
77e3f283-b6f3-4b5d-88be-dc63da122a28,9,3,12,1286929.25,0.21466799080371857,4825758.506780985,0.789465894348624,0.0056679908037185756,12,-0.011523248593387714,1231979,0.2281,4724026,0.7931534644447075
78411ca6-c116-4a15-9d72-a79a9f274fee,9,1,10,1444638.875,0.8337939381599426,286557.6787093654,0.16552579087300617,0.5947939381599426,0,0.005834580493678382,1577841,0.8457,286560,0.1537008401089679
78411ca6-c116-4a15-9d72-a79a9f274fee,9,2,11,1456595.875,0.8232721090316772,308063.851180993,0.1745740816829841,0.5842721090316773,0,0.010141839570087796,1540270,0.8558,263430,0.1460497865498697
78411ca6-c116-4a15-9d72-a79a9f274fee,9,3,12,1467459.875,0.8076940178871155,341443.8339279641,0.18875732978087525,0.5686940178871155,0,0.025392483455666554,1654465,0.864,260741,0.1361425350588918
78c79e24-0392-4faa-a437-3ae39c977efe,9,1,10,1204856.125,0.40577682852745056,1488843.4628743418,0.5527132533918607,0.15507682852745058,0,0.086284792683329,1168673,0.4158,1442608,0.5524522255551969
78c79e24-0392-4faa-a437-3ae39c977efe,9,2,11,1227904.875,0.3731676936149597,1702945.6264974982,0.5810414504688621,0.12246769361495974,0,0.08113800273754013,1210220,0.312,1825028,0.6012780504261925
78c79e24-0392-4faa-a437-3ae39c977efe,9,3,12,1273641.25,0.34028002619743347,1963713.816183993,0.6065796849706404,0.0895800261974335,0,0.07404144291967663,1223401,0.2927,2156073,0.6379907050623854
79496157-6660-462f-b2fe-ecc7953a1bd7,9,1,10,2562701.0,0.2904214859008789,5181135.822604179,0.6690657281776002,0.05972148590087892,0,0.12728326805109824,2271492,0.2933,4954311,0.6856415819805771
79496157-6660-462f-b2fe-ecc7953a1bd7,9,2,11,2639607.25,0.2834414839744568,5604020.050322298,0.6798002682754957,0.0527414839744568,0,0.09845220327790227,2553279,0.2737,5452801,0.6810825022982533
79496157-6660-462f-b2fe-ecc7953a1bd7,9,3,12,2623772.0,0.28470733761787415,5885279.2812015265,0.6916492904683131,0.05400733761787416,0,0.04106109878193487,2392508,0.2542,5851137,0.709775469467693
79b40b38-fcc9-47a5-903c-6e44eb0abd14,9,1,10,895211.8125,0.36779335141181946,1286585.2980102506,0.5896906232996892,0.17719335141181947,0,0.11293007717252324,803272,0.3484,1266188,0.6118446357987107
79b40b38-fcc9-47a5-903c-6e44eb0abd14,9,2,11,897241.75,0.34404635429382324,1432489.3137340818,0.6148732512662191,0.15344635429382325,0,0.10592507281910968,892928,0.3127,1483957,0.62432848034297
79b40b38-fcc9-47a5-903c-6e44eb0abd14,9,3,12,916807.0625,0.31279516220092773,1614447.8351718904,0.6378053180881827,0.12219516220092774,0,0.08600788184319308,921202,0.2869,1714999,0.6505569947056389
79dcfa28-c4c6-4585-bf6c-41c41dd61cde,9,1,10,1814071.875,0.2205743044614792,5689031.951435929,0.7582238075117098,0.0034743044614791996,10,0.013799083438369553,1795952,0.2206,5675061,0.7596106445002839
79dcfa28-c4c6-4585-bf6c-41c41dd61cde,9,2,11,1835070.125,0.22082635760307312,5862582.020662864,0.7616065145222306,0.0037263576030731327,11,0.010851512540648534,1835072,0.2222,5841102,0.7609392387405497
79dcfa28-c4c6-4585-bf6c-41c41dd61cde,9,3,12,1857529.25,0.22085049748420715,6015120.855903536,0.7640528633925853,0.003750497484207166,12,0.006467943784583929,1896948,0.2299,5958933,0.7585314747002914
7a8a9110-6e8c-4bb2-b9f6-2e55750c80f8,9,1,10,2998796.0,0.286469429731369,6084858.840687096,0.6698690061881338,0.11366942973136901,0,0.11575643502126087,3120995,0.2481,6504116,0.6757445186865897
7a8a9110-6e8c-4bb2-b9f6-2e55750c80f8,9,2,11,3112113.0,0.2850332260131836,6575529.287383646,0.6787543441758839,0.11223322601318358,0,0.08379355803167077,3126468,0.224,7473065,0.7050371936197567
7a8a9110-6e8c-4bb2-b9f6-2e55750c80f8,9,3,12,3230799.0,0.28916117548942566,6970718.872568585,0.6833021281384537,0.11636117548942565,0,0.030552853343672193,2920343,0.1914,8403615,0.7421093402147906
7ab171b2-84df-4884-83d5-af71ec401393,9,1,10,2585533.5,0.8740735650062561,375915.78263297677,0.1269364242830308,0.6154735650062562,0,-0.015155226397576882,2759074,0.878,385256,0.1225240353270808
7ab171b2-84df-4884-83d5-af71ec401393,9,2,11,2573081.75,0.8815931081771851,349181.63183222106,0.11949013015154326,0.6229931081771851,0,-0.020944709556778532,2693039,0.8989,311290,0.1036138185931034
7ab171b2-84df-4884-83d5-af71ec401393,9,3,12,2596397.75,0.8871042728424072,332543.326212361,0.1135370489058791,0.6285042728424073,0,-0.0209747791205932,2536056,0.897,293150,0.1036156433995969
7ab66b0a-7d02-47d4-9adb-9141e72d0c30,9,1,10,1164703.875,0.981808066368103,21693.023561164737,0.018284794563668823,0.819108066368103,0,-0.05206640835666887,1116885,0.9876,14171,0.0125289994483031
7ab66b0a-7d02-47d4-9adb-9141e72d0c30,9,2,11,1174187.0,0.9910512566566467,10701.623400292126,0.009031754705840217,0.8283512566566467,0,-0.038132396429847185,1262876,0.9763,30322,0.0234472988668401
7ab66b0a-7d02-47d4-9adb-9141e72d0c30,9,3,12,1167551.125,0.9909578561782837,10653.930809367914,0.00904250983887452,0.8282578561782836,0,-0.01409335972181158,1272286,0.9603,51707,0.0390538318556064
7ac5db60-34ad-41ff-a447-eb56511617c4,9,1,10,1140644.375,0.924080491065979,93496.27027322352,0.07575819711579518,0.715480491065979,0,0.04290763806193948,1072789,0.9145,99479,0.0848602879205096
7ac5db60-34ad-41ff-a447-eb56511617c4,9,2,11,1158910.0,0.9260751008987427,92584.00716372998,0.07397878586215031,0.7174751008987427,0,0.053919347900522815,1140242,0.9182,101418,0.0816793647214213
7ac5db60-34ad-41ff-a447-eb56511617c4,9,3,12,1162206.125,0.9294669032096863,88504.23384343483,0.07076317327800584,0.7208669032096863,0,-0.0034951545735657646,1032221,0.946,61164,0.0559400394188689
7b5cf607-3031-4fcd-9471-7ea106e0ce35,9,1,10,1231109.625,0.30826419591903687,2146121.140533127,0.6354677217902053,0.13676419591903685,0,0.06580062800554032,1069394,0.296,2070206,0.6593852720091732
7b5cf607-3031-4fcd-9471-7ea106e0ce35,9,2,11,1275806.625,0.2911432385444641,2425656.633810591,0.6553237096266731,0.1196432385444641,0,0.07913132021577318,1042737,0.2597,2304429,0.6884716802214171
7b5cf607-3031-4fcd-9471-7ea106e0ce35,9,3,12,1321574.75,0.28502827882766724,2679164.4721140405,0.6696673597981566,0.11352827882766722,0,0.057978031869794,1090660,0.2387,2584553,0.7032389687346012
7b65e3b6-4ae9-4821-a64b-5fdd8b1e2a9a,9,1,10,3708153.0,0.10937121510505676,19267568.3342894,0.8386055895243697,0.005271215105056765,10,0.024908615745154572,4064596,0.105,21990112,0.8439976375862666
7b65e3b6-4ae9-4821-a64b-5fdd8b1e2a9a,9,2,11,3787461.75,0.10813383013010025,20562001.3775105,0.8444539934960269,0.004033830130100252,11,0.025288980638151326,3735096,0.1059,23000559,0.8602953247264749
7b65e3b6-4ae9-4821-a64b-5fdd8b1e2a9a,9,3,12,3909966.75,0.10856997966766357,21815047.045478974,0.8480091485631329,0.004469979667663576,12,0.01650024246615167,3740955,0.1076,23864648,0.8644856625664
7b6b1927-8791-4951-9a4c-77325fb09b0d,9,1,10,2677611.75,0.5002802014350891,3336053.2928800136,0.5547454454301198,0.3551802014350891,0,0.15323351679184605,2704571,0.5161,5730230,0.6793556836729165
7b6b1927-8791-4951-9a4c-77325fb09b0d,9,2,11,2674366.75,0.4685804843902588,3194054.507798377,0.5442783275917503,0.3234804843902588,0,0.12595368295443232,2680117,0.4966,4233823,0.61236039074681
7b6b1927-8791-4951-9a4c-77325fb09b0d,9,3,12,2610362.5,0.43994811177253723,3250774.7052770806,0.5546320776026609,0.2948481117725372,0,-0.035687721600055844,2661824,0.4554,3755525,0.5852143930461005
7c8115dd-a189-4ad0-a5b0-5b47f87af20a,9,1,10,1431452.375,0.33290085196495056,2173893.588441845,0.6029639348026775,0.17990085196495056,0,0.12159436974919924,1237916,0.3477,1999431,0.6176140524942183
7c8115dd-a189-4ad0-a5b0-5b47f87af20a,9,2,11,1418796.0,0.2983075678348541,2520963.095328155,0.639877473299716,0.14530756783485413,0,0.09974806222459487,1430913,0.3087,2371525,0.6236853829043366
7c8115dd-a189-4ad0-a5b0-5b47f87af20a,9,3,12,1434674.75,0.2903520166873932,2807110.4196521505,0.6617757164449581,0.1373520166873932,0,0.10287411914979527,1385642,0.2823,2696638,0.6605715433532242
7cbb90f7-9f7a-4ca4-aba8-b379e9a4ccfa,9,1,10,1986093.875,0.45867305994033813,2141463.864843972,0.5188210558927088,0.30437305994033814,0,0.06862051389250756,2396128,0.4367,2459180,0.5064930999228061
7cbb90f7-9f7a-4ca4-aba8-b379e9a4ccfa,9,2,11,2006041.625,0.4270661175251007,2376246.422882266,0.5422387567678448,0.2727661175251007,0,0.0773800223603972,2571314,0.3991,3023020,0.5403717404073478
7cbb90f7-9f7a-4ca4-aba8-b379e9a4ccfa,9,3,12,2033128.875,0.3942582905292511,2670942.530637297,0.5677937897448739,0.2399582905292511,0,0.06639345910241201,2367681,0.3885,3296291,0.5819751580692842
7d1b0df4-23af-481b-b17f-91614b7cb590,9,1,10,2333908.0,0.39959248900413513,3062986.7226430476,0.5675461316286333,0.18119248900413512,0,0.10112072055571825,2352841,0.3906,3120653,0.5701391104110098
7d1b0df4-23af-481b-b17f-91614b7cb590,9,2,11,2314533.5,0.3687416613101959,3394604.482016476,0.5945914239083597,0.1503416613101959,0,0.07717045681754575,2583057,0.3474,4458020,0.6331446169385735
7d1b0df4-23af-481b-b17f-91614b7cb590,9,3,12,2305846.25,0.33903852105140686,3767778.3465072,0.6203508772461771,0.12063852105140685,0,0.06992382769172267,2496816,0.3173,4747820,0.6553565976261609
7d468b79-9b56-4001-90b6-d6e3ed4df40a,9,1,10,1323534.375,0.9328312277793884,95221.23060788959,0.06711602070963481,0.6845312277793885,0,-0.377695765571329,1282279,0.9257,102225,0.0738351062907727
7d468b79-9b56-4001-90b6-d6e3ed4df40a,9,2,11,1304194.75,0.9369065165519714,88294.02900939062,0.06340735404144696,0.6886065165519715,0,-0.042144563196357746,1235085,0.9315,91616,0.0690554993174799
7d468b79-9b56-4001-90b6-d6e3ed4df40a,9,3,12,1299631.25,0.9370229244232178,87407.47519110097,0.06301732864672419,0.6887229244232178,0,-0.0035108245955927098,1285270,0.9313,94603,0.0685592079850826
7d5acc2e-843b-45c1-a729-5a9197d878bf,9,1,10,1284771.625,0.8760653138160706,181998.04018559307,0.12408085911877959,0.6261653138160705,0,0.01210844939191609,1291739,0.8747,184914,0.1252250867333083
7d5acc2e-843b-45c1-a729-5a9197d878bf,9,2,11,1280669.625,0.8761574625968933,181140.4750340616,0.12391518914107984,0.6262574625968933,0,-0.01628931496782167,1373275,0.8881,174385,0.1126765568664952
7d5acc2e-843b-45c1-a729-5a9197d878bf,9,3,12,1273720.125,0.8773717284202576,178407.04077164386,0.12285910282302334,0.6274717284202576,0,-0.00251339190046565,1247822,0.8909,155141,0.1105809632898373
7d9a5570-7bcf-45f5-9134-2f6a28b434de,9,1,10,879894.8125,0.9523155689239502,44166.21712599695,0.04779577940200845,0.7063155689239502,0,-0.007030766296373246,868666,0.9492,46522,0.050833271415272
7d9a5570-7bcf-45f5-9134-2f6a28b434de,9,2,11,881332.125,0.9530638456344604,43439.33305107674,0.04697304687865649,0.7070638456344605,0,0.00568282466175269,890871,0.9324,63322,0.066361836651495
7d9a5570-7bcf-45f5-9134-2f6a28b434de,9,3,12,882020.6875,0.9543652534484863,42233.13348140707,0.04569430228220465,0.7083652534484863,0,-0.004010787006479451,847397,0.9225,70605,0.0769115971424898
7dd2e8d3-4564-45fb-89f0-feb6f411fbf1,9,1,10,1090225.0,0.8597607016563416,179309.54614430666,0.1412403834845505,0.6559607016563416,0,0.010819380690532315,1120928,0.8571,187118,0.1430515440588481
7dd2e8d3-4564-45fb-89f0-feb6f411fbf1,9,2,11,1091373.75,0.8601270914077759,177734.1685312586,0.14004653657582622,0.6563270914077759,0,0.0003080834405158328,1107105,0.8953,135469,0.1090228831441829
7dd2e8d3-4564-45fb-89f0-feb6f411fbf1,9,3,12,1090675.875,0.862011730670929,175025.70670649013,0.13828354901043152,0.658211730670929,0,-0.007588600290687475,1066103,0.8791,145237,0.1198977991315402
7dede2c2-0b78-4996-8692-25bbf0166b3f,9,1,10,1686890.0,0.3612075448036194,2363159.668225229,0.5834890586072216,0.07050754480361937,0,0.10640083543141465,1468466,0.3848,2141491,0.5932178693541225
7dede2c2-0b78-4996-8692-25bbf0166b3f,9,2,11,1697948.375,0.3251006007194519,2740839.3787861094,0.6174747545539393,0.03440060071945189,1,0.09200633275726633,1441529,0.3596,2294704,0.6141758289699812
7dede2c2-0b78-4996-8692-25bbf0166b3f,9,3,12,1727473.125,0.29969584941864014,3129177.7924960004,0.64430774326876,0.008995849418640123,2,0.10013841572864546,1399520,0.3131,2537501,0.6445231051599674
7e559b91-6bbb-4075-8a44-df46e58e3742,9,1,10,1764615.5,0.47737815976142883,1867083.5094621032,0.5141074479458693,0.32257815976142884,0,-0.04243136270353398,1732190,0.501,1766441,0.5048949146108864
7e559b91-6bbb-4075-8a44-df46e58e3742,9,2,11,1754174.625,0.44867029786109924,1996507.168641063,0.5323051323697888,0.29387029786109925,0,0.03430877163294033,1709514,0.4939,1759065,0.5071428386091249
7e559b91-6bbb-4075-8a44-df46e58e3742,9,3,12,1747127.125,0.4081631600856781,2215620.690143411,0.5591122103901098,0.2533631600856781,0,0.05373520503728435,1703612,0.4771,1810544,0.5152144640135498
7ed8dd22-1956-4a76-ad36-6a3bfbdf655e,9,1,10,1511903.75,0.9432459473609924,91208.51574279368,0.05689465278997955,0.6789459473609925,0,-0.013853081488404244,1644226,0.9134,150663,0.0839400096607645
7ed8dd22-1956-4a76-ad36-6a3bfbdf655e,9,2,11,1525701.875,0.9423758387565613,93173.1050723542,0.05755423131450824,0.6780758387565613,0,-0.002685378096283657,1719028,0.9084,171344,0.0906403607332313
7ed8dd22-1956-4a76-ad36-6a3bfbdf655e,9,3,12,1515126.875,0.9416320323944092,93873.2011369355,0.05834257097259847,0.6773320323944092,0,-0.0011844773101043274,1506930,0.8574,239308,0.1370420297805911
7f123156-a71f-4876-8155-d5d840b9ae0c,9,1,10,1650374.375,0.935435950756073,113737.21551250666,0.06447280099750602,0.653035950756073,0,0.001978244330850719,1611059,0.9319,117308,0.0678721590958401
7f123156-a71f-4876-8155-d5d840b9ae0c,9,2,11,1652397.5,0.9335270524024963,117400.18039439479,0.06633536798863499,0.6511270524024964,0,0.0004914995469839922,1738352,0.9274,134696,0.0719127326155015
7f123156-a71f-4876-8155-d5d840b9ae0c,9,3,12,1651033.375,0.9335532188415527,117506.71744854609,0.06644277839687415,0.6511532188415528,0,0.0029522006214300484,1669588,0.9335,120058,0.0670847754248605
7f9ed24e-9adb-40d3-9415-8462b112e9d9,9,1,10,2054646.375,0.30055513978004456,4470668.5542644,0.6851268640253014,0.0016551397800445566,10,0.00930776016465562,2087880,0.3025,4481627,0.682186197533544
7f9ed24e-9adb-40d3-9415-8462b112e9d9,9,2,11,2024909.375,0.30118054151535034,4539236.25107339,0.691519736101394,0.0022805415153503428,11,0.0018297198182123386,2187139,0.3012,4660443,0.6805968880693944
7f9ed24e-9adb-40d3-9415-8462b112e9d9,9,3,12,2040609.0,0.30069324374198914,4601330.23920781,0.6927690955144321,0.0017932437419891367,12,0.015890312927748784,2281087,0.2992,4864509,0.6807702254647477
7fc532c4-dc81-459d-a242-b9baf498c27c,9,1,10,1326689.5,0.35228490829467773,2086721.364776373,0.6113302639039566,0.05888490829467774,0,0.14047105729456993,1445041,0.3448,2188231,0.6022755796978592
7fc532c4-dc81-459d-a242-b9baf498c27c,9,2,11,1320479.75,0.3201541602611542,2316371.503034275,0.636916756246683,0.02675416026115418,1,0.05949526891681045,1348995,0.3541,2284825,0.6287666973047646
7fc532c4-dc81-459d-a242-b9baf498c27c,9,3,12,1316473.125,0.29828664660453796,2549215.5863026213,0.6594466799277307,0.00488664660453797,2,0.07115400760158574,1387783,0.3399,2595065,0.6515601398798047
7ff6e83e-40f1-4ab3-9b59-519bda7603bf,9,1,10,481703.21875,0.9263404607772827,38431.58606432006,0.07388774161736693,0.7326404607772827,0,-0.022939827033792867,502421,0.8981,55275,0.099113136906128
7ff6e83e-40f1-4ab3-9b59-519bda7603bf,9,2,11,481703.21875,0.9280956983566284,37399.92990058509,0.0720472029457087,0.7343956983566284,0,-0.013541846445226408,511700,0.901,56132,0.0988531819270488
7ff6e83e-40f1-4ab3-9b59-519bda7603bf,9,3,12,484447.96875,0.9279917478561401,37577.35506677476,0.07198377808959323,0.7342917478561402,0,-0.005506154198878371,501159,0.9126,48698,0.0885648450415289
80447a63-b90c-4e74-bef8-f9ae12484b2a,9,1,10,2592873.0,0.24846836924552917,7091352.514092296,0.7322580937188109,0.006568369245529171,10,0.003947982348652901,2814860,0.251,7321619,0.7223039676795069
80447a63-b90c-4e74-bef8-f9ae12484b2a,9,2,11,2628613.25,0.24631516635417938,7325790.779952974,0.7359346433909598,0.004415166354179378,11,0.009416151977441278,2674028,0.2475,7521641,0.737729029845908
80447a63-b90c-4e74-bef8-f9ae12484b2a,9,3,12,2649999.25,0.24566496908664703,7525087.880629694,0.7395600434690329,0.00376496908664703,12,0.01510849601249209,2757699,0.2557,7651112,0.7350610939136084
8083b268-9999-45d2-9df7-bc98adf479a1,9,1,10,2187836.0,0.16959184408187866,9321943.560991824,0.8099150389104872,0.0051918440818786715,10,0.036989507255845044,2052600,0.1671,9237827,0.8181999671048756
8083b268-9999-45d2-9df7-bc98adf479a1,9,2,11,2246107.75,0.1718764752149582,9579775.426552773,0.8100684983550854,0.0074764752149582,11,-0.005209902774420128,1876786,0.1737,9184484,0.8303281630409528
8083b268-9999-45d2-9df7-bc98adf479a1,9,3,12,2324164.0,0.17169694602489471,9860069.381348325,0.8092482368601179,0.007296946024894724,12,-0.007103564580138277,2244252,0.1653,9539270,0.8095431909067594
80cab7db-37d6-4900-9a3c-fcc7a5b17f26,9,1,10,2453350.5,0.45092782378196716,2707506.4725812525,0.5246234272652333,0.19632782378196717,0,0.06941528860136298,2498928,0.4329,2822330,0.5303877391398801
80cab7db-37d6-4900-9a3c-fcc7a5b17f26,9,2,11,2474311.25,0.4268242418766022,2970092.301597768,0.5455312548839506,0.17222424187660218,0,0.05873030250789579,2422641,0.3973,3161080,0.5661242744757483
80cab7db-37d6-4900-9a3c-fcc7a5b17f26,9,3,12,2487860.25,0.39445406198501587,3305040.9974985467,0.5705329430439899,0.13985406198501588,0,0.07272762401410582,2500305,0.3375,3750453,0.5999997120349244
810dd5b7-9d20-4e1c-9fd3-082a6222918e,9,1,10,1052491.5,0.8760031461715698,149553.16338831186,0.12441564605990002,0.6623031461715698,0,0.010030525109239213,1137215,0.8736,163199,0.1254977261087622
810dd5b7-9d20-4e1c-9fd3-082a6222918e,9,2,11,1043118.9375,0.8773276805877686,146307.8529142281,0.12300702665632336,0.6636276805877686,0,0.00047424747512375687,1085858,0.8636,170310,0.1355789989873966
810dd5b7-9d20-4e1c-9fd3-082a6222918e,9,3,12,1033269.8125,0.8775102496147156,144486.17379664537,0.12267920985141412,0.6638102496147156,0,-0.0039163901700129955,1121443,0.8779,157768,0.1233322727837706
8159d4ab-5c9e-4ffe-9a46-b653c1a19386,9,1,10,1778762.25,0.2785030007362366,4281865.53591691,0.706505280833561,0.004903000736236562,10,0.014297484127673177,1872604,0.2742,4375526,0.7002936878714111
8159d4ab-5c9e-4ffe-9a46-b653c1a19386,9,2,11,1814632.375,0.27866488695144653,4397618.009771519,0.7078945208891897,0.005064886951446523,11,0.011706433944616124,1815604,0.2811,4450998,0.7102729677104115
8159d4ab-5c9e-4ffe-9a46-b653c1a19386,9,3,12,1827627.5,0.27886632084846497,4489234.198083109,0.7106747642496899,0.005266320848464956,12,0.006823522421971262,1659423,0.2846,4371522,0.7248485933796445
81860025-52e8-430a-adf1-11615d133e45,9,1,10,1219546.25,0.8925017714500427,146430.24386908114,0.10719821646002307,0.7696017714500427,0,0.01686488026893608,1165898,0.9008,129846,0.1002096093055418
81860025-52e8-430a-adf1-11615d133e45,9,2,11,1196901.75,0.8870111703872681,151781.509768605,0.11254051584702424,0.7641111703872681,0,0.003248672013083237,1213316,0.8899,147920,0.1086659477122262
81860025-52e8-430a-adf1-11615d133e45,9,3,12,1178268.875,0.8837655782699585,154597.63734539808,0.11598883752684136,0.7608655782699585,0,0.01359957770919476,1221708,0.8781,166983,0.1202448924922823
82467a1e-3985-418d-9c17-6953143fdfb8,9,1,10,1010649.25,0.8906511068344116,124408.99681404233,0.10960582610032732,0.7030511068344116,0,-0.013380976571681677,1023897,0.9043,110168,0.0971443435781899
82467a1e-3985-418d-9c17-6953143fdfb8,9,2,11,1011735.0,0.8897214531898499,125292.30893572839,0.11019287571290046,0.7021214531898499,0,-0.012856938370184437,1095952,0.9134,104398,0.0869729662181863
82467a1e-3985-418d-9c17-6953143fdfb8,9,3,12,1012058.9375,0.889623761177063,125536.55280215503,0.11035254083928502,0.702023761177063,0,-0.0014084091411024902,991287,0.921,86544,0.0802945916382067
82ec58c5-06b6-401e-87d5-1f052ffe63a0,9,1,10,1270861.0,0.1584320068359375,6060678.137969971,0.8266583624414929,0.0038320068359375126,10,-0.005839391224896628,1299030,0.1585,6084096,0.8240542014317512
82ec58c5-06b6-401e-87d5-1f052ffe63a0,9,2,11,1298368.0,0.1589173525571823,6189566.008377627,0.8266053094822465,0.004317352557182325,11,0.008897559038239966,1306138,0.1587,6217462,0.8263945451645489
82ec58c5-06b6-401e-87d5-1f052ffe63a0,9,3,12,1309204.625,0.1583385020494461,6311426.524076236,0.8282025990513003,0.0037385020494461185,12,0.003599350073992147,1349884,0.1552,6393098,0.8256635492630617
83550aaa-e42c-47da-b529-4ea1d95504ce,9,1,10,1576758.75,0.9755253791809082,39593.34669363499,0.02449549623168494,0.7272253791809082,0,-0.018691290235673258,1511100,0.9834,25829,0.0168055908893644
83550aaa-e42c-47da-b529-4ea1d95504ce,9,2,11,1548874.0,0.9775969982147217,35586.436803833814,0.022459656282499935,0.7292969982147217,0,-0.013627470439460262,1666898,0.9608,66355,0.0382835050624461
83550aaa-e42c-47da-b529-4ea1d95504ce,9,3,12,1531656.25,0.9773855805397034,35442.28351546428,0.022616499701494062,0.7290855805397034,0,-0.0013558746120471386,1592166,0.9581,69553,0.0418560538815527
8367edb0-f81d-41d4-b596-25b283ac205c,9,1,10,2056148.875,0.24258409440517426,6413034.318667157,0.7572199316059797,0.005884094405174262,10,-0.003137095194417072,2033566,0.2374,6439421,0.759994202752819
8367edb0-f81d-41d4-b596-25b283ac205c,9,2,11,2041512.75,0.24217000603675842,6407109.354009973,0.758361455292096,0.005470006036758429,11,-0.009818117479620359,2061463,0.2403,6458174,0.7580339397089336
8367edb0-f81d-41d4-b596-25b283ac205c,9,3,12,2066686.125,0.24257323145866394,6418279.526946707,0.7564296415830699,0.005873231458663947,12,-0.006758412630203936,2212092,0.2387,6601037,0.7490003834052582
83a833d3-64a9-4a91-8d06-9fea9474bdc7,9,1,10,2258212.75,0.29342931509017944,4117961.6057975143,0.6458357905557072,0.010329315090179425,3,0.1422901548838228,2036699,0.2831,4019359,0.6636922896048882
83a833d3-64a9-4a91-8d06-9fea9474bdc7,9,2,11,2289981.75,0.28411951661109924,4587321.58707702,0.6670233029195882,0.0010195166110992249,4,0.0992884129484094,2230278,0.2831,4480365,0.667650626027938
83a833d3-64a9-4a91-8d06-9fea9474bdc7,9,3,12,2371034.0,0.28902870416641235,4947191.088615034,0.6760096920647305,0.005928704166412335,5,0.057878424731164335,2172546,0.2831,4769472,0.687044026679274
83fb1aa9-e1c1-4854-83a8-b52df3726e70,9,1,10,2018656.25,0.3933253288269043,3011775.889240384,0.5987111655371967,0.2695253288269043,0,-0.08808411306513164,1696126,0.3837,2860966,0.6278051880453588
83fb1aa9-e1c1-4854-83a8-b52df3726e70,9,2,11,2074263.625,0.37005481123924255,3203926.12184283,0.6070123045044509,0.24625481123924256,0,-0.016582844381292206,2046658,0.3058,3407026,0.6247200974607257
83fb1aa9-e1c1-4854-83a8-b52df3726e70,9,3,12,2059136.5,0.3421071767807007,3462531.1270641466,0.6270806866557385,0.2183071767807007,0,0.029979453593319993,2007443,0.2639,3985700,0.6650433670613233
84259a9d-6e3a-4121-80b8-9b32db52d194,9,1,10,1461568.5,0.48426514863967896,1424602.7758784592,0.4935960619471051,0.35916514863967897,0,0.018681815227198584,1597149,0.4721,1529811,0.4892326732673267
84259a9d-6e3a-4121-80b8-9b32db52d194,9,2,11,1462680.25,0.4455113708972931,1600965.6068508623,0.5225687568524984,0.3204113708972931,0,0.05298275147799686,1478748,0.4527,1646493,0.5268371303205097
84259a9d-6e3a-4121-80b8-9b32db52d194,9,3,12,1459364.25,0.4140812158584595,1793104.7487981122,0.5513057155842899,0.2889812158584595,0,0.08189226360942514,1514922,0.4346,1787614,0.5412852426135552
84c073f4-d508-4bf3-9a3d-93d03daba56f,9,1,10,1031413.1875,0.9434369206428528,61612.136678460985,0.056368443910272494,0.6437369206428527,0,0.0030902609192527963,932064,0.9431,56321,0.0569828558709409
84c073f4-d508-4bf3-9a3d-93d03daba56f,9,2,11,1031729.9375,0.9408250451087952,64698.46792016679,0.05900838358467502,0.6411250451087951,0,0.006723939447605319,997964,0.9487,54070,0.0513956773260179
84c073f4-d508-4bf3-9a3d-93d03daba56f,9,3,12,1032332.6875,0.9411232471466064,64589.63221014594,0.05888259455529476,0.6414232471466064,0,0.005771348385940359,969655,0.9522,48893,0.0480026469052023
84d4f44b-b406-4adc-b35e-37a017870ed2,9,1,10,1995166.75,0.20695456862449646,6667947.200970523,0.7696940428936084,0.004554568624496463,10,0.016465723962032497,1931691,0.2112,6582559,0.7731225886014622
84d4f44b-b406-4adc-b35e-37a017870ed2,9,2,11,2004188.0,0.21155986189842224,6837459.475488753,0.7733241451261084,0.009159861898422245,11,0.00817291401628184,1918002,0.2161,6664000,0.7765087913053388
84d4f44b-b406-4adc-b35e-37a017870ed2,9,3,12,2014177.125,0.21162410080432892,6978416.964263633,0.7760182317797764,0.009224100804328922,12,0.010899255746789516,2164425,0.2156,6925426,0.7618855358575185
84e1ab4b-13df-4603-9278-5b4c47983245,9,1,10,897783.0,0.4331887662410736,994414.1953178942,0.5255341239161017,0.2151887662410736,0,0.11578513891788395,937113,0.4476,1793731,0.6568412549380338
84e1ab4b-13df-4603-9278-5b4c47983245,9,2,11,910118.3125,0.39186006784439087,1158222.2700925265,0.5599765724466772,0.17386006784439087,0,0.1142511697340306,1051521,0.4314,1617735,0.6060621386633579
84e1ab4b-13df-4603-9278-5b4c47983245,9,3,12,894241.375,0.3598417341709137,1313901.567719677,0.5950255947205119,0.1418417341709137,0,0.11117461497958075,867065,0.4139,1456245,0.6267975431604048
84ed6b57-bb1d-415f-8407-d86d23868ef0,9,1,10,657335.1875,0.7806044816970825,178852.80342582613,0.21389066258629302,0.6187044816970826,0,0.053111212684785525,609594,0.7965,156198,0.2039692240190548
84ed6b57-bb1d-415f-8407-d86d23868ef0,9,2,11,665899.8125,0.7644971013069153,198941.6897290981,0.2300325426292945,0.6025971013069154,0,0.0461367737954452,647638,0.7977,162592,0.2006738827246584
84ed6b57-bb1d-415f-8407-d86d23868ef0,9,3,12,661567.1875,0.7416493892669678,222312.9939733334,0.25151937856866696,0.5797493892669678,0,0.05236307306245036,612800,0.8064,150136,0.1967871485943775
85012893-31b5-4504-8569-f13e57df9ff5,9,1,10,2334403.0,0.32278239727020264,3915470.368138075,0.6264879522358304,0.20038239727020263,0,0.0811967127070572,2420783,0.3153,4017586,0.6240067942673059
85012893-31b5-4504-8569-f13e57df9ff5,9,2,11,2304114.5,0.3017807900905609,4342633.63259607,0.6533471023671744,0.1793807900905609,0,0.10701668485656468,2389389,0.2941,4522761,0.6543204357544324
85012893-31b5-4504-8569-f13e57df9ff5,9,3,12,2305822.0,0.2997744679450989,4655418.382677987,0.6687627673743755,0.17737446794509887,0,0.07840199009747506,2187173,0.2398,5100569,0.6998833109075486
852c6878-cd67-47fa-a5eb-7831613f1039,9,1,10,2130034.5,0.127261221408844,9881412.454689592,0.8226662859158382,0.0020612214088439884,10,0.028031812130647538,2244160,0.1257,9999127,0.8167028184506334
852c6878-cd67-47fa-a5eb-7831613f1039,9,2,11,2243696.5,0.1274009495973587,10580358.5598907,0.8250400135119879,0.002200949597358698,11,0.018426750641168166,2365142,0.1279,10816263,0.8205698102743979
852c6878-cd67-47fa-a5eb-7831613f1039,9,3,12,2317275.5,0.12726959586143494,11256157.385519732,0.8292785974230519,0.002069595861434931,12,0.011172711869275265,2347011,0.1259,11515232,0.8306903868298947
859e68e8-9497-45c6-8cdc-beb8ccfc7b95,9,1,10,1026236.3125,0.42882952094078064,1226717.2956282366,0.5444929230688415,0.2742295209407807,0,0.09029872702897385,1083274,0.3867,1352215,0.5552129367038816
859e68e8-9497-45c6-8cdc-beb8ccfc7b95,9,2,11,1032367.25,0.39049676060676575,1376919.348623603,0.5715050045977182,0.23589676060676576,0,0.08581395641897654,1113935,0.3625,1572263,0.5853116561027891
859e68e8-9497-45c6-8cdc-beb8ccfc7b95,9,3,12,1049085.5,0.36499059200286865,1540535.9027226442,0.5948884655892072,0.21039059200286866,0,0.07394169419023189,969052,0.3534,1643292,0.6290488542090934
85b53189-4646-49c8-8c49-39f2ef059bf4,9,1,10,2389583.5,0.9925686120986938,17757.92191106081,0.007376569750112029,0.8315686120986938,0,0.0026375988013866295,2252782,1.0,0,0.0
85b53189-4646-49c8-8c49-39f2ef059bf4,9,2,11,2367166.0,0.986770510673523,31551.325569381937,0.013153415466281597,0.8257705106735229,0,0.011538110451264396,2368018,0.9967,7931,0.0033380346126958
85b53189-4646-49c8-8c49-39f2ef059bf4,9,3,12,2375091.0,0.986535906791687,32403.25659053726,0.013459328719822718,0.825535906791687,0,0.013459328719822718,2341212,1.0,0,0.0
85bdeb69-cbbc-4989-a834-c4ec93396620,9,1,10,1580430.625,0.39840954542160034,2060646.8093655184,0.5659442421950578,0.19150954542160034,0,0.0948781204834881,1458169,0.446,1829919,0.5565298130706964
85bdeb69-cbbc-4989-a834-c4ec93396620,9,2,11,1601042.25,0.36456143856048584,2326778.428322033,0.592384077298568,0.15766143856048584,0,0.0917867245192533,1604958,0.3785,2134608,0.5708170413358128
85bdeb69-cbbc-4989-a834-c4ec93396620,9,3,12,1619806.125,0.32879647612571716,2648961.4594575614,0.6205447841907207,0.12189647612571716,0,0.0799396431555337,1583818,0.3298,2949084,0.6505951375079364
86674f6c-c88f-4ff1-9a8d-294c2959b14c,9,1,10,756682.0625,0.9802327752113342,15258.697627093643,0.01976666917365709,0.6985327752113342,0,0.00399812085626269,786899,0.9862,11068,0.0138702477671382
86674f6c-c88f-4ff1-9a8d-294c2959b14c,9,2,11,744920.1875,0.9778258204460144,16856.343091956805,0.022127674475424148,0.6961258204460143,0,0.020018019548493148,765092,0.9892,8390,0.010847052678666
86674f6c-c88f-4ff1-9a8d-294c2959b14c,9,3,12,736278.8125,0.9735661149024963,19908.288165808306,0.026327198848379505,0.6918661149024963,0,0.0066964936787157064,782720,0.975,19784,0.024652836621375
868eba12-bd67-4f55-922a-17748a956241,9,1,10,1313098.25,0.9903403520584106,12737.697173088789,0.009607295080698151,0.7721403520584107,0,-0.005983320354224648,1293182,0.9932,8806,0.00676350319665
868eba12-bd67-4f55-922a-17748a956241,9,2,11,1311814.125,0.9871669411659241,16998.051462729694,0.012791914285417035,0.7689669411659241,0,0.0058801408272658355,1366047,0.9933,9242,0.0067200421147846
868eba12-bd67-4f55-922a-17748a956241,9,3,12,1295212.875,0.98487389087677,19848.645666369935,0.015093321000155339,0.7666738908767701,0,0.01094339754053044,1310205,0.9959,5451,0.004143180284208
86bbf107-45cf-4d64-bd64-e3afd8816dd3,9,1,10,1619633.375,0.8631643056869507,256458.33060906827,0.1366981847648059,0.7073643056869507,0,0.01663778173230021,1614049,0.8559,269287,0.1429840453323252
86bbf107-45cf-4d64-bd64-e3afd8816dd3,9,2,11,1621630.375,0.8620935082435608,259000.6245979385,0.13772006558081326,0.7062935082435609,0,0.0063061284961365704,1567101,0.8544,267353,0.145739822312252
86bbf107-45cf-4d64-bd64-e3afd8816dd3,9,3,12,1621919.375,0.862903356552124,257867.81853885762,0.1371792612616962,0.7071033565521241,0,0.0011545326988168791,1594497,0.8642,252910,0.1368999900942239
86e701d2-f268-4a54-bcf6-6ca179542f6c,9,1,10,832167.375,0.9698112607002258,50708.761252351105,0.05743587256486577,0.8395112607002259,0,0.028368028028335972,856990,0.9699,51340,0.0565213083350764
86e701d2-f268-4a54-bcf6-6ca179542f6c,9,2,11,892695.5,0.9655163288116455,32532.042342718574,0.03516112615967522,0.8352163288116455,0,0.005515649387059118,892722,0.9791,19709,0.0216005374652987
86e701d2-f268-4a54-bcf6-6ca179542f6c,9,3,12,881511.1875,0.9608115553855896,35819.93248786812,0.039047985735338235,0.8305115553855896,0,-0.4689164813184143,850316,0.9691,26877,0.0306397793872044
874e9268-7b23-4c2b-87ac-d958897d9263,9,1,10,764377.4375,0.9207218885421753,66090.54941343516,0.07958229631351725,0.6228218885421752,0,-0.051515257571031245,722856,0.9231,556157,0.4348329532225239
874e9268-7b23-4c2b-87ac-d958897d9263,9,2,11,783850.625,0.9240200519561768,64578.48627223889,0.07611535886056758,0.6261200519561767,0,-0.034792351740986216,728657,0.8947,135341,0.1566450385301817
874e9268-7b23-4c2b-87ac-d958897d9263,9,3,12,800916.3125,0.9291910529136658,61284.775409761,0.07107944569907007,0.6312910529136657,0,-0.012851371377617035,773744,0.8452,140749,0.1539093246203087
88119748-0ae4-4577-bfd3-b7c9dff8c5d2,9,1,10,1069025.875,0.28921911120414734,2076040.2017766498,0.6600943036161468,0.0022191112041473615,4,0.10810248603659878,1019489,0.287,2047202,0.6675605726171956
88119748-0ae4-4577-bfd3-b7c9dff8c5d2,9,2,11,1078316.875,0.2880956530570984,2245600.514767401,0.6755885455157302,0.0010956530570984113,5,0.07451723273909727,1087918,0.287,2235341,0.6726352053812237
88119748-0ae4-4577-bfd3-b7c9dff8c5d2,9,3,12,1097446.75,0.28765439987182617,2381405.010077584,0.6845376504414419,0.0006543998718261945,6,0.04864041530161234,986994,0.2945,2273415,0.6972790836977815
88254379-0ff2-4861-8e95-13cb555d3fb2,9,1,10,2133046.5,0.32011207938194275,4031341.3742150813,0.6539726987455987,0.13711207938194275,0,0.13417819032600642,2074648,0.3322,3920419,0.6539408150067381
88254379-0ff2-4861-8e95-13cb555d3fb2,9,2,11,2162187.5,0.29606592655181885,4359836.009445149,0.66847903923242,0.11306592655181885,0,0.12946568705873285,2014027,0.2929,4196013,0.6756821212101694
88254379-0ff2-4861-8e95-13cb555d3fb2,9,3,12,2183328.5,0.29206475615501404,4632136.76251191,0.6796508505429149,0.10906475615501404,0,0.04085413345957922,2060460,0.2515,4682933,0.6944475874385491
889568cf-5199-489a-9a6d-8ee789225134,9,1,10,1145420.5,0.8589555025100708,187363.72203236818,0.14058068735737017,0.7507555025100708,0,0.009953856031892777,1065070,0.8626,171447,0.1386531685371086
889568cf-5199-489a-9a6d-8ee789225134,9,2,11,1159358.375,0.8600171208381653,188518.03657345474,0.13986299853217748,0.7518171208381653,0,0.0014910383579501973,1075655,0.8574,177782,0.1418356088100159
889568cf-5199-489a-9a6d-8ee789225134,9,3,12,1162318.375,0.8603305816650391,188670.53587015043,0.1396536524852974,0.7521305816650391,0,0.0004687219214487004,1131509,0.8517,194155,0.1464586803292538
88e87c71-2d34-492f-b691-64b7c9e1a41a,9,1,10,2086235.25,0.2011098563671112,6788404.62387342,0.7649217005253597,0.0008098563671112002,10,0.014265974751627386,2134981,0.2107,6745416,0.7595849599967208
88e87c71-2d34-492f-b691-64b7c9e1a41a,9,2,11,2120188.5,0.2014167755842209,7114253.021871074,0.7704042529287239,0.0011167755842208804,11,0.011583190808976074,2079696,0.2082,6987329,0.7706308298477175
88e87c71-2d34-492f-b691-64b7c9e1a41a,9,3,12,2234230.75,0.20162589848041534,7463587.331937987,0.7696151102111087,0.0013258984804153384,12,0.011281441736255005,2204228,0.2061,7297064,0.7680075509730676
8a3fc244-3840-432c-b53c-4828178215f9,9,1,10,1086844.0,0.9861390590667725,28208.996913671494,0.025298346349232278,0.8585390590667725,0,0.013011301789231077,1030125,1.0,0,0.0
8a3fc244-3840-432c-b53c-4828178215f9,9,2,11,1099923.875,0.9885807037353516,12882.483490270795,0.0115765725024687,0.8609807037353516,0,0.006197230137746101,1046248,1.0,0,0.0
8a3fc244-3840-432c-b53c-4828178215f9,9,3,12,1087841.0,0.9816858768463135,20158.785434795544,0.018193853193649256,0.8540858768463135,0,-0.44912093438068235,1035258,1.0,0,0.0
8a8a9578-5b04-4754-9196-0deaf4b3915f,9,1,10,797283.875,0.29119884967803955,1467142.45084323,0.647909112387171,0.17429884967803955,0,0.11517292026064863,778642,0.2759,1485268,0.6560631827236948
8a8a9578-5b04-4754-9196-0deaf4b3915f,9,2,11,815320.5,0.29023098945617676,1620021.4702229344,0.6652131364017989,0.17333098945617675,0,0.09534731227977167,848561,0.2366,2061004,0.7083546853223763
8a8a9578-5b04-4754-9196-0deaf4b3915f,9,3,12,849746.75,0.29296478629112244,1746213.1013967164,0.6726656810417131,0.17606478629112243,0,0.05395123280508052,864394,0.2165,2292089,0.7261528099470201
8aabe784-0d39-479c-9833-32056b85d53c,9,1,10,2375731.25,0.48044028878211975,2235645.8239914402,0.48481089013532924,0.36614028878211974,0,0.06508352449246935,2166886,0.4864,2102560,0.4924667041110251
8aabe784-0d39-479c-9833-32056b85d53c,9,2,11,2351325.0,0.44492971897125244,2546091.1843435946,0.5198845857705781,0.33062971897125243,0,0.10116672695356538,2372507,0.4357,2525425,0.5156104658047519
8aabe784-0d39-479c-9833-32056b85d53c,9,3,12,2326711.5,0.41582298278808594,2846579.337602049,0.5502453712657513,0.3015229827880859,0,0.10210109866298933,2115455,0.4142,2718528,0.5623784775411912
8b57fa10-3bef-4ef9-a9bb-2b2ed31de677,9,1,10,2304576.0,0.2871980369091034,5289319.880641401,0.6965225707301442,0.003498036909103386,10,0.009584072184886328,2378659,0.2886,5368343,0.6929574821330884
8b57fa10-3bef-4ef9-a9bb-2b2ed31de677,9,2,11,2338124.75,0.28646233677864075,5442469.018098168,0.6994927611326103,0.0027623367786407393,11,0.013716369907620596,2576873,0.2853,5691158,0.6883329295693256
8b57fa10-3bef-4ef9-a9bb-2b2ed31de677,9,3,12,2370193.5,0.286232054233551,5576428.076509462,0.7017357027536848,0.0025320542335510177,12,0.00741473962924688,2389056,0.29,5787857,0.7078291037216612
8c57f905-8c87-4805-8f35-9bfe64556de1,9,1,10,1931422.125,0.24122023582458496,6261839.204062253,0.7642669936391425,0.004020235824584967,10,0.032781503096143694,1816012,0.2408,6177982,0.7728279505839009
8c57f905-8c87-4805-8f35-9bfe64556de1,9,2,11,1942878.875,0.2416265457868576,6222240.390463459,0.762051378328554,0.004426545786857611,11,-0.022207478892258492,1799863,0.2385,6075229,0.7714486383143206
8c57f905-8c87-4805-8f35-9bfe64556de1,9,3,12,1955647.125,0.24361084401607513,6185665.435552882,0.7597872443227766,0.00641084401607514,12,-0.016049748030409927,1946415,0.2413,6085687,0.757670532570428
8c66ddb1-6c1e-45d4-af42-57de9e405afa,9,1,10,1343283.625,0.4889734983444214,1398597.5791561157,0.5100868619093109,0.34207349834442136,0,-0.15762589438081664,1184432,0.4733,1357739,0.5340864166887279
8c66ddb1-6c1e-45d4-af42-57de9e405afa,9,2,11,1351305.375,0.4516166150569916,1508001.0902649092,0.527401000411894,0.30471661505699155,0,-0.049638973101427286,1078221,0.4496,2078117,0.6583949500972329
8c66ddb1-6c1e-45d4-af42-57de9e405afa,9,3,12,1363102.75,0.4190004765987396,1668109.9628294406,0.5503110869683467,0.2721004765987396,0,0.030755169190219367,1143069,0.417,1878011,0.621635640234618
8c80afc8-3133-4a1d-89bf-afa1519c85a6,9,1,10,709290.6875,0.30041664838790894,1290381.2734287046,0.6452964779430196,0.028416648387908916,1,0.04693642655900199,687826,0.3162,1246651,0.6444382641923373
8c80afc8-3133-4a1d-89bf-afa1519c85a6,9,2,11,749041.1875,0.2818644940853119,1464581.6807528134,0.661622041295946,0.00986449408531187,2,0.0763157362555269,702259,0.2836,1396286,0.6653590940389651
8c80afc8-3133-4a1d-89bf-afa1519c85a6,9,3,12,778272.75,0.2777434289455414,1619916.3505298267,0.6754748198013001,0.005743428945541362,3,0.05481203024160519,696521,0.272,1523563,0.6862636729060703
8cad464b-93d6-42de-aacc-f83bbbcd0920,9,1,10,2214579.5,0.2406895011663437,6171406.558948122,0.7359190100683544,0.003289501166343689,10,0.011344997658325418,2225887,0.2383,6199390,0.735808448790467
8cad464b-93d6-42de-aacc-f83bbbcd0920,9,2,11,2205306.75,0.2406895011663437,6360526.361203926,0.7425461456731505,0.003289501166343689,11,0.006239461191467788,2219884,0.2379,6416360,0.7429572392813357
8cad464b-93d6-42de-aacc-f83bbbcd0920,9,3,12,2224934.0,0.2416713982820511,6510600.150816649,0.7453007496064794,0.0042713982820510865,12,0.015019692722629152,2411080,0.2383,6723974,0.736062862901522
8cbe10d0-fe48-421f-a922-2d01fa048b19,9,1,10,945944.5,0.9130691885948181,89804.43977239728,0.08670483388776776,0.7517691885948181,0,0.02254096964871946,985157,0.9203,85484,0.0798437571510898
8cbe10d0-fe48-421f-a922-2d01fa048b19,9,2,11,952773.4375,0.9138122797012329,89857.41047603567,0.08618334154458185,0.7525122797012329,0,0.03539167372968305,1004131,0.9098,98262,0.0891351813736117
8cbe10d0-fe48-421f-a922-2d01fa048b19,9,3,12,955020.9375,0.9137049913406372,90167.78608657268,0.08626938279353155,0.7524049913406372,0,0.0025929689914187537,1028064,0.905,107056,0.0943124955951793
8cd60f3c-dea6-4568-80dd-106fe4c91635,9,1,10,1650721.75,0.7904413938522339,423543.8759021461,0.20418979643358698,0.4941413938522339,0,0.04495814479538529,1440163,0.7974,366732,0.2029625407121055
8cd60f3c-dea6-4568-80dd-106fe4c91635,9,2,11,1680268.875,0.764259397983551,495954.08442755346,0.22789672458837223,0.467959397983551,0,0.06527495062335142,1458000,0.8152,337175,0.1878229142005654
8cd60f3c-dea6-4568-80dd-106fe4c91635,9,3,12,1677633.25,0.7347109913825989,576628.8290936251,0.2557949381491043,0.43841099138259887,0,0.07194103569240462,1565176,0.8349,314127,0.1671508000572552
8cf412f6-fe96-4d57-aa15-cc106a8ff8f2,9,1,10,1009813.75,0.3707755208015442,1348690.917448476,0.571841529958702,0.2305755208015442,0,0.08824638546247149,856512,0.3867,1220627,0.5876482026479691
8cf412f6-fe96-4d57-aa15-cc106a8ff8f2,9,2,11,1029995.6875,0.3381214737892151,1574401.584400633,0.6045166770013043,0.1979214737892151,0,0.09963320894544792,909267,0.377,1326883,0.5933783511839545
8cf412f6-fe96-4d57-aa15-cc106a8ff8f2,9,3,12,1055472.0,0.30625706911087036,1824456.208309996,0.6335075308632871,0.16605706911087037,0,0.10284969722786319,859309,0.3572,1405304,0.6205492947360101
8cfbea8b-6df7-44e7-863d-1aa16e210244,9,1,10,1791816.0,0.9159483909606934,164421.08518981934,0.08404967191073626,0.6187483909606933,0,0.010044108176006053,1857598,0.9225,156748,0.0778158270724096
8cfbea8b-6df7-44e7-863d-1aa16e210244,9,2,11,1784575.375,0.9163057208061218,163119.8538870071,0.08375019431567868,0.6191057208061218,0,0.011136992816183883,1836046,0.9031,193113,0.095168983800678
8cfbea8b-6df7-44e7-863d-1aa16e210244,9,3,12,1776290.125,0.9163057208061218,162317.52024436253,0.08372891783571931,0.6191057208061218,0,0.0012326292051067084,2097372,0.9227,176971,0.0778119219484484
8d117eb1-69a6-4be9-8e07-d4ee5e285250,9,1,10,2239323.5,0.19612814486026764,7688294.330368884,0.774434961310674,0.006328144860267643,10,0.013928584034058056,2299338,0.1922,7774696,0.7717559817646039
8d117eb1-69a6-4be9-8e07-d4ee5e285250,9,2,11,2313721.25,0.19733402132987976,8028277.624490581,0.7762791044478848,0.007534021329879764,11,0.0059798933433726775,2396888,0.1936,8202847,0.7738728373869724
8d117eb1-69a6-4be9-8e07-d4ee5e285250,9,3,12,2340397.5,0.19699689745903015,8326078.294205314,0.7805838080773175,0.007196897459030155,12,0.0140185128006578,2582400,0.1907,8728576,0.7716907895481345
8d2762f1-36ec-4077-8617-fb0b9c12abf5,9,1,10,1830621.5,0.9248166084289551,149372.21964669228,0.07544075426327417,0.7515166084289551,0,0.018242157915253666,1908162,0.9282,148257,0.0720947433378119
8d2762f1-36ec-4077-8617-fb0b9c12abf5,9,2,11,1781534.625,0.929189920425415,136727.66732054297,0.07127683626369051,0.755889920425415,0,-0.00724406216509399,1957096,0.9323,142598,0.0679137055208997
8d2762f1-36ec-4077-8617-fb0b9c12abf5,9,3,12,1770184.875,0.9303768873214722,132765.18680208107,0.06976808770081613,0.7570768873214722,0,-0.008099589608348168,1775447,0.9347,125235,0.065889507029582
8e429586-a3e0-4803-a60c-837667c4a152,9,1,10,700502.3125,0.48289740085601807,658157.4906304404,0.48441669438810425,0.31359740085601806,0,0.07083645273037076,685542,0.4368,708357,0.5081838784589128
8e429586-a3e0-4803-a60c-837667c4a152,9,2,11,713724.375,0.44233354926109314,765052.4908391976,0.5173549225122849,0.27303354926109313,0,0.0969909800464801,693592,0.415,820161,0.5418063581046577
8e429586-a3e0-4803-a60c-837667c4a152,9,3,12,734193.5,0.3923632502555847,910996.9609408756,0.5537334324318178,0.2230632502555847,0,0.10291396047032375,731571,0.3676,981316,0.5729017734386448
8e6fecb8-505a-4aaa-9c37-261e38902169,9,1,10,1020034.9375,0.8901094198226929,125432.39806362242,0.10950325179015596,0.591009419822693,0,0.013101001588572858,1089763,0.9155,102337,0.0858459860749937
8e6fecb8-505a-4aaa-9c37-261e38902169,9,2,11,1020034.9375,0.8879116773605347,128393.51228162402,0.1117993134931813,0.5888116773605347,0,0.007473200404380195,1037920,0.9197,91544,0.0810508347322269
8e6fecb8-505a-4aaa-9c37-261e38902169,9,3,12,1020849.25,0.8850967884063721,132051.6842868909,0.11453862197498298,0.5859967884063721,0,0.006608642432735179,1088416,0.9211,93137,0.0788259180925443
8e8ab7a9-447c-4cdc-9e87-374c9e01f181,9,1,10,750875.75,0.9770509004592896,17654.00216820836,0.022971136925281226,0.8620509004592896,0,-0.006588350505711774,768699,0.9859,11106,0.0142420220439725
8e8ab7a9-447c-4cdc-9e87-374c9e01f181,9,2,11,750437.8125,0.9784262776374817,16570.599558574846,0.02160419533613848,0.8634262776374817,0,-0.0057284993468542204,815536,0.9889,9142,0.0110855388406141
8e8ab7a9-447c-4cdc-9e87-374c9e01f181,9,3,12,747472.8125,0.984210729598999,12063.688031096244,0.015882960229904507,0.869210729598999,0,-0.007978427835509293,756246,0.9873,9723,0.0126937252029781
8ec37ffb-42f3-4c70-a090-ff074bf4df3e,9,1,10,1329534.625,0.4501838982105255,1578520.1726082377,0.5428096382181344,0.19758389821052552,0,0.10826176750698924,1376688,0.4692,1549028,0.5294526194613558
8ec37ffb-42f3-4c70-a090-ff074bf4df3e,9,2,11,1336669.75,0.4157021939754486,1703339.075924875,0.560307279833854,0.16310219397544862,0,-0.0004212848887864551,1237497,0.4753,1462015,0.5415849234972839
8ec37ffb-42f3-4c70-a090-ff074bf4df3e,9,3,12,1333517.375,0.37894636392593384,1886050.7410818776,0.5858086156528185,0.12634636392593385,0,0.04132152877469797,1388836,0.452,1562325,0.5293933472284298
8edbd604-9ba3-4b9b-8cca-9472cd2335a3,9,1,10,838263.125,0.9231412410736084,70232.6212091744,0.07730649428159662,0.8134412410736084,0,-0.025320223525861274,926592,0.9359,64206,0.0648023108645758
8edbd604-9ba3-4b9b-8cca-9472cd2335a3,9,2,11,833354.375,0.9291595220565796,64010.534674917464,0.07133166673310877,0.8194595220565796,0,-0.028272288299849832,920300,0.9412,57862,0.0591538006996796
8edbd604-9ba3-4b9b-8cca-9472cd2335a3,9,3,12,833354.375,0.9340799450874329,59154.344122381415,0.06627872966949708,0.8243799450874328,0,-0.015949158894702123,903091,0.9388,58791,0.06112080275959
8f44cfcb-1791-4f30-bfb7-cc93859a7382,9,1,10,1869739.625,0.2915137708187103,3398975.8800532557,0.6451242009163862,0.04831377081871033,1,0.11053745018011574,1907828,0.3152,4835607,0.7170836524708847
8f44cfcb-1791-4f30-bfb7-cc93859a7382,9,2,11,1893504.875,0.2670905292034149,3878909.269387193,0.6719734884509024,0.023890529203414917,2,0.1070177787477451,1746725,0.2759,4766435,0.7318160462816821
8f44cfcb-1791-4f30-bfb7-cc93859a7382,9,3,12,1929154.5,0.24865758419036865,4363844.663667767,0.6934443419065028,0.005457584190368653,3,0.08076293015518987,1876086,0.2496,4984272,0.726532347145732
8fa4c57e-e35b-48ae-b211-5b4fa69fc00f,9,1,10,1041625.875,0.4770241975784302,1123385.951656714,0.5188821316470522,0.2526241975784302,0,-0.06295478466870386,967248,0.4969,1043296,0.5189122943840075
8fa4c57e-e35b-48ae-b211-5b4fa69fc00f,9,2,11,1053709.5,0.4390842318534851,1221167.1675943094,0.5368058783097451,0.21468423185348512,0,-0.011145297374966168,921246,0.5036,975138,0.5142091475144275
8fa4c57e-e35b-48ae-b211-5b4fa69fc00f,9,3,12,1053190.375,0.40878090262413025,1344643.6134426089,0.5607742737502664,0.18438090262413026,0,0.03565221707572286,978564,0.4742,1027228,0.5121308690033662
8fd8f6aa-4af9-4ae0-a920-dc42bac30399,9,1,10,1838591.25,0.28771650791168213,4267706.552731365,0.6989024594939355,0.0036165079116821097,10,0.015376892488499827,1830244,0.2853,4276066,0.7002700485235764
8fd8f6aa-4af9-4ae0-a920-dc42bac30399,9,2,11,1844016.75,0.2879657447338104,4351756.350253344,0.7023750353406908,0.0038657447338104056,11,0.005775455511228933,2014673,0.2854,4503540,0.6909163600514435
8fd8f6aa-4af9-4ae0-a920-dc42bac30399,9,3,12,1919830.5,0.28868502378463745,4461073.651220538,0.6991287669424128,0.004585023784637432,12,0.0015235741843496742,1832000,0.2959,4460549,0.70886202078045
8fdb5a85-ded1-4477-a10b-0771a5d8b149,9,1,10,2300117.0,0.2963498532772064,5189319.210109621,0.6928851604483679,0.15264985327720643,0,0.09118055561892835,2340529,0.2569,5509991,0.701863188680495
8fdb5a85-ded1-4477-a10b-0771a5d8b149,9,2,11,2370783.75,0.27857327461242676,5454060.322104784,0.6970184034143585,0.13487327461242676,0,0.008534769472768766,2252419,0.2056,6166156,0.7324465245008805
8fdb5a85-ded1-4477-a10b-0771a5d8b149,9,3,12,2420781.25,0.27708619832992554,5692831.658439815,0.7016395436511529,0.13338619832992554,0,0.011369651297966854,2289204,0.1755,6971049,0.7527924992978053
90385b75-f8e3-4f1c-980d-ddacd1d8e369,9,1,10,678959.9375,0.8944762945175171,79863.07733025402,0.10524598723210722,0.715476294517517,0,-0.00033072593423387475,686551,0.9015,75323,0.0988654291917036
90385b75-f8e3-4f1c-980d-ddacd1d8e369,9,2,11,678356.8125,0.8897228240966797,83614.34816420707,0.10973426880266805,0.7107228240966796,0,-0.003056643622514746,621821,0.9005,69379,0.1003747106481481
90385b75-f8e3-4f1c-980d-ddacd1d8e369,9,3,12,678271.375,0.8874276280403137,85767.28301881568,0.11225516159249566,0.7084276280403137,0,0.008662560721884649,646137,0.9041,68644,0.0960350093245343
90f3f7c8-023d-4927-aa46-d652d776989b,9,1,10,1931323.5,0.6226111054420471,1078932.394901961,0.3584188296846106,0.4666111054420471,0,0.070325768898227,1880838,0.6209,1064797,0.3614830079083118
90f3f7c8-023d-4927-aa46-d652d776989b,9,2,11,1905423.125,0.6010271906852722,1190676.7057692003,0.3845730986889356,0.4450271906852722,0,0.08377298641909348,1795129,0.6155,1099675,0.3798789140819206
90f3f7c8-023d-4927-aa46-d652d776989b,9,3,12,1893046.25,0.5742896199226379,1312772.8715537926,0.4094968623549539,0.4182896199226379,0,0.08531473796649752,1734289,0.5735,2833964,0.6203605623418843
91895d70-118b-4f83-9bd5-3bb88835dccc,9,1,10,1848073.875,0.9669715762138367,63042.30617638677,0.03298716571882151,0.8654715762138366,0,0.01427729821866431,1831971,0.9719,53185,0.0282125192822238
91895d70-118b-4f83-9bd5-3bb88835dccc,9,2,11,1842633.5,0.9646996855735779,67270.955152852,0.035222157302873154,0.8631996855735778,0,0.008661090740405053,1743195,0.9742,46402,0.0259287426163544
91895d70-118b-4f83-9bd5-3bb88835dccc,9,3,12,1840653.375,0.962425947189331,71688.44953992334,0.03748725704787132,0.860925947189331,0,0.006002258296266723,1869876,0.979,40234,0.0210637083728162
91b89855-e870-429c-99eb-31bcd423d5c6,9,1,10,1437534.25,0.9927346706390381,10444.159793913364,0.0072129250845665936,0.8034346706390381,0,-0.0005836074941633065,1340350,1.0,0,0.0
91b89855-e870-429c-99eb-31bcd423d5c6,9,2,11,1456277.875,0.9885078072547913,16855.852327496512,0.011442173928144162,0.7992078072547912,0,0.011442173928144162,1497044,1.0,0,0.0
91b89855-e870-429c-99eb-31bcd423d5c6,9,3,12,1476347.75,0.987895667552948,18074.232813707553,0.01209446396102744,0.798595667552948,0,0.01209446396102744,1510291,1.0,0,0.0
91dcbfe0-eb3a-4dc7-88a0-837bfddb5208,9,1,10,2433782.25,0.24459251761436462,8518450.111538716,0.777782084084813,0.004592517614364633,10,-0.013485490324580907,2815823,0.2413,8845728,0.7585378651604748
91dcbfe0-eb3a-4dc7-88a0-837bfddb5208,9,2,11,2429519.25,0.24358417093753815,8281217.321158739,0.773169731711816,0.003584170937538156,11,-0.014672026881874412,2481631,0.2433,8571416,0.7754799196999705
91dcbfe0-eb3a-4dc7-88a0-837bfddb5208,9,3,12,2417340.0,0.24461160600185394,8081566.032927208,0.7697531540506588,0.004611606001853952,12,-0.01513120109528665,2653314,0.2429,8497996,0.7620625738141976
925f6019-bae0-47df-9016-0a470c7cadc4,9,1,10,2735938.0,0.46446001529693604,3013687.534658313,0.524153706444364,0.27746001529693604,0,-0.03283265737439278,3030686,0.4542,3232532,0.5161136016661084
925f6019-bae0-47df-9016-0a470c7cadc4,9,2,11,2639524.25,0.4289923310279846,3228027.28336287,0.5501489445824758,0.24199233102798462,0,0.04117987753271002,3003422,0.4573,3384042,0.5297942970794043
925f6019-bae0-47df-9016-0a470c7cadc4,9,3,12,2626037.75,0.39350366592407227,3550468.9821766545,0.5748344713493801,0.20650366592407227,0,0.06738740948454602,2875764,0.4253,3597758,0.5557651615303076
926cdd2f-6b06-4c14-b1a4-d171e6994216,9,1,10,3059043.5,0.5583916306495667,2231345.741206974,0.4217734536103631,0.4270916306495667,0,0.0747671618735925,2921512,0.5262,2329026,0.4435785437606584
926cdd2f-6b06-4c14-b1a4-d171e6994216,9,2,11,3051441.75,0.5230693817138672,2519523.1044555902,0.4522597378155251,0.3917693817138672,0,0.10691890804680998,3414207,0.515,2785231,0.4492715307419802
926cdd2f-6b06-4c14-b1a4-d171e6994216,9,3,12,3050882.75,0.4884580671787262,2849496.177387152,0.48293443733943137,0.3571580671787262,0,0.09889121057246059,3385410,0.4834,3187680,0.4849591288115635
92880976-a1d7-4c08-b5a4-4d001a5526d4,9,1,10,1313791.875,0.7803897261619568,362404.3602006361,0.21620640387445883,0.6459897261619568,0,0.015403123198491936,1264775,0.8001,320116,0.2019798206942938
92880976-a1d7-4c08-b5a4-4d001a5526d4,9,2,11,1310344.25,0.7797940969467163,368349.11829035636,0.21942608772291558,0.6453940969467163,0,0.03521460092288109,1234210,0.8035,305392,0.1983577573944435
92880976-a1d7-4c08-b5a4-4d001a5526d4,9,3,12,1313104.375,0.7725409269332886,382461.8529886084,0.22556585916570754,0.6381409269332886,0,0.020868997606727252,1255925,0.8022,308781,0.1973412257638176
931138b8-cc85-4f49-b0dd-5f4034aa600b,9,1,10,1105985.0,0.9357339143753052,75677.23605430126,0.06404303509520266,0.7965339143753052,0,0.03966553398359757,1083431,0.9624,43412,0.0385253313904421
931138b8-cc85-4f49-b0dd-5f4034aa600b,9,2,11,1095257.0,0.932033121585846,79584.74485287303,0.06774082143534961,0.792833121585846,0,0.010965978712857108,1018431,0.9503,52729,0.0492260726688823
931138b8-cc85-4f49-b0dd-5f4034aa600b,9,3,12,1094499.75,0.9325664639472961,79172.66911258176,0.06745721193009249,0.7933664639472962,0,0.006899197612964994,1062896,0.9627,41609,0.0376720793477621
938fc2bb-e8b0-4ffd-bca0-41a0ce1d45de,9,1,10,828630.8125,0.8955551981925964,96363.36568415537,0.10417726722704905,0.6858551981925964,0,-0.003283271133950147,838842,0.9084,85462,0.0924609219477574
938fc2bb-e8b0-4ffd-bca0-41a0ce1d45de,9,2,11,836438.125,0.8895679712295532,103011.16105634824,0.10965058208599204,0.6798679712295532,0,0.004053230197332738,794706,0.8926,94531,0.1063057430133923
938fc2bb-e8b0-4ffd-bca0-41a0ce1d45de,9,3,12,841020.875,0.8876302242279053,106080.6682133259,0.11200559113589387,0.6779302242279053,0,0.008846980134532972,758996,0.8918,92310,0.1084333952773738
93d4d3cf-e4c6-4212-a7e7-05107a38c097,9,1,10,778369.875,0.30784809589385986,1478108.300649181,0.6550510067414831,0.13654809589385986,0,0.1405426722176326,807047,0.3153,1481818,0.6474029704678956
93d4d3cf-e4c6-4212-a7e7-05107a38c097,9,2,11,816681.1875,0.2925674021244049,1623408.8891789822,0.6653069510402987,0.1212674021244049,0,0.019904130616429927,732904,0.3046,1540175,0.6775721389357783
93d4d3cf-e4c6-4212-a7e7-05107a38c097,9,3,12,851206.625,0.2858307659626007,1767294.2662982685,0.6749259746946404,0.1145307659626007,0,0.03491805214697552,794753,0.2692,1706298,0.6822323895034528
93d8de4e-f1e9-4ae6-916c-237386c19427,9,1,10,2230635.0,0.15230993926525116,9170770.525041431,0.8043543846326004,0.008009939265251148,10,0.034116037831238843,2366695,0.1452,10954602,0.8223374946148262
93d8de4e-f1e9-4ae6-916c-237386c19427,9,2,11,2282872.5,0.1517975777387619,9715007.757555677,0.8097270141896642,0.00749757773876189,11,0.03735813306396074,2364124,0.1484,13318726,0.8492541853043293
93d8de4e-f1e9-4ae6-916c-237386c19427,9,3,12,2320718.5,0.15196992456912994,10206657.846060244,0.8147482413003544,0.007669924569129932,12,0.014511652723137924,2309383,0.16,13127545,0.8503987969627117
940c665e-2548-4aab-8975-18d370d67df8,9,1,10,2198549.25,0.1648963838815689,8599383.658839595,0.7963916549064511,0.001496383881568919,10,0.0134481517488525,2100493,0.164,8526702,0.8023473738837013
940c665e-2548-4aab-8975-18d370d67df8,9,2,11,2241208.5,0.16588188707828522,9042334.274485221,0.8013736869001901,0.0024818870782852276,11,0.014746380467319575,2006500,0.164,8805776,0.81442390112868
940c665e-2548-4aab-8975-18d370d67df8,9,3,12,2312305.75,0.16564565896987915,9473793.195263602,0.8038107637871791,0.0022456589698791607,12,0.01270578098495212,2193747,0.1637,9202201,0.807497629859315
946aeeab-410d-4e60-bbfb-7d2f60a74161,9,1,10,1581271.375,0.29999080300331116,3763751.6121518947,0.704160042192338,0.0015908030033111586,10,-0.04048290177599867,1507862,0.3003,3710480,0.711045768943469
946aeeab-410d-4e60-bbfb-7d2f60a74161,9,2,11,1601734.25,0.30215519666671753,3744276.4262608965,0.7003870087441944,0.0037551966667175307,11,-0.024658379679220466,1619991,0.3002,3730047,0.6972000946535333
946aeeab-410d-4e60-bbfb-7d2f60a74161,9,3,12,1653689.0,0.3040834963321686,3756533.226363318,0.694339912334509,0.0056834963321685805,12,-0.015438298220999735,1501046,0.3043,3639294,0.7079870203138314
94b41f0e-1c8f-4f75-ad65-1ccc2f498694,9,1,10,2255130.0,0.11224151402711868,11371853.29588037,0.8345099607862764,0.004841514027118687,10,0.006257776166344042,2131707,0.1079,12686202,0.8561398237767556
94b41f0e-1c8f-4f75-ad65-1ccc2f498694,9,2,11,2346807.25,0.11174295097589493,12185696.933047116,0.8385132238435777,0.0043429509758949325,11,0.00918904804289944,2224560,0.1076,13305725,0.8567598727260961
94b41f0e-1c8f-4f75-ad65-1ccc2f498694,9,3,12,2356699.25,0.11177568882703781,12916909.832491338,0.8457012198445248,0.004375688827037816,12,0.014512896004359677,2375982,0.1127,13997492,0.8548883395179301
94b54abf-5017-4cd2-8656-b068185d7430,9,1,10,1392211.75,0.18263083696365356,5936780.072787181,0.8100404825570472,0.0041308369636535724,10,0.061387470312871395,1501811,0.1834,7372878,0.8307759291621374
94b54abf-5017-4cd2-8656-b068185d7430,9,2,11,1434201.5,0.1825805902481079,6025183.406519771,0.8077319352770688,0.004080590248107918,11,0.03312546990358656,1476132,0.181,7246914,0.8307779186307168
94b54abf-5017-4cd2-8656-b068185d7430,9,3,12,1428125.25,0.1825268715620041,6092879.544659213,0.8101150991136005,0.004026871562004097,12,-0.0022446663051467475,1590605,0.179,7255174,0.820184858789712
94e08e0e-65d0-4da3-9601-7596ba492d37,9,1,10,1592690.125,0.3003438115119934,2852961.5403194055,0.6417420335865269,0.1795438115119934,0,0.09189267340624141,1738524,0.325,2850962,0.6211941816578153
94e08e0e-65d0-4da3-9601-7596ba492d37,9,2,11,1609924.375,0.29176339507102966,3160779.168851136,0.662539422078532,0.17096339507102964,0,0.07369110482640662,1689585,0.2885,3230556,0.6565982560255895
94e08e0e-65d0-4da3-9601-7596ba492d37,9,3,12,1648723.375,0.2938903570175171,3396036.124162069,0.673180976164701,0.17309035701751707,0,0.06348799990692822,1713297,0.2403,3755839,0.6867335169577059
950b921d-31b8-417b-b1f2-a10052a8885e,9,1,10,1149356.0,0.9905844926834106,10821.769827365875,0.00932768245419506,0.7041844926834107,0,0.00932768245419506,1213170,1.0,0,0.0
950b921d-31b8-417b-b1f2-a10052a8885e,9,2,11,1167867.375,0.9853697419166565,17244.526388859842,0.014550968873614876,0.6989697419166565,0,-0.0001593037517670249,1224267,0.9578,51604,0.0404460952557115
950b921d-31b8-417b-b1f2-a10052a8885e,9,3,12,1164984.625,0.9848654270172119,17892.53337407438,0.015126281919813711,0.6984654270172119,0,0.015126281919813711,1181183,0.957,52949,0.042903838487293
95133ec0-00c3-4533-a9d8-278181419e43,9,1,10,2787775.75,0.23137010633945465,8911550.904925127,0.7617148548607782,0.01347010633945464,10,0.02377579265881058,2673299,0.2339,8794216,0.7668807060640427
95133ec0-00c3-4533-a9d8-278181419e43,9,2,11,2793287.75,0.23067596554756165,9004813.69662185,0.763242606224597,0.012775965547561635,11,0.02084349645901662,2909064,0.2278,9037194,0.7564874289505551
95133ec0-00c3-4533-a9d8-278181419e43,9,3,12,2788632.25,0.22557835280895233,9133099.836041477,0.7660883309678581,0.007678352808952321,12,0.0021786122317347667,2886689,0.227,9217274,0.7615087719617121
956cd82d-e3f2-4a73-be22-f4f04312b374,9,1,10,2263906.0,0.2162877917289734,7494813.048093855,0.768011970747103,0.005487791728973401,10,0.020644007425692612,2534951,0.213,9834266,0.7950597034557644
956cd82d-e3f2-4a73-be22-f4f04312b374,9,2,11,2336131.25,0.21656791865825653,7701877.153010415,0.7672714390934968,0.005767918658256543,11,0.01603459251691164,2609656,0.214,9780459,0.7893759662440583
956cd82d-e3f2-4a73-be22-f4f04312b374,9,3,12,2375294.25,0.21599243581295013,7900578.605569592,0.768847446500608,0.005192435812950147,12,0.0009401670663794492,2415260,0.2201,9510870,0.7974816642112739
9647b351-8898-43ad-990a-a2d890d73bf8,9,1,10,1491952.0,0.41567572951316833,1750107.2852380276,0.5398134738642009,0.22677572951316832,0,0.10515738064652669,1362113,0.4365,1614518,0.5423977644524968
9647b351-8898-43ad-990a-a2d890d73bf8,9,2,11,1494517.75,0.3733580708503723,2033218.0914487364,0.5763521371299032,0.1844580708503723,0,0.11125771147498997,1410307,0.3996,1816241,0.5629053093274918
9647b351-8898-43ad-990a-a2d890d73bf8,9,3,12,1492911.875,0.33953016996383667,2328902.459625819,0.6093709049458139,0.15063016996383666,0,0.10620558528066293,1380476,0.3661,2026427,0.5948003215823873
96504fbf-f927-41e3-b935-cdf56bf00c79,9,1,10,2338357.75,0.4307515621185303,2747273.6521820426,0.5402030613157093,0.23165156211853027,0,0.06660130593472186,2696241,0.4438,2883478,0.516778353892015
96504fbf-f927-41e3-b935-cdf56bf00c79,9,2,11,2354282.5,0.3979925215244293,3071174.9554766463,0.5660674663251658,0.19889252152442932,0,0.0832697845220648,2425673,0.412,3121568,0.5627244246283873
96504fbf-f927-41e3-b935-cdf56bf00c79,9,3,12,2325410.75,0.3721003532409668,3388514.2581736343,0.5930274291885954,0.1730003532409668,0,0.07412830834843986,2561404,0.3907,3462602,0.5748005563075468
96648e6d-8143-4c96-83ba-c073ae2ad641,9,1,10,1967935.75,0.18518853187561035,6940646.992550433,0.7790966524225602,0.005188531875610358,10,0.013632339298999208,2096231,0.1827,7066925,0.7712326408062898
96648e6d-8143-4c96-83ba-c073ae2ad641,9,2,11,2054642.5,0.18504802882671356,7330728.903228327,0.7810803204555915,0.005048028826713569,11,0.005162723547164405,1985591,0.1904,9052516,0.8201148983245043
96648e6d-8143-4c96-83ba-c073ae2ad641,9,3,12,2105282.25,0.1849973499774933,7690374.0955230165,0.7850800216197669,0.004997349977493293,12,0.010626319830800535,2031491,0.1886,8993479,0.8157372763826115
9696ee65-b309-4518-a9b7-09d3d8c6b80d,9,1,10,2364557.75,0.4567287862300873,4422395.958345555,0.6516024933111847,0.3353287862300873,0,0.2449488225507016,2076354,0.4843,4049561,0.6610540629440663
9696ee65-b309-4518-a9b7-09d3d8c6b80d,9,2,11,2417480.75,0.4219629764556885,3953701.9739021272,0.620560129137314,0.30056297645568847,0,0.030577615962553706,1997894,0.4741,5313294,0.7267346975621473
9696ee65-b309-4518-a9b7-09d3d8c6b80d,9,3,12,2370769.0,0.3895089626312256,3861032.8456662125,0.6195692580230698,0.2681089626312256,0,-0.09443502420863548,2082224,0.4471,4089172,0.6626008118746552
971b4c7d-63a1-46ca-b9ed-95a69128b18f,9,1,10,1686042.625,0.24000002443790436,3765196.1539295968,0.6907046832149462,0.01760002443790437,3,0.08435059013919122,1503770,0.2261,3692912,0.7106288204665977
971b4c7d-63a1-46ca-b9ed-95a69128b18f,9,2,11,1746164.375,0.23168432712554932,4234464.673238232,0.7080299813086747,0.00928432712554933,4,0.07010954021177873,1472602,0.2224,4016704,0.7317325723871105
971b4c7d-63a1-46ca-b9ed-95a69128b18f,9,3,12,1800631.75,0.2291432023048401,4652195.102598937,0.7209545845361125,0.006743202304840101,5,0.056301234406950895,1565101,0.2224,4340412,0.7349762840247748
971e1563-6863-4482-a4a2-44dfc8454b69,9,1,10,1346934.5,0.8940581679344177,170308.22235175967,0.11224850173463226,0.6805581679344177,0,-0.00197056366243914,1502386,0.8741,221983,0.128732887218455
971e1563-6863-4482-a4a2-44dfc8454b69,9,2,11,1370091.0,0.8935719132423401,163941.74207788496,0.10686978027328273,0.6800719132423401,0,-0.3619453887757884,1394770,0.8903,177410,0.1128433131066417
971e1563-6863-4482-a4a2-44dfc8454b69,9,3,12,1383831.0,0.8917611837387085,167529.08944400353,0.10798852605783146,0.6782611837387085,0,-0.05506184063955233,1386064,0.8858,178616,0.1141549709844824
97a0f231-5cbb-471c-bbfb-951b06f46667,9,1,10,2761551.25,0.11131323128938675,13716786.296422524,0.8324132369409111,0.004313231289386751,10,0.02826903183271845,2687868,0.1124,13633980,0.8353208533739562
97a0f231-5cbb-471c-bbfb-951b06f46667,9,2,11,2797019.25,0.1122487410902977,14660151.66322662,0.839778205534964,0.005248741090297701,11,0.027842701171881368,2974588,0.1199,14617835,0.8309165258247826
97a0f231-5cbb-471c-bbfb-951b06f46667,9,3,12,2800306.5,0.11245224624872208,15496990.42223995,0.8469551807624496,0.0054522462487220785,12,0.024486580132216718,2960831,0.1087,15667222,0.8410552621897737
98d28865-292f-4427-b910-c725fea346f1,9,1,10,2208705.0,0.9446806311607361,129375.7951399684,0.05533418494728424,0.8185806311607361,0,0.00727065476069344,2205719,0.9545,106352,0.0459985874136218
98d28865-292f-4427-b910-c725fea346f1,9,2,11,2207618.75,0.946485161781311,125063.88500112388,0.05361375916491256,0.820385161781311,0,-0.010313627892146938,2112161,0.9681,70829,0.0324458655330532
98d28865-292f-4427-b910-c725fea346f1,9,3,12,2196789.5,0.9500314593315125,116019.62529469421,0.05016394307070679,0.8239314593315125,0,-0.005234439747536013,2230148,0.9563,100614,0.0431678566923606
98e94c4f-2a0c-4baa-836a-cb2dcd06f80a,9,1,10,1774072.875,0.41157612204551697,2159989.8281855993,0.549048144666467,0.21227612204551696,0,0.07191476055646673,1592595,0.4163,2036703,0.5611837330525077
98e94c4f-2a0c-4baa-836a-cb2dcd06f80a,9,2,11,1748795.0,0.3763536512851715,2437699.3860098673,0.5822769986640851,0.1770536512851715,0,0.08134007682787647,1521368,0.4053,2116146,0.5817561114541415
98e94c4f-2a0c-4baa-836a-cb2dcd06f80a,9,3,12,1743092.625,0.34513142704963684,2737869.298052311,0.6110003488240641,0.14583142704963684,0,0.09642038467338843,1711225,0.4064,2271782,0.5703685682701537
994ed3b4-4b24-451a-b764-fdf10f3da043,9,1,10,3124579.25,0.1578916758298874,13063691.485718999,0.8069849892548624,0.0035916758298873974,10,0.02611016366796115,3067616,0.155,13060869,0.8098013545599603
994ed3b4-4b24-451a-b764-fdf10f3da043,9,2,11,3311526.5,0.1584719568490982,13780205.14769156,0.8062497956169782,0.004171956849098213,11,0.007309057469475411,3262247,0.1572,16323116,0.8334344377482307
994ed3b4-4b24-451a-b764-fdf10f3da043,9,3,12,3488575.5,0.15863849222660065,14529287.323149873,0.806382392060518,0.004338492226600654,12,0.0005421979016878575,3061675,0.1589,16305214,0.8419118837310422
996f405c-0949-4c1d-b69f-aa6f72e81324,9,1,10,593914.0,0.902716338634491,64151.57024693489,0.09748507314075469,0.6613163386344909,0,-0.0024431544463665023,567264,0.8942,66940,0.105549633871751
996f405c-0949-4c1d-b69f-aa6f72e81324,9,2,11,611224.0625,0.9037412405014038,65010.820603799424,0.09613644937305092,0.6623412405014037,0,-0.005765144479233084,609523,0.8949,71078,0.1044341692122109
996f405c-0949-4c1d-b69f-aa6f72e81324,9,3,12,613582.0,0.9048187136650085,64589.337562759756,0.09524044144195712,0.6634187136650085,0,-0.0065401044512597845,578549,0.8796,78188,0.1190552686996468
99fb1bac-a6e5-49c0-b2ee-23b1212b43ea,9,1,10,1794038.25,0.2785871922969818,4322521.763843723,0.7066916296186876,0.0032871922969818224,10,0.01159250200207973,1996271,0.2762,4483294,0.6919128058750857
99fb1bac-a6e5-49c0-b2ee-23b1212b43ea,9,2,11,1830296.875,0.27866488695144653,4438244.128417583,0.7080186802635366,0.003364886951446544,11,0.022999616043886784,1968268,0.2756,4673738,0.7036636221045268
99fb1bac-a6e5-49c0-b2ee-23b1212b43ea,9,3,12,1831205.875,0.27879709005355835,4521545.58622849,0.7117460227783123,0.0034970900535583604,12,0.010421984948278173,1916831,0.2766,4767319,0.7132274111143526
9a1122a6-901a-4d9b-8c04-7ac0e3e515d6,9,1,10,2086471.875,0.3260646164417267,3738159.765669916,0.6417847507417609,0.036664616441726694,1,0.02894630638467155,2188379,0.3153,3867568,0.6386396710539244
9a1122a6-901a-4d9b-8c04-7ac0e3e515d6,9,2,11,2123137.5,0.2982812821865082,4112982.001989619,0.6595418834865788,0.008881282186508188,2,0.028363152750536136,2320492,0.2894,4397235,0.6545718514610671
9a1122a6-901a-4d9b-8c04-7ac0e3e515d6,9,3,12,2197119.5,0.2954486906528473,4445790.275340221,0.6692534485179767,0.0060486906528472995,3,0.03714769771621984,2222979,0.2894,4704324,0.6790989220480178
9a229af4-e5ab-4345-a0f0-6b8db4a70012,9,1,10,1329334.0,0.8277893662452698,302139.07944619656,0.18519403308129218,0.6519893662452698,0,0.02212698626053919,1233541,0.8399,265532,0.177130800167837
9a229af4-e5ab-4345-a0f0-6b8db4a70012,9,2,11,1338184.375,0.8108614683151245,310248.3696622164,0.1882080847197621,0.6350614683151246,0,-0.30786866073000596,1259040,0.8373,248018,0.164570972052834
9a229af4-e5ab-4345-a0f0-6b8db4a70012,9,3,12,1309930.625,0.8018847107887268,320982.23010153486,0.19681139252627428,0.6260847107887269,0,-0.05072757037665193,1320992,0.8411,249262,0.1587399236047161
9b959e5f-db2d-4d89-90f2-ab85e520e96e,9,1,10,1193606.125,0.8060967922210693,281998.5007942021,0.19110708645442503,0.5772967922210693,0,0.01963531836001714,1173590,0.8275,247403,0.1741057133990104
9b959e5f-db2d-4d89-90f2-ab85e520e96e,9,2,11,1196485.875,0.7969073057174683,300269.3753346717,0.2006135440430438,0.5681073057174683,0,0.012985846528565187,1124302,0.8296,233717,0.1721014212614109
9b959e5f-db2d-4d89-90f2-ab85e520e96e,9,3,12,1212138.125,0.7899212837219238,317724.6261596419,0.20768178447302243,0.5611212837219238,0,0.027763090167112342,1152294,0.8404,221198,0.1610478983496081
9ba0f657-c0b5-4c22-96fa-b48ba32d3482,9,1,10,3750783.5,0.29676178097724915,9897550.152461842,0.7251837773380162,0.002861780977249151,10,0.04812668969261613,3785290,0.3008,9864839,0.7226919980023632
9ba0f657-c0b5-4c22-96fa-b48ba32d3482,9,2,11,3690476.75,0.3001950979232788,9508967.835893162,0.7204066636300608,0.006295097923278814,11,-0.0288327142321122,4196160,0.3021,9928471,0.7029189647503004
9ba0f657-c0b5-4c22-96fa-b48ba32d3482,9,3,12,3693928.25,0.3051324784755707,9174263.68014917,0.7129411598730188,0.011232478475570684,12,-0.02203780272213507,4104719,0.3004,9817448,0.7051666597592171
9c0c9e84-234a-4b16-acaf-5f9bcfc40dff,9,1,10,1256156.875,0.3113691210746765,2333311.334433697,0.6500437385965367,0.07816912107467652,0,0.022738781123540552,1338245,0.293,2453550,0.6470682091199551
9c0c9e84-234a-4b16-acaf-5f9bcfc40dff,9,2,11,1276134.125,0.2895069718360901,2564485.8344655223,0.6677270496772629,0.0563069718360901,0,0.0627909216025232,1222944,0.2797,2648094,0.6840785339746084
9c0c9e84-234a-4b16-acaf-5f9bcfc40dff,9,3,12,1286427.625,0.2825600802898407,2762799.0431697164,0.6823028863480552,0.04936008028984071,1,0.05098015294754832,1182914,0.2588,2839711,0.7059348062521363
9cfcd62d-d653-4e67-b8e1-2db42a2058d9,9,1,10,2840111.25,0.29596489667892456,6118561.568616763,0.6829763395200631,0.001964896678924577,10,0.013923236858798038,2570528,0.2995,5945312,0.6981474522771682
9cfcd62d-d653-4e67-b8e1-2db42a2058d9,9,2,11,2866647.25,0.296269029378891,6323169.7231585225,0.6880626395092677,0.0022690293788910076,11,0.013183848458195535,2760574,0.2966,6123628,0.689271585675337
9cfcd62d-d653-4e67-b8e1-2db42a2058d9,9,3,12,2866388.75,0.2963038980960846,6466656.475779749,0.6928774391789663,0.002303898096084611,12,0.019626548650529485,2708671,0.2953,6224266,0.696777107014188
9d280c47-c560-4609-9868-9d42dcae6de3,9,1,10,686400.625,0.8420089483261108,138251.90641321242,0.16764867765128813,0.5656089483261109,0,0.013196185107615443,662118,0.8462,130846,0.1650087519736078
9d280c47-c560-4609-9868-9d42dcae6de3,9,2,11,689880.875,0.826641321182251,143564.00487146224,0.17225374867454143,0.550241321182251,0,-0.28653088302076624,648961,0.8276,134436,0.17160647794158
9d280c47-c560-4609-9868-9d42dcae6de3,9,3,12,684212.25,0.7942326664924622,170329.31270575686,0.19932244391535361,0.5178326664924622,0,-0.024861646062009385,685117,0.829,140118,0.1697916351099989
9dba2af6-ea08-4726-b202-9f003ef6c459,9,1,10,2653361.5,0.47278809547424316,3197973.8327401876,0.5465374398979408,0.17548809547424316,0,0.13005765954597298,2157003,0.4676,2965421,0.5789097114959636
9dba2af6-ea08-4726-b202-9f003ef6c459,9,2,11,2625805.5,0.436954140663147,3279054.8389909035,0.5553145461102081,0.13965414066314696,0,-0.08684218180685654,2310453,0.4618,2839285,0.551345524762619
9dba2af6-ea08-4726-b202-9f003ef6c459,9,3,12,2579846.0,0.4053358733654022,3484078.150457238,0.5745583328568725,0.10803587336540221,0,0.014954744990233637,2175656,0.4353,2831781,0.5655150529103012
9def4077-3b97-41b7-92a4-e9672e4b6d46,9,1,10,2173296.5,0.9825512170791626,38765.062402904034,0.017524404863666892,0.7868512170791626,0,7.652897848709275e-05,2129015,0.985,32643,0.0151009086543754
9def4077-3b97-41b7-92a4-e9672e4b6d46,9,2,11,2184462.25,0.9850707054138184,33191.215478907805,0.014966817853004856,0.7893707054138184,0,0.0037459481185538566,2233749,0.985,34029,0.0150054370401335
9def4077-3b97-41b7-92a4-e9672e4b6d46,9,3,12,2185085.5,0.9862036108970642,30604.208704729564,0.013812497564300412,0.7905036108970642,0,-0.00798572015008749,2145917,0.9583,90854,0.0406183735393565
9e008d4a-e7b3-4560-847e-0867bc60cf4b,9,1,10,4365177.0,0.14187106490135193,19710428.728079915,0.8186887985580859,0.003071064901351922,10,0.03397511454432556,4632526,0.1388,20011209,0.8120201341233381
9e008d4a-e7b3-4560-847e-0867bc60cf4b,9,2,11,4354935.5,0.14412489533424377,20596946.12752744,0.8254666495694039,0.005324895334243768,11,0.02805822958626769,4641505,0.139,21225479,0.8205625750570689
9e008d4a-e7b3-4560-847e-0867bc60cf4b,9,3,12,4356422.5,0.1446264535188675,21344451.419579178,0.8304951608403777,0.005826453518867486,12,0.02133552318093379,4986479,0.139,22568257,0.8190336862599591
9e3d997a-843d-4035-9783-679e66aa42a1,9,1,10,868698.3125,0.9338030219078064,61718.57461987808,0.0663343233278246,0.7819030219078064,0,-0.006874881885097495,849504,0.9327,61415,0.0674209232654056
9e3d997a-843d-4035-9783-679e66aa42a1,9,2,11,864468.375,0.9347420334815979,60441.07694807497,0.06534810172041379,0.7828420334815979,0,0.010260562987672493,804723,0.9352,56168,0.0652440320551614
9e3d997a-843d-4035-9783-679e66aa42a1,9,3,12,858440.75,0.9348272085189819,59886.09370338381,0.06521217811936988,0.7829272085189819,0,-0.0021964005380927104,789717,0.9486,43465,0.0521674736132081
9e44fe8c-f13d-4ae9-8a82-2beb4d6d0f70,9,1,10,1091007.5,0.8689891695976257,165046.5925705135,0.1314008636624445,0.6102891695976258,0,-0.007315045623641492,1020481,0.87,154637,0.1315927421756793
9e44fe8c-f13d-4ae9-8a82-2beb4d6d0f70,9,2,11,1090443.5,0.8684549331665039,165153.52813598048,0.1315338635208162,0.609754933166504,0,-0.013108947998067,1090828,0.8627,170946,0.1354806803754079
9e44fe8c-f13d-4ae9-8a82-2beb4d6d0f70,9,3,12,1090767.5,0.8684549331665039,165210.21558374073,0.13153912966278705,0.609754933166504,0,-0.0008949165564486605,1064658,0.8665,164932,0.1341357688335136
9e4a544b-4123-46e0-b248-2099b5018b23,9,1,10,3195678.0,0.2362067699432373,9955933.239978313,0.7570124343178752,0.004106769943237304,10,-0.009614415301996582,3285827,0.234,10053526,0.753674184947351
9e4a544b-4123-46e0-b248-2099b5018b23,9,2,11,3224766.25,0.2362067699432373,10067329.037858061,0.7573921808290278,0.004106769943237304,11,-0.011135944883376214,3299371,0.235,10214859,0.7558594903298227
9e4a544b-4123-46e0-b248-2099b5018b23,9,3,12,3281623.5,0.23612777888774872,10196894.02461566,0.7565293442689963,0.0040277788877487175,12,0.000221000743733879,3227195,0.2326,10315195,0.7616967905960469
9ec79143-a484-4316-b181-47637e557c7e,9,1,10,1693296.5,0.9620736837387085,66724.65946692228,0.037911282547950696,0.7107736837387084,0,-0.002460929045949807,1656980,0.9604,68172,0.0395165179647938
9ec79143-a484-4316-b181-47637e557c7e,9,2,11,1693296.5,0.962364673614502,66238.97078192024,0.03764571495252909,0.7110646736145019,0,0.004262559961090186,1779957,0.9681,58880,0.0320202388792481
9ec79143-a484-4316-b181-47637e557c7e,9,3,12,1693537.625,0.9621820449829102,66551.15213940805,0.03781124736649398,0.7108820449829101,0,0.0001977909013625781,1718292,0.9696,54108,0.0305280974949221
9f4b7da4-77ca-477a-8209-329851434b29,9,1,10,1327423.0,0.5079072713851929,1255066.75736475,0.48599099136232693,0.24480727138519287,0,0.11027818806672313,1265007,0.5346,1157968,0.4779116581887968
9f4b7da4-77ca-477a-8209-329851434b29,9,2,11,1335152.125,0.47529593110084534,1359098.386916205,0.5044439560854298,0.21219593110084534,0,-0.04376106731145257,1261538,0.4766,1266465,0.5009744846030642
9f4b7da4-77ca-477a-8209-329851434b29,9,3,12,1331814.625,0.43562063574790955,1518695.7749229458,0.5327802961055672,0.17252063574790955,0,0.048191284183055794,1264377,0.4415,1413404,0.5278265847729893
9fca8ff8-57f3-445c-b37c-5923487c0e7d,9,1,10,2078749.25,0.31701621413230896,3716625.1385400966,0.6413088938463466,0.18081621413230897,0,0.036411275274801924,1962810,0.3015,3719984,0.654604759560174
9fca8ff8-57f3-445c-b37c-5923487c0e7d,9,2,11,2065616.375,0.2983018159866333,4057388.369577787,0.6626466153191859,0.1621018159866333,0,0.06947916658078601,2234987,0.23,4585401,0.6723079390791257
9fca8ff8-57f3-445c-b37c-5923487c0e7d,9,3,12,2066330.5,0.29878905415534973,4294018.700623373,0.6751231049079065,0.16258905415534974,0,0.0581061223447471,2381783,0.25,5225564,0.6869101672370145
9ff0946e-fb56-4292-99f9-71110111576d,9,1,10,4287256.5,0.18649056553840637,16430644.069820926,0.7930651088148813,0.004190565538406382,10,0.004560888699268073,4350000,0.1853,16505885,0.7914257774244535
9ff0946e-fb56-4292-99f9-71110111576d,9,2,11,4291778.0,0.18653833866119385,16856895.883880474,0.7970663303257424,0.004238338661193858,11,0.0035537590845221567,4306054,0.1881,16896557,0.7969092580154397
9ff0946e-fb56-4292-99f9-71110111576d,9,3,12,4332620.5,0.18685901165008545,17230064.295045275,0.7990685973856299,0.004559011650085459,12,0.015046831221593449,4347762,0.1844,17327175,0.7994106280447321
a02c7577-ed7e-4b52-9604-f56ec14685e6,9,1,10,1193490.125,0.2979443669319153,2428167.6112904176,0.6704575054012517,0.11514436693191529,0,0.06470836882474762,1310266,0.2928,2528513,0.6586763655839526
a02c7577-ed7e-4b52-9604-f56ec14685e6,9,2,11,1231231.625,0.2961810231208801,2575554.626478154,0.6765692782141578,0.11338102312088014,0,0.06774971431197951,1315819,0.2749,2787558,0.6793326569798486
a02c7577-ed7e-4b52-9604-f56ec14685e6,9,3,12,1260539.5,0.29453152418136597,2706243.4765033578,0.6822262504738433,0.11173152418136598,0,0.02347028720097355,1219885,0.2555,2983452,0.7097817757653027
a11dd8ec-47d5-43d1-ab05-3c339aa7294f,9,1,10,745866.0,0.9144600629806519,69658.93447208405,0.08541606948802437,0.6826600629806518,0,0.007770153845475872,729745,0.9097,72106,0.0899244373331205
a11dd8ec-47d5-43d1-ab05-3c339aa7294f,9,2,11,746993.5,0.9137639403343201,70424.88806525746,0.08615525304238102,0.6819639403343201,0,0.005659030059046416,704969,0.8976,79544,0.101392838614529
a11dd8ec-47d5-43d1-ab05-3c339aa7294f,9,3,12,748884.8125,0.9138990640640259,70543.3320400914,0.08608849050417255,0.6820990640640259,0,0.0001069755630668523,752769,0.9079,76616,0.0923768816653303
a1385816-ade9-46ee-8a6c-ddc89d995d8d,9,1,10,1034409.8125,0.9037470817565918,109923.12465658784,0.09605869156377014,0.6999470817565918,0,-0.002916036299913355,1065937,0.8961,121888,0.1026144423631427
a1385816-ade9-46ee-8a6c-ddc89d995d8d,9,2,11,1032757.1875,0.9021127223968506,111853.86492772528,0.09772216045833448,0.6983127223968506,0,0.010620845384608182,1019380,0.9032,110462,0.0977676524682212
a1385816-ade9-46ee-8a6c-ddc89d995d8d,9,3,12,1032156.8125,0.9018577337265015,112275.80052383721,0.09810608265276573,0.6980577337265015,0,0.004685880992081823,1010748,0.8936,119340,0.105602395565655
a1a6889c-0e33-4f65-beab-5d6de71640bd,9,1,10,1063951.875,0.9125110507011414,107547.2673016414,0.09180311228426814,0.6476110507011413,0,-0.0014400003305215514,988295,0.9186,93947,0.0868077564906924
a1a6889c-0e33-4f65-beab-5d6de71640bd,9,2,11,1058587.125,0.9144721627235413,99736.95254725683,0.08610453195313797,0.6495721627235412,0,-0.3597026240434701,1028019,0.9367,71067,0.0646600902932072
a1a6889c-0e33-4f65-beab-5d6de71640bd,9,3,12,1056372.875,0.9179540872573853,94854.08603182156,0.0823939060172859,0.6530540872573852,0,-0.05659131647761291,1069220,0.9391,69482,0.0610185983690201
a1c7710e-cb34-4f59-9acf-e9155648d787,9,1,10,2254792.75,0.9105802774429321,222588.02202025056,0.0898481269145941,0.7084802774429322,0,-0.013357511371185099,2208492,0.8957,254768,0.1034271656260402
a1c7710e-cb34-4f59-9acf-e9155648d787,9,2,11,2239580.25,0.9152919054031372,208565.58289968548,0.08519328387094152,0.7131919054031373,0,0.0009113226764729254,2345671,0.9053,246216,0.0949948821071289
a1c7710e-cb34-4f59-9acf-e9155648d787,9,3,12,2241629.0,0.9170421361923218,203262.9085105029,0.08313778936523063,0.7149421361923218,0,-0.009044069849416678,2431537,0.8956,279452,0.1030812002557
a2139bc6-3017-45c1-b302-41e46f1a11b6,9,1,10,1257072.0,0.18664535880088806,4558180.119632751,0.7838319002961152,0.0011453588008880633,10,0.01650549985208183,1303768,0.1862,4598757,0.7791169033591556
a2139bc6-3017-45c1-b302-41e46f1a11b6,9,2,11,1319869.625,0.18749523162841797,4775943.44623947,0.783479314477793,0.0019952316284179705,11,0.005649664588151082,1317815,0.1858,4817420,0.7852054566776986
a2139bc6-3017-45c1-b302-41e46f1a11b6,9,3,12,1357615.75,0.18845611810684204,4977652.439937657,0.7857050863045847,0.002956118106842043,12,0.0036992222063827462,1359826,0.1873,5020399,0.7868686449145602
a279b5b0-041b-4e3a-96d2-3ec3191aed2c,9,1,10,1586891.0,0.8952676653862,185113.14464187622,0.10446541290640592,0.7478676653862,0,0.023988007067183723,1555455,0.8962,180174,0.103809051358326
a279b5b0-041b-4e3a-96d2-3ec3191aed2c,9,2,11,1594210.375,0.8903422951698303,195116.5333142674,0.10904465383471348,0.7429422951698303,0,0.021643521055904183,1600863,0.9026,173431,0.0977464839536176
a279b5b0-041b-4e3a-96d2-3ec3191aed2c,9,3,12,1594210.375,0.8889452815055847,198713.19609732344,0.11083193913040307,0.7415452815055847,0,0.008803424907188565,1586919,0.8678,232767,0.1279160250724575
a2f4de41-d10f-43e7-bffa-5412ae0f60db,9,1,10,1434324.75,0.9414277076721191,88945.05701601505,0.05839087508092381,0.6749277076721192,0,-0.009904614503700886,1439783,0.9251,114079,0.0734164295156197
a2f4de41-d10f-43e7-bffa-5412ae0f60db,9,2,11,1434648.75,0.9428073167800903,87138.41796048312,0.05726058137109083,0.6763073167800904,0,0.007609222722556028,1332504,0.9287,103078,0.0718022376987173
a2f4de41-d10f-43e7-bffa-5412ae0f60db,9,3,12,1437215.125,0.9414170384407043,89301.14501003013,0.058499962800555916,0.6749170384407044,0,0.003032506228452317,1374734,0.9413,86753,0.0593594058653959
a2f5bf7c-9868-4e96-ba5f-82992a685b4b,9,1,10,1083897.25,0.31616246700286865,1734573.2208575308,0.6154306879538746,0.13986246700286864,0,0.11293843447202867,1148726,0.3413,1713601,0.5986740858050111
a2f5bf7c-9868-4e96-ba5f-82992a685b4b,9,2,11,1113456.75,0.29677844047546387,2002796.077679052,0.6426937056871315,0.12047844047546385,0,0.10399504569806706,965327,0.3148,1835489,0.6553408006809444
a2f5bf7c-9868-4e96-ba5f-82992a685b4b,9,3,12,1143603.0,0.2914660573005676,2229330.5438137962,0.6609470702150505,0.11516605730056761,0,0.08412462457342962,1015164,0.2841,2040890,0.6678186969209313
a31ad045-eb97-4a12-9800-62bf4b3d5d6b,9,1,10,1819112.0,0.26590341329574585,5071290.444849849,0.7359933596680301,0.006203413295745863,10,-0.003957706686413265,1787231,0.2673,5038451,0.7381608167506192
a31ad045-eb97-4a12-9800-62bf4b3d5d6b,9,2,11,1830317.875,0.2669706642627716,5059081.362218063,0.7343283772680473,0.00727066426277162,11,-0.013242649088948566,1956906,0.2614,5166852,0.7252986415316186
a31ad045-eb97-4a12-9800-62bf4b3d5d6b,9,3,12,1834810.5,0.26663443446159363,5055742.904296167,0.7337208795369005,0.0069344344615936415,12,-0.012197859474779138,1892228,0.2695,5225837,0.7341653946683544
a337b10b-b409-4528-a3b0-aee2198f7822,9,1,10,1511975.25,0.5079331994056702,1307035.339757368,0.46365038304799855,0.3938331994056702,0,0.09388461999534514,1396758,0.5082,1249765,0.4722290340949238
a337b10b-b409-4528-a3b0-aee2198f7822,9,2,11,1509283.25,0.4689010977745056,1495743.7113373906,0.4977471851605978,0.35480109777450564,0,0.09175208199504359,1471270,0.4542,1485205,0.5023566916682874
a337b10b-b409-4528-a3b0-aee2198f7822,9,3,12,1518042.5,0.43219906091690063,1711230.6409930664,0.52991201619657,0.31809906091690066,0,0.10155231594054404,1295024,0.4109,1637959,0.5584618117459256
a3a8f769-9bc4-46a3-b016-57144a216fda,9,1,10,3518471.0,0.19847604632377625,13943907.031973124,0.7985113485942305,0.0026760463237762433,10,-0.01221343498912586,3552175,0.1963,14008697,0.7977221746163858
a3a8f769-9bc4-46a3-b016-57144a216fda,9,2,11,3578182.75,0.19737482070922852,14063670.452805173,0.7971764809021852,0.0015748207092285138,11,-0.006993030678620671,3695633,0.1965,14226049,0.7937898351281983
a3a8f769-9bc4-46a3-b016-57144a216fda,9,3,12,3525168.5,0.19737482070922852,14117245.018011756,0.8001878543204403,0.0015748207092285138,12,-0.002304216759367983,3793385,0.196,14488375,0.7925043868861641
a3e28565-6988-4267-8c3b-d68485294b94,9,1,10,1034742.5,0.8409345746040344,196760.6703735888,0.1597727680342873,0.7236345746040345,0,0.0187934367576634,959964,0.8204,208714,0.1785898254266787
a3e28565-6988-4267-8c3b-d68485294b94,9,2,11,1035536.4375,0.8527882099151611,181408.6631664408,0.14906889642523333,0.7354882099151612,0,-0.005079158805760681,997059,0.8056,234412,0.1903512141171006
a3e28565-6988-4267-8c3b-d68485294b94,9,3,12,1037695.6875,0.8600295782089233,170638.55017011834,0.14121800479570915,0.7427295782089234,0,-0.02205463323000595,1041927,0.8041,250072,0.1935543293764159
a3f38f3a-3069-455e-a0e5-ef876bd25fec,9,1,10,2294029.75,0.9139068722724915,217538.28566290438,0.08661453027510252,0.7037068722724915,0,-0.023156156667129682,2356086,0.9079,238405,0.0918889292736031
a3f38f3a-3069-455e-a0e5-ef876bd25fec,9,2,11,2276018.75,0.9179983735084534,204475.73267379776,0.08243345595084225,0.7077983735084534,0,-0.02134983072088785,2294665,0.8923,272897,0.1062864304737334
a3f38f3a-3069-455e-a0e5-ef876bd25fec,9,3,12,2251133.75,0.9185712337493896,199957.2505674269,0.08157887672107517,0.7083712337493897,0,-0.00949648234824993,2129637,0.8782,292712,0.1208380790711825
a45a9c85-814b-458f-a1c5-b76b927e989f,9,1,10,1398890.375,0.9550377726554871,66005.64569603652,0.0450582462942826,0.7644377726554871,0,-0.005757170903950101,1368281,0.9477,75151,0.052064108319616
a45a9c85-814b-458f-a1c5-b76b927e989f,9,2,11,1392304.125,0.9576042294502258,61826.16642892291,0.04251762499780436,0.7670042294502258,0,-0.008121067216550842,1454432,0.9437,86108,0.0558946862788372
a45a9c85-814b-458f-a1c5-b76b927e989f,9,3,12,1391938.625,0.9587292075157166,59998.02502802061,0.04132275676549849,0.7681292075157166,0,-0.005316987739317609,1406213,0.9399,89731,0.0599828603209745
a475cbd6-a263-4134-9b74-360dfe7f6ee6,9,1,10,608858.5625,0.9909572601318359,5505.749597191811,0.008961701532430168,0.770057260131836,0,-0.0004636931591793323,562296,1.0,0,0.0
a475cbd6-a263-4134-9b74-360dfe7f6ee6,9,2,11,611625.875,0.986372172832489,8410.163119615754,0.013563990804665594,0.765472172832489,0,0.013563990804665594,648402,0.9964,2344,0.0036020198356962
a475cbd6-a263-4134-9b74-360dfe7f6ee6,9,3,12,615010.75,0.9849284887313843,9395.89531717298,0.015047718322088406,0.7640284887313843,0,0.015047718322088406,589955,1.0,0,0.0
a6cadbb0-631c-4076-b3cd-dbbc158f5fcc,9,1,10,2087662.875,0.35899898409843445,3233323.783264216,0.6076549314857658,0.10799898409843445,0,0.07595355877511023,2117089,0.3338,3379790,0.6148561756589512
a6cadbb0-631c-4076-b3cd-dbbc158f5fcc,9,2,11,2097076.75,0.33081603050231934,3567018.5878623016,0.6297596306365383,0.07981603050231934,0,0.041809873363590655,2265606,0.2983,3961286,0.6361578135609225
a6cadbb0-631c-4076-b3cd-dbbc158f5fcc,9,3,12,2107538.0,0.3006754219532013,3968356.8914094856,0.6531312608814578,0.04967542195320129,1,0.064120021416464,2002937,0.2972,4191579,0.6766596454024818
a6fad0c2-c3e8-43d2-a217-0af32eaa606e,9,1,10,4215631.5,0.11017873883247375,20808063.98899688,0.8315344149766509,0.002378738832473748,10,0.014631034768812334,4370345,0.1099,20951230,0.827406273108999
a6fad0c2-c3e8-43d2-a217-0af32eaa606e,9,2,11,4287244.0,0.11012503504753113,22331686.317180008,0.8389400344448481,0.002325035047531121,11,0.01673191676473962,4220174,0.1086,22437312,0.8416889724709975
a6fad0c2-c3e8-43d2-a217-0af32eaa606e,9,3,12,4352367.0,0.10976573079824448,23755058.704160426,0.8451524146746826,0.0019657307982444694,12,0.02565389500729054,4457174,0.1081,23987423,0.843303316970882
a71963af-92dc-4605-960c-4d504c94bdeb,9,1,10,683009.125,0.8712491989135742,101175.61435759068,0.1290201266100567,0.6435491989135742,0,0.032554656391482306,667350,0.8561,110810,0.1424000205613241
a71963af-92dc-4605-960c-4d504c94bdeb,9,2,11,683249.0625,0.8728524446487427,99737.68001964269,0.12738105845660674,0.6451524446487427,0,0.016319380632350042,662313,0.8642,773123,0.5385980287522397
a71963af-92dc-4605-960c-4d504c94bdeb,9,3,12,683249.0625,0.8734312057495117,99101.68791482865,0.126671685126245,0.6457312057495117,0,-0.003195360807704911,735209,0.8713,194177,0.2089304121215512
a72aa017-9fbe-496f-af0b-daf23f0b9228,9,1,10,1436556.125,0.17025519907474518,5448925.084201438,0.791364454951928,0.002155199074745179,10,0.021398684196132667,1462527,0.1709,5466069,0.7889143774582903
a72aa017-9fbe-496f-af0b-daf23f0b9228,9,2,11,1457983.625,0.1705082505941391,5729223.788182078,0.797141846452642,0.0024082505941390997,11,0.007341990588103475,1479740,0.1722,5778219,0.7961217471743778
a72aa017-9fbe-496f-af0b-daf23f0b9228,9,3,12,1491498.625,0.17071057856082916,5988068.712400619,0.8005902537247105,0.002610578560829163,12,0.016444106109811396,1741047,0.1692,6246870,0.7820399235495311
a77396ab-d36c-4219-8d8d-029d0471bb4a,9,1,10,1727633.625,0.9228299856185913,144703.08559812605,0.0772847558770025,0.7496299856185913,0,0.0036154888559349896,1663209,0.9162,151765,0.0836182777273944
a77396ab-d36c-4219-8d8d-029d0471bb4a,9,2,11,1724388.25,0.9238413572311401,142347.4593301888,0.07625474705322109,0.7506413572311401,0,-0.0052617756764727075,1695578,0.8975,189317,0.1004390164969401
a77396ab-d36c-4219-8d8d-029d0471bb4a,9,3,12,1713208.125,0.9274399280548096,134639.24669729825,0.07286275303875797,0.7542399280548095,0,-0.00581531753022263,1656999,0.8587,260896,0.1360324731020207
a782d1bf-1b9c-40bd-9e62-9231d7a55e69,9,1,10,1175423.5,0.8834035396575928,154718.54752480984,0.11631731198387217,0.7541035396575928,0,0.017485591589280272,1254343,0.8942,148756,0.1060196037485594
a782d1bf-1b9c-40bd-9e62-9231d7a55e69,9,2,11,1160574.625,0.8807011842727661,156912.91781632602,0.11910011496647722,0.7514011842727661,0,0.01695828405459862,1204620,0.9055,127852,0.0959509843358809
a782d1bf-1b9c-40bd-9e62-9231d7a55e69,9,3,12,1158276.75,0.878014326095581,160434.29794070334,0.12165993315308705,0.7487143260955811,0,0.008379153298338049,1233286,0.9081,125097,0.0920925836085993
a7a78e20-3881-49fc-b131-decb9485b3fe,9,1,10,1287694.0,0.36218249797821045,1870195.0852607489,0.5922295035597571,0.22168249797821044,0,0.06282210918667563,1207305,0.3497,1854399,0.60567546699485
a7a78e20-3881-49fc-b131-decb9485b3fe,9,2,11,1297409.0,0.32104554772377014,2150658.89673616,0.6237286970978474,0.18054554772377013,0,0.07641202513075207,1214210,0.2897,2179483,0.642215721928884
a7a78e20-3881-49fc-b131-decb9485b3fe,9,3,12,1309520.75,0.3023797571659088,2413891.3654056597,0.6483008838635286,0.1618797571659088,0,0.08153142000579405,1256790,0.2616,2537220,0.6687436248191228
a8167093-b5ac-4ba2-883d-c2fad7ac9bcf,9,1,10,892676.25,0.9621634483337402,62261.417341828346,0.06519945696051523,0.7561634483337403,0,0.022238878705295326,896822,0.9462,88754,0.0900529233666404
a8167093-b5ac-4ba2-883d-c2fad7ac9bcf,9,2,11,908939.5,0.9597662687301636,39075.03671734978,0.041217761124901386,0.7537662687301636,0,0.0025196826317612844,959420,0.9573,44791,0.0446031760257555
a8167093-b5ac-4ba2-883d-c2fad7ac9bcf,9,3,12,904853.25,0.9534542560577393,43935.844333402696,0.046307282193490014,0.7474542560577393,0,-0.4060733554393201,908076,0.9481,49489,0.0516821312391325
a820e822-8372-4bc3-958d-1f6f759a1575,9,1,10,2177371.5,0.9556174278259277,101156.7806904316,0.04439566607432207,0.7544174278259277,0,0.009260237040023767,2164231,0.9713,2266060,0.5114923602083926
a820e822-8372-4bc3-958d-1f6f759a1575,9,2,11,2191815.5,0.9567108750343323,99260.76360162022,0.04332494957875396,0.7555108750343322,0,-0.0010592387435085365,2372316,0.9469,246246,0.0940386364729954
a820e822-8372-4bc3-958d-1f6f759a1575,9,3,12,2183330.75,0.9569216966629028,98330.16961761424,0.0430958731738691,0.7557216966629028,0,-0.0020756142571287037,2165609,0.9398,145096,0.0627929571278029
a87612b0-3634-4e3d-8daf-084a76c8d142,9,1,10,1202465.125,0.33701878786087036,1894319.7257874832,0.6117053063294906,0.16111878786087036,0,0.07138754127728308,1166091,0.3414,1857748,0.61436736545828
a87612b0-3634-4e3d-8daf-084a76c8d142,9,2,11,1226947.5,0.2988916337490082,2188346.5653046276,0.6407490902571629,0.12299163374900818,0,0.08350962858852473,1090387,0.3531,1907238,0.6362496976773279
a87612b0-3634-4e3d-8daf-084a76c8d142,9,3,12,1249995.375,0.29117920994758606,2437168.250597076,0.6609872785893565,0.11527920994758606,0,0.07824491268655143,1197311,0.3254,2094350,0.636259323180607
a87d7969-ce91-4240-9870-752e6fad1293,9,1,10,2666299.0,0.9852659106254578,40187.42031222582,0.014848557898025484,0.8340659106254578,0,-0.013979567570315618,2523301,0.9833,43123,0.01680275745551
a87d7969-ce91-4240-9870-752e6fad1293,9,2,11,2643676.0,0.9897517561912537,27504.88668073574,0.010296901575585125,0.8385517561912537,0,-0.014606046708426575,2624055,0.9856,2263901,0.4631590382564818
a87d7969-ce91-4240-9870-752e6fad1293,9,3,12,2662264.25,0.9890385270118713,29483.831736028194,0.010953414227758178,0.8378385270118713,0,-0.011057918296759721,2798328,0.9825,88814,0.03076190918216
a9194548-5c2a-4312-8c0b-f65a0b455047,9,1,10,1192010.5,0.3015698492527008,2161240.7668714374,0.644520972294409,0.1652698492527008,0,0.07733254808339407,1112968,0.3468,1969652,0.6389538768969253
a9194548-5c2a-4312-8c0b-f65a0b455047,9,2,11,1215828.625,0.3004852533340454,2362309.840128298,0.6602063791412262,0.1641852533340454,0,0.07813719467849045,1064802,0.3508,1969886,0.6491230729485206
a9194548-5c2a-4312-8c0b-f65a0b455047,9,3,12,1254580.625,0.3021150827407837,2524173.3029917106,0.6679909174009724,0.1658150827407837,0,0.044082068195495094,1124984,0.3509,2008978,0.6410345754032755
a9264b26-9208-45cb-8ff2-ce4f72deb335,9,1,10,2078625.125,0.8750687837600708,297614.90687964857,0.12524614638540107,0.7615687837600708,0,0.0030018280101039713,2252337,0.8601,357591,0.1370118256135801
a9264b26-9208-45cb-8ff2-ce4f72deb335,9,2,11,2066824.625,0.8754495978355408,294491.8945891559,0.12471512910111449,0.7619495978355407,0,-0.0003966631346433158,2050057,0.8587,340175,0.1423188209345369
a9264b26-9208-45cb-8ff2-ce4f72deb335,9,3,12,2038773.375,0.8756710290908813,290092.469826007,0.12456383886195052,0.7621710290908813,0,-0.0018102380626312808,2053029,0.8599,335211,0.1403590091448095
a9513271-708a-4264-bd0f-87ae831808f2,9,1,10,1557391.5,0.9630045294761658,59750.737022310495,0.03694834978296727,0.8480045294761658,0,0.010330635545593173,1496853,0.9612,60332,0.0387442725173951
a9513271-708a-4264-bd0f-87ae831808f2,9,2,11,1558914.75,0.9624149799346924,60837.57480875449,0.03755980088865601,0.8474149799346924,0,0.006759754016631307,1675443,0.9547,78547,0.0447818972742147
a9513271-708a-4264-bd0f-87ae831808f2,9,3,12,1571836.0,0.9598073363304138,65621.49987450917,0.040075238520412435,0.8448073363304138,0,0.004193109488796434,1605612,0.9414,98727,0.0579268561008109
a99d3258-3f86-4e76-8cd7-b53fb7f57e4c,9,1,10,3338194.5,0.3519878685474396,4786600.254072234,0.5891349134294301,0.14528786854743958,0,0.12681317341118753,3138339,0.3378,4759072,0.6026116660257393
a99d3258-3f86-4e76-8cd7-b53fb7f57e4c,9,2,11,3141775.5,0.3164408504962921,5419513.787399435,0.6330254247308187,0.10974085049629212,0,0.1251136106753692,3387833,0.3031,5677815,0.6262999622310507
a99d3258-3f86-4e76-8cd7-b53fb7f57e4c,9,3,12,3136416.0,0.3026108741760254,5966812.395045797,0.65546113270025,0.0959108741760254,0,0.11076848058232536,3444705,0.2963,6419689,0.6507940579015802
a9e17079-91e3-4900-ac61-ae258a406032,9,1,10,688774.375,0.866113543510437,107113.23199276626,0.13458336460029816,0.744813543510437,0,-0.3673977015469827,714431,0.849,124656,0.1485614721715388
a9e17079-91e3-4900-ac61-ae258a406032,9,2,11,680440.9375,0.8644756078720093,106732.80008837173,0.13558988948915413,0.7431756078720093,0,-0.04786579738528027,688625,0.8467,124656,0.1532754361653598
a9e17079-91e3-4900-ac61-ae258a406032,9,3,12,679794.75,0.8675283789634705,104192.57955009677,0.1329008462546063,0.7462283789634705,0,-0.006503550041007805,654603,0.8404,124341,0.159627649741188
a9ecafd0-7b65-4610-a72c-d61ac41b5907,9,1,10,2289447.5,0.9694378972053528,72151.2720554769,0.03055187566543246,0.6699378972053528,0,0.03055187566543246,2198959,0.9721,63332,0.0279946302221951
a9ecafd0-7b65-4610-a72c-d61ac41b5907,9,2,11,2287635.25,0.9682103395462036,75016.81227958854,0.031751104395460195,0.6687103395462036,0,0.027478745061680895,2198793,0.9634,82851,0.0363119750495695
a9ecafd0-7b65-4610-a72c-d61ac41b5907,9,3,12,2276762.5,0.9679315686225891,75417.87349065254,0.03206296351275641,0.6684315686225891,0,0.0012667970984054054,2316214,0.9688,74918,0.0313316036086673
aa79781a-c151-4f2d-87a9-66da78dd1b51,9,1,10,959586.8125,0.9384805560112,62872.306546662,0.061491266863837026,0.6655805560112,0,0.023780049313799123,873054,0.9341,61673,0.0659796924663564
aa79781a-c151-4f2d-87a9-66da78dd1b51,9,2,11,959586.8125,0.9383990168571472,62984.486956649576,0.06159422525364913,0.6654990168571473,0,0.017608773688667832,967700,0.9285,73573,0.0706567826112844
aa79781a-c151-4f2d-87a9-66da78dd1b51,9,3,12,959586.8125,0.9393612742424011,62007.42059534334,0.060696721444350905,0.6664612742424012,0,-0.000580933971451196,930540,0.8974,102994,0.0996522610770424
aa96f190-998e-43ec-ba51-9743947ea4c1,9,1,10,2575488.5,0.4644249379634857,2709092.6416110247,0.5126409395589576,0.23182493796348572,0,0.0695162524865382,2551775,0.4548,2744686,0.518211311288802
aa96f190-998e-43ec-ba51-9743947ea4c1,9,2,11,2614726.25,0.4310470223426819,3029002.6108903755,0.536702362135184,0.19844702234268188,0,0.05626671857908694,2620440,0.4031,3202366,0.5499695507629827
aa96f190-998e-43ec-ba51-9743947ea4c1,9,3,12,2619530.75,0.3909226059913635,3440393.9794219546,0.5677288304784155,0.15832260599136352,0,0.08763555760731229,2543650,0.3848,3534796,0.5815295554159731
aab8df8b-65d1-4592-8649-4b8fa2ac4c4b,9,1,10,1271899.75,0.27914828062057495,3653200.6441714615,0.7417515079478966,0.0042482806205749735,10,0.039853724129082835,1382232,0.2749,3754503,0.7309123402316842
aab8df8b-65d1-4592-8649-4b8fa2ac4c4b,9,2,11,1285581.375,0.28116801381111145,3550154.488194991,0.7341497940810582,0.0062680138111114725,11,-0.04391145947276831,1345579,0.2754,3695378,0.7330707244675961
aab8df8b-65d1-4592-8649-4b8fa2ac4c4b,9,3,12,1264532.125,0.2794119417667389,3469405.677603855,0.7328794382755818,0.004511941766738914,12,-0.02577060255487329,1471211,0.2755,3743152,0.7178541271484168
ab3246a0-61c8-48f4-be11-2b5c8a86c216,9,1,10,738367.9375,0.9039782881736755,78088.59490257129,0.09564329735078664,0.7899782881736755,0,0.013118669641865144,724006,0.9272,58129,0.074320929251344
ab3246a0-61c8-48f4-be11-2b5c8a86c216,9,2,11,738612.3125,0.9093464016914368,74036.87599791179,0.09110558042242116,0.7953464016914368,0,0.014789380570228855,711749,0.9087,70297,0.0898885743293872
ab3246a0-61c8-48f4-be11-2b5c8a86c216,9,3,12,740550.1875,0.9173979163169861,67286.5887861551,0.08329230701217864,0.8033979163169861,0,-0.010145657472633962,775886,0.9177,69611,0.0823314571193038
ab4f6914-9960-4beb-9559-70cd397be6fa,9,1,10,2539564.75,0.125858336687088,13221993.848536737,0.8388760391858857,0.003158336687088009,10,0.02146530476588826,2599046,0.135,13135161,0.8348155709404357
ab4f6914-9960-4beb-9559-70cd397be6fa,9,2,11,2579336.75,0.12581056356430054,13813356.290869005,0.8426532636480537,0.0031105635643005336,11,0.023128212700518125,2678856,0.1283,13873637,0.8381599678066621
ab4f6914-9960-4beb-9559-70cd397be6fa,9,3,12,2665090.75,0.12581056356430054,14405284.331992796,0.8438762629878382,0.0031105635643005336,12,0.008804950877113638,2788788,0.1324,14456155,0.8382837217844095
ab6553d3-6180-47e4-ae8c-4add4a3c2840,9,1,10,2235818.5,0.9206817150115967,193520.236145854,0.07965963464315967,0.7643817150115967,0,-0.397246428283315,2243108,0.9207,194124,0.0796493727310325
ab6553d3-6180-47e4-ae8c-4add4a3c2840,9,2,11,2231534.75,0.9229496121406555,186851.42726277513,0.07726285777661074,0.7666496121406555,0,-0.048571566484173156,2264288,0.9178,202095,0.0819398284856812
ab6553d3-6180-47e4-ae8c-4add4a3c2840,9,3,12,2193138.5,0.9239956140518188,180889.67298446363,0.07619525119496019,0.7676956140518189,0,-0.005518627044450705,2233030,0.9151,206776,0.0847510006943175
ab6a746f-ebc9-4ab7-b238-17d34570267a,9,1,10,1021865.375,0.3235252797603607,1659785.7742383145,0.618941719809362,0.17962527976036072,0,0.08088960159994985,1005686,0.3168,1665283,0.6234752256578043
ab6a746f-ebc9-4ab7-b238-17d34570267a,9,2,11,1046907.3125,0.3039325773715973,1884040.8807320544,0.6428093424109484,0.1600325773715973,0,0.09389013407625657,1028373,0.2762,1949616,0.6546753530654411
ab6a746f-ebc9-4ab7-b238-17d34570267a,9,3,12,1065488.875,0.30235061049461365,2057737.633414439,0.6588499514430306,0.15845061049461365,0,0.0658868214345113,1031693,0.2229,2552299,0.7121385873629182
aba56744-8ee6-4db6-910c-c767bb670268,9,1,10,1104703.75,0.28896036744117737,2312065.353203006,0.6766817667121815,0.15746036744117736,0,0.031103162754903435,1030981,0.3239,2760046,0.7280470437166499
aba56744-8ee6-4db6-910c-c767bb670268,9,2,11,1128926.0,0.2924612760543823,2434634.631153159,0.6832028084128086,0.16096127605438232,0,0.06651100229751927,1111835,0.2498,3362729,0.7515210420501305
aba56744-8ee6-4db6-910c-c767bb670268,9,3,12,1163218.375,0.29644104838371277,2531301.689078624,0.6851503429877583,0.16494104838371276,0,0.021294057384522058,1089620,0.1928,3593893,0.7673498504221083
ac1f984c-8e50-4192-9f75-22be4a684fff,9,1,10,3553771.25,0.27030283212661743,10107714.273004636,0.7398693396837563,0.0011028321266174368,10,-0.0005440498536527505,3946049,0.27,10398670,0.7249127710344134
ac1f984c-8e50-4192-9f75-22be4a684fff,9,2,11,3522818.0,0.2704380750656128,9944317.36297355,0.7384137082570944,0.0012380750656127981,11,0.0004849751417080883,4241994,0.2712,14640664,0.7753497415459201
ac1f984c-8e50-4192-9f75-22be4a684fff,9,3,12,3448533.0,0.27024319767951965,9773523.654840263,0.7391833139107312,0.0010431976795196585,12,-0.009625358465737643,4092525,0.2701,13673818,0.7696473044565221
ac439ba5-45e6-441b-9ca0-83221487a604,9,1,10,1163046.25,0.9406161308288574,73222.22581779957,0.059228417815444655,0.6722161308288574,0,0.007804673902912354,1190810,0.9432,71662,0.0567632391055009
ac439ba5-45e6-441b-9ca0-83221487a604,9,2,11,1164708.75,0.9397051930427551,74640.80921332794,0.06022579235894181,0.6713051930427552,0,-0.002738305433059099,1088500,0.9302,81026,0.06928105916414
ac439ba5-45e6-441b-9ca0-83221487a604,9,3,12,1161696.0,0.9368497133255005,78075.02392805764,0.0629753578855931,0.6684497133255005,0,0.006899168752448094,1234349,0.9364,83630,0.063453211318238
ac49dc54-7198-4c40-8c39-058249c0a567,9,1,10,2834008.0,0.28045305609703064,6947848.151489645,0.7102791171623988,0.17555305609703065,0,0.09769529103041552,2930678,0.2876,6947768,0.703326008969427
ac49dc54-7198-4c40-8c39-058249c0a567,9,2,11,2795833.75,0.27346545457839966,7079121.501031454,0.7168763119500747,0.16856545457839966,0,0.09990645736544157,2316095,0.2708,6755178,0.7446780622741703
ac49dc54-7198-4c40-8c39-058249c0a567,9,3,12,2756132.75,0.2755305767059326,7125340.975195283,0.7210807996207538,0.17063057670593262,0,0.017339866716358565,2778092,0.2542,7110186,0.7190519926725361
ac55ddc1-0026-4257-9b50-8800ea8b4a6d,9,1,10,1503451.0,0.913311779499054,142656.04279720783,0.08666267690270878,0.8097117794990539,0,0.013577980161536676,1508391,0.9044,157727,0.0946673644963922
ac55ddc1-0026-4257-9b50-8800ea8b4a6d,9,2,11,1492403.75,0.913311779499054,141740.42385023553,0.0867367923334931,0.8097117794990539,0,0.015574470017307204,1437176,0.9032,154402,0.097011896369515
ac55ddc1-0026-4257-9b50-8800ea8b4a6d,9,3,12,1485301.5,0.913311779499054,141045.36905901274,0.08672526860190662,0.8097117794990539,0,0.0008821315364328092,1465609,0.8905,177457,0.1080035738065299
ac6a9b8c-630d-4074-ac84-c2d2729f4c9a,9,1,10,1430015.875,0.4312378764152527,1694924.7074782476,0.5423862191114304,0.17923787641525268,0,0.05481598845882024,1545585,0.4389,1737043,0.5291623053236614
ac6a9b8c-630d-4074-ac84-c2d2729f4c9a,9,2,11,1460691.25,0.3941551446914673,1911813.6931677058,0.5668823991024277,0.14215514469146728,0,0.061430909315666415,1326863,0.4235,1766191,0.5710184820568927
ac6a9b8c-630d-4074-ac84-c2d2729f4c9a,9,3,12,1484658.375,0.36163529753685,2168187.8812202774,0.5935612202479538,0.10963529753684997,0,0.07094820913928146,1538692,0.387,2025850,0.5683338841287324
ac89e88a-aa41-4902-9824-aee8b5f69016,9,1,10,1835784.625,0.11327627301216125,10347227.607504677,0.8493160320317117,0.004676273012161253,10,0.02100777541269272,1949924,0.1158,10418961,0.8423524836717295
ac89e88a-aa41-4902-9824-aee8b5f69016,9,2,11,1870638.75,0.11315728724002838,10835325.744628241,0.852774753873202,0.004557287240028379,11,0.02458328510588592,1991934,0.1184,10941209,0.8459822179341866
ac89e88a-aa41-4902-9824-aee8b5f69016,9,3,12,1891230.25,0.11342736333608627,11283016.303808497,0.8564449023877369,0.004827363336086271,12,0.011412303827870729,2125632,0.1151,13066841,0.8600865046789946
ad036196-2292-4d7c-b324-b9e0ffcf71a2,9,1,10,2592953.75,0.4145384430885315,3891565.1642713696,0.6001316698616869,0.2336384430885315,0,0.1378045156434985,2689746,0.4197,3913145,0.5926411627876335
ad036196-2292-4d7c-b324-b9e0ffcf71a2,9,2,11,2537810.75,0.37043800950050354,4047690.6982582035,0.614636672706036,0.18953800950050353,0,-0.03152874346198398,2824426,0.3767,4199255,0.5978709739237873
ad036196-2292-4d7c-b324-b9e0ffcf71a2,9,3,12,2540911.75,0.3376486599445343,4363969.660696544,0.6320122535249044,0.1567486599445343,0,0.01673324599685977,2904108,0.3545,5818365,0.6670545153880097
ad245b5a-1a89-42f0-b967-042088c8446a,9,1,10,1588970.75,0.4162123203277588,1909018.8424790502,0.5457474334925378,0.3028123203277588,0,0.09821124852193197,1552393,0.4128,1898858,0.5501941180169162
ad245b5a-1a89-42f0-b967-042088c8446a,9,2,11,1583777.875,0.3711462616920471,2196458.2729364475,0.5810373180351308,0.2577462616920471,0,0.08410281832818339,1555938,0.3614,2206375,0.5864411068403931
ad245b5a-1a89-42f0-b967-042088c8446a,9,3,12,1584133.125,0.3388306200504303,2499611.270416318,0.6120880810321858,0.2254306200504303,0,0.09900419565066598,1440506,0.3473,2380342,0.6229878812242727
adef2eb4-fd6f-4e0c-af35-c994de2cfe5d,9,1,10,2428569.0,0.2683471441268921,6090002.539161086,0.714908891844657,0.004447144126892066,10,0.001181862705160741,2309540,0.2684,6002474,0.7221443563497366
adef2eb4-fd6f-4e0c-af35-c994de2cfe5d,9,2,11,2439572.75,0.2674899399280548,6247999.707451567,0.7191882125935523,0.003589939928054786,11,0.0048010365383999165,2445292,0.2801,6081816,0.7132331383629713
adef2eb4-fd6f-4e0c-af35-c994de2cfe5d,9,3,12,2461030.0,0.2676069736480713,6378432.624029306,0.7215860166307051,0.0037069736480712656,12,0.013195298567027391,2526389,0.2694,6336500,0.7149474623906493
ae11b2b3-2ae8-4b51-94c5-70a2c3cf6483,9,1,10,1295547.125,0.9771632552146912,30291.026525743306,0.022846700022084224,0.7909632552146911,0,-0.005281403706023077,1325285,0.96,54197,0.0392879356164125
ae11b2b3-2ae8-4b51-94c5-70a2c3cf6483,9,2,11,1293961.125,0.9769949913024902,30464.432263545692,0.023001996674308828,0.7907949913024902,0,-0.0005856816182224708,1337179,0.9686,43723,0.0316626378989964
ae11b2b3-2ae8-4b51-94c5-70a2c3cf6483,9,3,12,1291962.625,0.9761368036270142,31557.336556429742,0.023843491200026195,0.7899368036270141,0,0.0007696787699618957,1348195,0.9711,40190,0.028947302081195
ae33f9ea-a9cb-4e7a-8c16-9e328e1d4ded,9,1,10,2683793.0,0.8640187382698059,415605.9213452935,0.13409242627112353,0.6771187382698058,0,0.01969901160252592,2533684,0.8771,357299,0.1235908339827664
ae33f9ea-a9cb-4e7a-8c16-9e328e1d4ded,9,2,11,2649409.75,0.8601657748222351,428594.0915602762,0.1392441704500982,0.673265774822235,0,0.020811226157361307,2752894,0.8849,358116,0.1151124554405161
ae33f9ea-a9cb-4e7a-8c16-9e328e1d4ded,9,3,12,2594952.0,0.8704624176025391,391662.85096801026,0.13113939041757125,0.683562417602539,0,0.011815922076625351,2785728,0.8734,398051,0.1250246954955102
aef050d1-12b3-4217-92e4-1f64f077dbd0,9,1,10,1838795.75,0.17325375974178314,7380757.011308905,0.8005547776984634,0.0013537597417831448,10,0.018836402263328056,1951900,0.1721,7484854,0.7931598089766884
aef050d1-12b3-4217-92e4-1f64f077dbd0,9,2,11,1863589.25,0.17479003965854645,7628526.611677386,0.803669774246658,0.0028900396585464505,11,0.023338861937325817,1970547,0.1721,9455401,0.8275375487443143
aef050d1-12b3-4217-92e4-1f64f077dbd0,9,3,12,1914595.75,0.17492511868476868,7873790.549937699,0.804401288288736,0.0030251186847686795,12,0.005735185111379604,2026129,0.1723,9503068,0.8242610478422738
af1e6518-8e9c-49aa-aa16-dce8f7e3d96e,9,1,10,3500976.0,0.26449891924858093,9447535.653787643,0.7296232884822782,0.011298919248580952,10,0.001400823377785576,3601463,0.2698,9453234,0.7241251175726254
af1e6518-8e9c-49aa-aa16-dce8f7e3d96e,9,2,11,3487506.25,0.2626572549343109,9537559.304878497,0.7322465491397265,0.009457254934310932,11,-0.0016889592039527335,4035872,0.2597,9985864,0.7121703047325951
af1e6518-8e9c-49aa-aa16-dce8f7e3d96e,9,3,12,3525897.25,0.2626572549343109,9632244.91622048,0.7320368479486666,0.009457254934310932,12,0.007567847380275161,3930924,0.2532,13916788,0.7797519368308946
af2989fb-a0b4-44b0-b8d7-4a3515be8935,9,1,10,1192161.375,0.9498302340507507,62891.432654194534,0.0501105867981318,0.6907302340507507,0,0.0125222219357385,1176250,0.9459,66913,0.0538248001267733
af2989fb-a0b4-44b0-b8d7-4a3515be8935,9,2,11,1197986.625,0.9498035907745361,63291.550965417875,0.05018048529775974,0.6907035907745361,0,0.0037920269464376405,1161126,0.9263,90514,0.0723163209868652
af2989fb-a0b4-44b0-b8d7-4a3515be8935,9,3,12,1200807.375,0.9498277902603149,63422.63644524757,0.050167007483664955,0.6907277902603149,0,0.0011460535822481535,1335849,0.9295,100577,0.0700189219632616
afd80683-7b92-42aa-a009-866701e658c9,9,1,10,1218564.875,0.27145934104919434,2732333.367074698,0.6915727006018494,0.006659341049194356,4,0.08473244079734221,1269045,0.2648,2794422,0.6876940307377911
afd80683-7b92-42aa-a009-866701e658c9,9,2,11,1249868.5,0.270292192697525,2905843.7926589,0.6992408492262799,0.005492192697525045,5,0.05908582473469981,1184326,0.2648,2925176,0.7118079027580471
afd80683-7b92-42aa-a009-866701e658c9,9,3,12,1280086.625,0.26809534430503845,3063701.961099704,0.7053064163628202,0.0032953443050384723,6,0.02637656976094871,1143975,0.2648,2991640,0.7233845510280816
afd89134-949a-4546-8d2a-2ed0afbb2afb,9,1,10,905222.75,0.5093032121658325,959557.4459355175,0.5145686596345097,0.4031032121658325,0,0.10335151452699692,898011,0.5162,942662,0.5121289876039905
afd89134-949a-4546-8d2a-2ed0afbb2afb,9,2,11,906958.625,0.4743821322917938,981074.1972482257,0.5196277234629774,0.3681821322917938,0,-0.11682174825903613,902700,0.4458,1022664,0.5311535896588905
afd89134-949a-4546-8d2a-2ed0afbb2afb,9,3,12,894535.8125,0.436222642660141,1057426.4546960418,0.5417248440027561,0.330022642660141,0,-0.0026048146059829413,810971,0.4399,1027005,0.5587695377959233
afe9df54-baa2-4c1d-bbfe-948b91e763e0,9,1,10,1367719.25,0.9878004193305969,16816.734616085887,0.01214611595721649,0.8741004193305969,0,0.007790600374449791,1288665,0.9991,1114,0.0008637138610568
afe9df54-baa2-4c1d-bbfe-948b91e763e0,9,2,11,1405432.0,0.9871086478233337,18334.709320753813,0.01287760782769031,0.8734086478233337,0,-0.005551050616665989,1246687,0.9925,9307,0.0074100672455441
afe9df54-baa2-4c1d-bbfe-948b91e763e0,9,3,12,1400264.5,0.9870713949203491,18340.50894361292,0.01292855222418147,0.8733713949203491,0,0.005018675806342269,1219954,1.0,0,0.0
b124b4d6-ee62-400f-8eee-2ced68451772,9,1,10,705908.625,0.3421928882598877,1144643.9881972969,0.6185417156119843,0.1875928882598877,0,0.014025424733238423,686329,0.2983,1207231,0.6375456811508481
b124b4d6-ee62-400f-8eee-2ced68451772,9,2,11,706434.0625,0.3060932457447052,1284475.5620325794,0.6451702006986607,0.1514932457447052,0,0.06763451411968002,603921,0.2867,1291861,0.6814396381018493
b124b4d6-ee62-400f-8eee-2ced68451772,9,3,12,711568.25,0.2904182970523834,1416356.16730013,0.6656045467522647,0.13581829705238344,0,0.06806949396869777,666227,0.2305,1506726,0.693400179387221
b12c05b1-b1aa-4533-9512-b56bcb9403d9,9,1,10,1972656.875,0.1555916666984558,8509306.171536945,0.8118046337082127,0.003891666698455809,10,0.03860970263815977,1878006,0.1534,8450866,0.8181789841136573
b12c05b1-b1aa-4533-9512-b56bcb9403d9,9,2,11,2031140.375,0.1556893140077591,8899411.654371154,0.8141776948188724,0.003989314007759093,11,-0.0008882307213230467,2076166,0.1548,8897966,0.8108127367157603
b12c05b1-b1aa-4533-9512-b56bcb9403d9,9,3,12,2102250.5,0.15586721897125244,9286863.670308044,0.8154158024439981,0.00416721897125244,12,0.0005438932092006743,1872987,0.1554,9097489,0.8292702158046743
b1cd45c0-fce9-454c-8b80-9e4677b52c1b,9,1,10,1612221.25,0.9154509902000427,149230.20712031424,0.08472002252294894,0.6925509902000427,0,-0.012767283903136764,1709792,0.9614,71921,0.0403662093726655
b1cd45c0-fce9-454c-8b80-9e4677b52c1b,9,2,11,1586395.5,0.9170416593551636,143984.62864322215,0.08320982555209959,0.6941416593551636,0,-0.009968434797486908,1534137,0.9251,120353,0.0727432622741751
b1cd45c0-fce9-454c-8b80-9e4677b52c1b,9,3,12,1558493.125,0.9185828566551208,138610.87530983798,0.08167494466133601,0.6956828566551209,0,-0.0014137696559185925,1689580,0.9238,137902,0.0754601139710268
b1e21364-d21f-46cf-8e52-6e87fea00249,9,1,10,2065736.625,0.29675567150115967,3722230.4756123573,0.6430980706885068,0.10235567150115968,0,0.09992861389290464,1924921,0.3005,3604047,0.6518480483157074
b1e21364-d21f-46cf-8e52-6e87fea00249,9,2,11,2078005.25,0.27399957180023193,4210973.620454164,0.6695798645846086,0.07959957180023194,0,0.09194406797262866,1826732,0.2805,3907627,0.6814409422221385
b1e21364-d21f-46cf-8e52-6e87fea00249,9,3,12,2086751.375,0.25722119212150574,4677816.664470039,0.6915174239028744,0.06282119212150575,0,0.08133515221705889,2161000,0.2539,4527512,0.6769087055536418
b1f12c56-4cf1-4e57-a99d-925c21448b8e,9,1,10,934214.375,0.47703176736831665,918275.932045199,0.49569810354899413,0.27623176736831667,0,0.09451067548545394,891003,0.457,929949,0.510693856839719
b1f12c56-4cf1-4e57-a99d-925c21448b8e,9,2,11,930175.3125,0.42921143770217896,1055074.8283515722,0.5314568711724147,0.22841143770217895,0,0.11189728502611168,894283,0.4406,1020543,0.5329690530627849
b1f12c56-4cf1-4e57-a99d-925c21448b8e,9,3,12,929064.3125,0.39538338780403137,1199643.4854670973,0.5635547944216437,0.19458338780403137,0,0.0943392852832029,906605,0.4076,1141611,0.5573684611388643
b236d82a-08ba-4d23-b8d9-65a6ee0a63f9,9,1,10,3882983.0,0.23437298834323883,10815355.120072052,0.7358216304265448,0.004772988343238832,10,0.013011075762273672,3554173,0.2375,10520255,0.7474730056525211
b236d82a-08ba-4d23-b8d9-65a6ee0a63f9,9,2,11,3886579.5,0.23540297150611877,11241055.52361841,0.7430808256590024,0.005802971506118776,11,0.015650566544090028,3419114,0.2411,10578880,0.7557425728286495
b236d82a-08ba-4d23-b8d9-65a6ee0a63f9,9,3,12,3893821.75,0.23540297150611877,11572082.19002821,0.7482318676555224,0.005802971506118776,12,0.013678389752992737,3712976,0.2314,10985335,0.7473875739872424
b250b829-6b85-4d6b-a287-1e057ab46778,9,1,10,1452762.625,0.9104782938957214,143419.73756272346,0.08985172429324324,0.6415782938957215,0,-0.002909100292898051,1381006,0.9131,133035,0.0878675016066275
b250b829-6b85-4d6b-a287-1e057ab46778,9,2,11,1454941.5,0.9106193780899048,142862.52145034564,0.08941179239282902,0.6417193780899049,0,-0.005551855668288974,1331906,0.9215,114957,0.0794525812049931
b250b829-6b85-4d6b-a287-1e057ab46778,9,3,12,1454941.5,0.9113752245903015,141605.02254975005,0.08869457955011611,0.6424752245903016,0,-0.0036318353622100813,1302695,0.9077,130866,0.0912873606355083
b268db3e-a04f-41d2-ba2e-40a2ae2bb408,9,1,10,991471.3125,0.3026481568813324,1963240.9148175735,0.6644440350794825,0.1380481568813324,0,0.027961889353356972,946701,0.2802,1994214,0.6780930424714757
b268db3e-a04f-41d2-ba2e-40a2ae2bb408,9,2,11,1045929.875,0.293081134557724,2127239.6006598766,0.6703832294420727,0.128481134557724,0,0.02524594915228162,958770,0.2575,2466923,0.7201237822536929
b268db3e-a04f-41d2-ba2e-40a2ae2bb408,9,3,12,1061418.875,0.2916591763496399,2258656.9709886187,0.6803028231169997,0.1270591763496399,0,0.024135100019995526,958678,0.2405,2601865,0.7307494952314858
b27689b5-8f4d-435d-b557-5b0e68f65cdc,9,1,10,1607421.875,0.9356241822242737,110511.06141681224,0.06432792519090487,0.7667241822242736,0,0.004694281308302066,1458895,0.9404,93421,0.0601816898105798
b27689b5-8f4d-435d-b557-5b0e68f65cdc,9,2,11,1606579.75,0.9360421299934387,109821.4709060574,0.0639835660616022,0.7671421299934387,0,0.0028391785212533993,1579925,0.9402,99988,0.0595197489393796
b27689b5-8f4d-435d-b557-5b0e68f65cdc,9,3,12,1606579.75,0.9362627863883972,109398.63126010518,0.0637529192994668,0.7673627863883972,0,0.0009071056546536005,1499778,0.9487,81998,0.0518391984705799
b33af167-2bf3-4fd3-ae6a-18b29da75b30,9,1,10,1414883.875,0.24554935097694397,4934888.006726194,0.7771756369592033,0.0048493509769439724,10,0.055824331806989425,1417233,0.2431,4968391,0.7780588083482523
b33af167-2bf3-4fd3-ae6a-18b29da75b30,9,2,11,1455061.0,0.24498534202575684,4824505.1637862325,0.7682863812485609,0.004285342025756839,11,0.03411975793725208,1435094,0.2411,4859581,0.7720145996417607
b33af167-2bf3-4fd3-ae6a-18b29da75b30,9,3,12,1461229.0,0.24495653808116913,4746002.483726624,0.7645924751105424,0.004256538081169131,12,-0.02079728490985322,1437323,0.243,4766842,0.7683293400481773
b341740d-b142-4423-bc7a-3eb3a7f667e5,9,1,10,1423576.875,0.9313355684280396,105799.24621392787,0.06917804243599064,0.7706355684280395,0,-0.012745191068190054,1510927,0.9213,128213,0.0782196761716509
b341740d-b142-4423-bc7a-3eb3a7f667e5,9,2,11,1429229.125,0.9333204627037048,102354.98152923025,0.06682948790920795,0.7726204627037048,0,-0.01794026718701995,1411700,0.9172,127550,0.0828650316712684
b341740d-b142-4423-bc7a-3eb3a7f667e5,9,3,12,1425488.375,0.9369679689407349,96303.0699024424,0.06328269896971073,0.7762679689407348,0,-0.01218767524397188,1573628,0.9085,155733,0.0900523372505798
b3eab45d-3308-4fa4-abe2-3f3b1f26d2df,9,1,10,634850.6875,0.9097466468811035,63113.148844987154,0.09042466895633229,0.7416466468811035,0,-0.0063586641203657035,644169,0.9122,62192,0.0880456310583398
b3eab45d-3308-4fa4-abe2-3f3b1f26d2df,9,2,11,636265.1875,0.9118254780769348,61667.3504505679,0.08835717937961446,0.7437254780769348,0,0.0021630263487670554,597361,0.9168,54854,0.0841041681040761
b3eab45d-3308-4fa4-abe2-3f3b1f26d2df,9,3,12,636741.0,0.9149957895278931,59367.65041717712,0.08528503471634516,0.746895789527893,0,-0.006661017359496937,626967,0.9234,52225,0.0768928373714649
b421c2cc-7526-4f18-b54b-64b29ec61060,9,1,10,1642861.0,0.40506455302238464,2029539.581337005,0.5526465690183814,0.29896455302238467,0,0.0990828110705193,1576194,0.4183,1945722,0.5524612171329469
b421c2cc-7526-4f18-b54b-64b29ec61060,9,2,11,1638338.5,0.3715227544307709,2305177.9136424297,0.5845488320189979,0.2654227544307709,0,0.08128882712722907,1496068,0.4038,2052020,0.5783452947052046
b421c2cc-7526-4f18-b54b-64b29ec61060,9,3,12,1641486.125,0.3390755355358124,2608446.8161598155,0.6137618763104448,0.23297553553581238,0,0.09544888325733358,1632006,0.3741,2305650,0.585538706276018
b4c21561-531f-4954-bebb-89e3cc75f0f2,9,1,10,745866.0,0.9374863505363464,49546.38064175844,0.06229018034869308,0.7215863505363465,0,0.0009375770409852796,663572,0.9238,54105,0.0753890677839752
b4c21561-531f-4954-bebb-89e3cc75f0f2,9,2,11,745466.0,0.9378917217254639,49376.85016859975,0.062121525227440966,0.7219917217254639,0,0.0007768258724141636,737325,0.9344,51906,0.065767817026954
b4c21561-531f-4954-bebb-89e3cc75f0f2,9,3,12,746235.125,0.9378917217254639,49414.08995232475,0.06210537134167302,0.7219917217254639,0,0.0019976219298417225,657992,0.9241,556631,0.4582747074606688
b4d80898-8acc-4358-a884-81eea8f17785,9,1,10,1782153.0,0.9510992169380188,91678.50347363949,0.04892569225337992,0.7232992169380188,0,-0.0011082797278240825,1911355,0.9603,79536,0.0399499520566419
b4d80898-8acc-4358-a884-81eea8f17785,9,2,11,1782153.0,0.951965868473053,90007.86889718962,0.04807699508761201,0.724165868473053,0,0.002515398821043409,1959451,0.9618,77835,0.038205239715975
b4d80898-8acc-4358-a884-81eea8f17785,9,3,12,1782308.625,0.9517832398414612,90277.03532711719,0.04820982945653174,0.7239832398414612,0,-0.001254770831926759,1901940,0.9732,52976,0.0270988625598235
b4e6ac88-8e89-4dd6-b49c-57c9856ee517,9,1,10,1296507.625,0.9382096529006958,85511.14385657012,0.061874082887686685,0.7574096529006958,0,-0.013335562759992411,1279842,0.9336,90718,0.0661904622927854
b4e6ac88-8e89-4dd6-b49c-57c9856ee517,9,2,11,1297398.625,0.9392229914665222,84049.1188228256,0.06084133055242452,0.7584229914665223,0,-0.002757407087735378,1284219,0.9142,117927,0.0841046510135178
b4e6ac88-8e89-4dd6-b49c-57c9856ee517,9,3,12,1297851.125,0.9378024339675903,85950.83166537317,0.06211208999334978,0.7570024339675904,0,-0.0006011939496122151,1266608,0.8817,163722,0.1144644942076304
b545ac6b-9d11-4f7d-a688-36184d00d7a1,9,1,10,3278173.5,0.1355302333831787,14412005.55297792,0.8146896371041444,0.0054302333831787175,10,0.016460990101080597,3100065,0.1379,14218723,0.8209998875209974
b545ac6b-9d11-4f7d-a688-36184d00d7a1,9,2,11,3320279.0,0.1346723586320877,15344235.968293048,0.8221074051139056,0.004572358632087714,11,0.0028343036099882646,2878055,0.1305,14865652,0.83779855021276
b545ac6b-9d11-4f7d-a688-36184d00d7a1,9,3,12,3442395.0,0.134465754032135,16260472.469418066,0.8252845680790811,0.004365754032135016,12,0.013795769055873541,3209066,0.1392,15559508,0.8290191892042518
b6cff8ad-90e9-4195-8841-a300881a2122,9,1,10,3739987.25,0.2852534353733063,8878471.933508478,0.7036098309936347,0.004253435373306247,10,0.0041526422239384075,4047121,0.2827,9152137,0.6933826886329519
b6cff8ad-90e9-4195-8841-a300881a2122,9,2,11,3701515.5,0.2856411337852478,8986625.559996948,0.7082696761884132,0.004641133785247775,11,0.01316283747715763,3911422,0.2833,9362208,0.7053238639317203
b6cff8ad-90e9-4195-8841-a300881a2122,9,3,12,3699931.25,0.2856762111186981,9062309.328374902,0.7100876427396783,0.004676211118698093,12,0.01517423218181757,4224315,0.2824,9749875,0.6977059135448995
b70a2039-555f-4bd1-8e2d-87cbedd0efdc,9,1,10,1729753.0,0.9650928378105164,62522.28801190853,0.03488431070277252,0.7534928378105163,0,0.015946141166604522,1715164,0.9694,54407,0.0307458700442084
b70a2039-555f-4bd1-8e2d-87cbedd0efdc,9,2,11,1728800.625,0.964647650718689,63327.4732964125,0.035336465823292015,0.753047650718689,0,0.012338263087384015,1699190,0.972,49158,0.0281168279999176
b70a2039-555f-4bd1-8e2d-87cbedd0efdc,9,3,12,1728800.625,0.9651963710784912,62372.56131291762,0.03482218346586009,0.7535963710784912,0,0.0007241941962025933,1667842,0.9766,40231,0.023553442973456
b79fe142-94e6-4b72-8f19-5152f50466ac,9,1,10,3972114.0,0.16420772671699524,17625576.938191354,0.816086172759511,0.007407726716995244,10,0.04743789956169331,3975240,0.1653,17604361,0.815787140828044
b79fe142-94e6-4b72-8f19-5152f50466ac,9,2,11,4299899.0,0.16482558846473694,18311596.464309536,0.8098357091512567,0.008025588464736944,11,0.02417209195866077,4624662,0.1573,22229023,0.8277829653546618
b79fe142-94e6-4b72-8f19-5152f50466ac,9,3,12,4240235.0,0.1654154509305954,18821410.093329985,0.8161347560922103,0.008615450930595403,12,0.0017804533130764133,4528234,0.1655,22328114,0.8313905524310304
b84992bb-3e2b-4385-a9c7-b435125bd3b4,9,1,10,2606888.25,0.5792738199234009,1802838.7132852972,0.4088322765321873,0.45547381992340086,0,0.06939837440199859,2537653,0.5658,1830425,0.4190458595290652
b84992bb-3e2b-4385-a9c7-b435125bd3b4,9,2,11,2592787.75,0.5512749552726746,1972427.6813423103,0.43205577283400126,0.42747495527267454,0,0.06488092493243197,2918768,0.5437,2166946,0.426084911577804
b84992bb-3e2b-4385-a9c7-b435125bd3b4,9,3,12,2593471.0,0.513883113861084,2219560.4493999067,0.46115644012187856,0.39008311386108396,0,0.07399036467901449,2853572,0.5045,2487827,0.4657631830162846
b85396ec-bf03-43e1-96c1-b7f4fd9d1886,9,1,10,1411440.25,0.37661218643188477,2126590.433335662,0.6010661364108658,0.13071218643188476,0,0.09550422100159961,1242063,0.3395,2141456,0.6329079281068024
b85396ec-bf03-43e1-96c1-b7f4fd9d1886,9,2,11,1400722.125,0.33852264285087585,2333237.388926789,0.6248694931544821,0.09262264285087585,0,0.02396394931157486,1377280,0.3371,2332442,0.6287376789958924
b85396ec-bf03-43e1-96c1-b7f4fd9d1886,9,3,12,1413960.5,0.2962163984775543,2637216.4258862007,0.6509753768182578,0.050316398477554314,0,0.058231912795511986,1334096,0.2802,2639155,0.6642306262554266
b9521e6c-bd99-4f9b-ae70-19135dc74c51,9,1,10,1896199.875,0.24017809331417084,5506297.053762702,0.7438432067925299,0.0020780933141708313,10,0.01942941856634517,1897642,0.2382,5521451,0.7442218341244677
b9521e6c-bd99-4f9b-ae70-19135dc74c51,9,2,11,1945318.875,0.240996852517128,5655799.943764396,0.7440746656666232,0.0028968525171279846,11,0.019227676122731796,2005591,0.2386,7527042,0.7896078659484741
b9521e6c-bd99-4f9b-ae70-19135dc74c51,9,3,12,1996034.125,0.24234284460544586,5797466.83409117,0.7438847912539726,0.004242844605445856,12,0.00512396380610225,2023618,0.2388,7276648,0.7824128901259383
b95ab5d0-0e04-4c73-bc60-501fde9f4199,9,1,10,3640108.5,0.1197744607925415,17787638.626791894,0.8301217352220551,0.0031744607925415086,10,0.017297682144583937,3546143,0.125,17768779,0.8336309651989343
b95ab5d0-0e04-4c73-bc60-501fde9f4199,9,2,11,3728506.5,0.11813089996576309,18974423.53917,0.8357698106117976,0.0015308999657630967,11,0.015770003477189487,3499433,0.118,18788338,0.8429886505922912
b95ab5d0-0e04-4c73-bc60-501fde9f4199,9,3,12,3876546.25,0.11835815012454987,20146371.276371863,0.8386313300312334,0.0017581501245498704,12,0.019401083984832646,3823578,0.1216,19861682,0.8385671932670361
b9afed5a-c36c-4ea5-b60d-4d58298c25b8,9,1,10,905167.4375,0.391886830329895,1241258.975906022,0.578290952884963,0.126386830329895,0,0.08358249323792932,857409,0.3982,1199643,0.5831855490284155
b9afed5a-c36c-4ea5-b60d-4d58298c25b8,9,2,11,899317.375,0.3644369840621948,1360471.1614269728,0.602034721168229,0.09893698406219481,0,0.05387312631984631,928504,0.3768,1326351,0.5882200851052507
b9afed5a-c36c-4ea5-b60d-4d58298c25b8,9,3,12,920618.4375,0.32286307215690613,1544610.0031522454,0.626558568642659,0.057363072156906114,0,0.0680999381972428,842709,0.3632,1381289,0.6210837419817824
b9b0db5f-99b1-40c0-840e-41fc4237aa99,9,1,10,830011.375,0.9358818531036377,56899.04466345906,0.06415421828627245,0.6654818531036377,0,-0.02028681536821085,756649,0.9354,52562,0.064954628644445
b9b0db5f-99b1-40c0-840e-41fc4237aa99,9,2,11,834603.4375,0.9375633001327515,55662.47290974704,0.06252342391064739,0.6671633001327515,0,-0.011297327484630817,768910,0.9365,52137,0.0635006278568705
b9b0db5f-99b1-40c0-840e-41fc4237aa99,9,3,12,840180.0,0.9391568303108215,54505.895594020956,0.06092182280109839,0.6687568303108216,0,-0.004422356070593707,750635,0.9447,44405,0.0558525357214731
b9ca626e-1dcc-46f9-be3c-5e37eb903f41,9,1,10,2096666.375,0.1364169418811798,9304599.124652702,0.8161023111808188,0.004316941881179814,10,0.031673563287412776,1879749,0.1376,10557494,0.8488612789828099
b9ca626e-1dcc-46f9-be3c-5e37eb903f41,9,2,11,2145941.75,0.13687892258167267,9883203.176752837,0.8216047970934807,0.004778922581672673,11,0.02259871699323146,2138962,0.1414,10900887,0.835967272320408
b9ca626e-1dcc-46f9-be3c-5e37eb903f41,9,3,12,2247695.0,0.136664479970932,10473035.285846584,0.8233045627497626,0.004564479970932012,12,0.009938707573255767,2116452,0.1391,11205983,0.841136248741315
b9cab5f6-1826-4cd7-bf80-d514b643740f,9,1,10,2712233.5,0.2578078508377075,5817506.539071143,0.6820262414122351,0.1329078508377075,0,0.12450403152883704,2894116,0.233,6151387,0.6800491912942818
b9cab5f6-1826-4cd7-bf80-d514b643740f,9,2,11,2699079.25,0.26406970620155334,6267613.4819108015,0.6989883192501426,0.13916970620155333,0,0.08804183033017987,2563000,0.2011,6962197,0.7309242003078782
b9cab5f6-1826-4cd7-bf80-d514b643740f,9,3,12,2686597.0,0.27089014649391174,6528603.092728665,0.7084602642410464,0.14599014649391173,0,0.054017507596515135,2610904,0.1941,7714773,0.7471445213713348
b9e1a22e-8182-40d3-8bda-d6be917606dd,9,1,10,1735945.5,0.9144210815429688,161999.99406051636,0.08535545123265324,0.6708210815429687,0,-0.018659230300131557,1817705,0.9309,136403,0.0698032043264753
b9e1a22e-8182-40d3-8bda-d6be917606dd,9,2,11,1726033.375,0.9169089198112488,156878.73206764553,0.08331707650016693,0.6733089198112487,0,-0.007629714504750973,1875276,0.9239,153050,0.0754563122496087
b9e1a22e-8182-40d3-8bda-d6be917606dd,9,3,12,1722797.5,0.9179942011833191,154144.35092743626,0.0821252671473388,0.674394201183319,0,-2.914929861060067e-05,1716915,0.9191,151204,0.0809391692927484
ba0e992b-e41f-4c03-90c1-a7d9d7851921,9,1,10,2547475.75,0.16555696725845337,11342255.999333218,0.8165928762359077,0.0058569672584533605,10,0.01039446339039729,2393859,0.1725,11121400,0.8228773122290887
ba0e992b-e41f-4c03-90c1-a7d9d7851921,9,2,11,2614898.75,0.1657467782497406,11643801.31609817,0.8166102984228383,0.006046778249740592,11,0.009069646773492535,2619392,0.1631,11499957,0.8144820982893758
ba0e992b-e41f-4c03-90c1-a7d9d7851921,9,3,12,2669941.5,0.16642214357852936,11931619.054011337,0.8171468391940809,0.006722143578529349,12,0.0024391236457769194,2584860,0.1702,14084817,0.8449364075860618
ba2977cc-b1e8-49b1-8d71-abfb89adc6a9,9,1,10,2566602.5,0.33937934041023254,4125004.251957223,0.6164445109914302,0.23037934041023256,0,0.10252705112497185,2758635,0.3306,4308251,0.609639238555709
ba2977cc-b1e8-49b1-8d71-abfb89adc6a9,9,2,11,2564897.75,0.3015202581882477,4672761.023073006,0.6456177570097048,0.1925202581882477,0,0.09284387316412424,2619065,0.3321,4626585,0.6385327748373162
ba2977cc-b1e8-49b1-8d71-abfb89adc6a9,9,3,12,2576652.75,0.2934674322605133,5121946.927695272,0.6653089057916346,0.18446743226051332,0,0.08118786965967506,2684887,0.2881,5205063,0.6597079829403228
ba45373c-cc3c-4512-8b1f-8715ea7a0a30,9,1,10,1837989.0,0.9186023473739624,163754.82078123093,0.08180608281699178,0.6529023473739624,0,-0.02036925511446222,1853825,0.9226,156917,0.0780393506476713
ba45373c-cc3c-4512-8b1f-8715ea7a0a30,9,2,11,1785170.875,0.9173023700714111,161171.5359480339,0.08280739043729192,0.6516023700714111,0,-0.023743975346295784,1969759,0.9111,189080,0.0875841134980422
ba45373c-cc3c-4512-8b1f-8715ea7a0a30,9,3,12,1774591.875,0.917946457862854,158836.24460776988,0.08215265051590986,0.652246457862854,0,-0.0026191204194968426,1890187,0.9193,167724,0.0815020669018242
bb0dbaf9-51f8-4490-b2f6-1ae6d07671e0,9,1,10,1534927.875,0.2300298660993576,3344857.96123687,0.6854517951173681,0.022729866099357593,3,0.10514592079460028,1330596,0.2314,3181786,0.7051233694310455
bb0dbaf9-51f8-4490-b2f6-1ae6d07671e0,9,2,11,1561184.75,0.21809612214565277,3836053.820835164,0.7107437943477041,0.010796122145652759,4,0.07906945423568879,1478086,0.2168,3649785,0.7117544493611482
bb0dbaf9-51f8-4490-b2f6-1ae6d07671e0,9,3,12,1619213.375,0.21724805235862732,4270121.022444064,0.7250600380744675,0.009948052358627307,5,0.07359583842097672,1608716,0.2073,4168414,0.721537164647498
bb48d7a4-e5ce-4384-9829-9eed594831fc,9,1,10,3271265.5,0.2418901026248932,10005472.639600024,0.7536092475724199,0.0011901026248931912,10,0.04056176249510024,3067612,0.2409,9864316,0.7627877297182601
bb48d7a4-e5ce-4384-9829-9eed594831fc,9,2,11,3225629.5,0.24249516427516937,10022623.85271617,0.7565241685736122,0.0017951642751693753,11,-0.019103593441645028,3185845,0.2407,9908987,0.7567097462571494
bb48d7a4-e5ce-4384-9829-9eed594831fc,9,3,12,3199873.5,0.24444814026355743,9990282.46520489,0.7574044227800536,0.003748140263557437,12,-0.004775760548846875,3394752,0.2407,13303739,0.7967030673609968
bbe71dfb-456d-448c-9453-7257ee982448,9,1,10,2048690.25,0.3972247242927551,2690304.952904567,0.5676952260377175,0.20822472429275513,0,0.06476921895612364,2203571,0.3532,2986751,0.5754461861903751
bbe71dfb-456d-448c-9453-7257ee982448,9,2,11,2092793.125,0.3677296042442322,3024211.314655373,0.5910120560417281,0.17872960424423218,0,0.07881494874006645,2196149,0.3011,3622511,0.6225679108248291
bbe71dfb-456d-448c-9453-7257ee982448,9,3,12,2085500.625,0.3407193720340729,3368734.09630099,0.6176364363537056,0.15171937203407287,0,0.06810325939429374,2224366,0.2663,4289991,0.6585440435640847
bc11a111-e407-4f76-8093-09f79500ea87,9,1,10,1205940.125,0.871702253818512,177501.8723454997,0.12830452789931499,0.593202253818512,0,0.01658379596985228,1193503,0.8767,169035,0.124058925329055
bc11a111-e407-4f76-8093-09f79500ea87,9,2,11,1205940.125,0.8720262050628662,177044.32247571182,0.12801613409236917,0.5935262050628662,0,0.0013196102900267792,1199132,0.8743,172031,0.1254635663301883
bc11a111-e407-4f76-8093-09f79500ea87,9,3,12,1205996.125,0.872050404548645,176959.4657473783,0.12795744630653375,0.593550404548645,0,-0.00042490355136545754,1148764,0.8779,161320,0.1231371423511774
bc3634fa-ec6b-4931-b7bc-5205f298b5f6,9,1,10,1344600.25,0.4844263195991516,1268378.4072579592,0.48541475979332577,0.2914263195991516,0,0.12456617639616585,1356213,0.4851,1272692,0.4841148691185113
bc3634fa-ec6b-4931-b7bc-5205f298b5f6,9,2,11,1362684.375,0.4452022612094879,1459707.6822125893,0.5171881342573664,0.2522022612094879,0,0.1033974270958401,1458935,0.4598,1475696,0.5028557253024315
bc3634fa-ec6b-4931-b7bc-5205f298b5f6,9,3,12,1396705.625,0.407791405916214,1691592.508786585,0.5477426192375122,0.21479140591621398,0,0.09242573863957132,1378537,0.4407,1596512,0.5366338504004472
bc746934-7138-435d-bb92-5e76d92def2f,9,1,10,1489322.375,0.1470980942249298,6829870.759609539,0.820977545429963,0.005598094224929823,10,0.024956223416768286,1598633,0.1488,6909113,0.81209676452494
bc746934-7138-435d-bb92-5e76d92def2f,9,2,11,1510646.0,0.14729008078575134,7112041.372291737,0.8248056626923145,0.005790080785751356,11,0.007515769912015857,1598316,0.1488,7303628,0.8204531504579224
bc746934-7138-435d-bb92-5e76d92def2f,9,3,12,1541817.125,0.14747847616672516,7377600.633148685,0.8271392632561232,0.005978476166725172,12,0.009809207528056585,1562258,0.1538,7502257,0.8276512312021106
bc74d30b-db89-4c5a-a69d-8c965d3f7e9b,9,1,10,2633367.0,0.5244849920272827,2238171.6335812807,0.4594383421600627,0.3388849920272827,0,0.06433255202536647,2832177,0.5457,2228586,0.4403656128532397
bc74d30b-db89-4c5a-a69d-8c965d3f7e9b,9,2,11,2546478.0,0.4946860074996948,2417750.409060079,0.487034481460907,0.30908600749969484,0,0.0680219940214013,2881126,0.4974,2568070,0.4712750284629145
bc74d30b-db89-4c5a-a69d-8c965d3f7e9b,9,3,12,2543963.5,0.4631577432155609,2663657.692458554,0.51149221381846,0.2775577432155609,0,0.08475087920087082,2729005,0.4702,2806136,0.5069673925199015
bc839ccd-4c65-4158-80dc-c85cc64c3804,9,1,10,1857032.0,0.9376435279846191,123240.95715236664,0.062234328205737446,0.6602435279846192,0,0.018946188447710545,1995380,0.943,120455,0.0569302426701515
bc839ccd-4c65-4158-80dc-c85cc64c3804,9,2,11,1853807.125,0.9381438493728638,122292.58396670758,0.06188583673778979,0.6607438493728638,0,0.003816425020069486,1924603,0.945,112414,0.0551855973710577
bc839ccd-4c65-4158-80dc-c85cc64c3804,9,3,12,1848788.25,0.938261866569519,121690.85152970022,0.06175698663093181,0.6608618665695191,0,0.0015911098297915066,1786709,0.9513,92433,0.0491889383559092
bcb07ca3-e200-4e1e-bc56-e8bfb61ee146,9,1,10,1166923.0,0.9328194260597229,84189.0829281807,0.06729139944931178,0.7176194260597228,0,-0.012918212337916013,1149318,0.9339,81637,0.0663200523171033
bcb07ca3-e200-4e1e-bc56-e8bfb61ee146,9,2,11,1170511.5,0.9368417263031006,79244.72282423731,0.06340814422604567,0.7216417263031005,0,-0.018102224852700535,1164919,0.9202,99531,0.0787148562616157
bcb07ca3-e200-4e1e-bc56-e8bfb61ee146,9,3,12,1169100.75,0.9403141736984253,74508.5310553445,0.05991313525106173,0.7251141736984252,0,-0.009765369213458372,1109530,0.9082,110935,0.0908956832027137
bcc8a77f-e95a-4474-be38-a810b075b9aa,9,1,10,1956242.625,0.538390040397644,1744740.9902758151,0.47142629410041004,0.39009004039764406,0,0.1392257070712271,1877224,0.5544,1649085,0.4676518705536015
bcc8a77f-e95a-4474-be38-a810b075b9aa,9,2,11,2017810.5,0.5013731718063354,1876109.1155115755,0.4818047881723146,0.35307317180633546,0,-0.08092485400918309,2050828,0.5482,1671483,0.4490444242837312
bcc8a77f-e95a-4474-be38-a810b075b9aa,9,3,12,2077844.0,0.4673078954219818,2106239.606504673,0.5033932886116961,0.3190078954219818,0,0.01885295174816476,1834842,0.4902,1787499,0.4934651376002425
bd3aeadf-3349-4ba5-96ee-73488082e0a2,9,1,10,2272094.0,0.9163298606872559,232635.20029306412,0.09287838392503461,0.7473298606872558,0,-0.022705894148146694,2375827,0.9037,277648,0.1046356193293699
bd3aeadf-3349-4ba5-96ee-73488082e0a2,9,2,11,2214758.0,0.9123930931091309,214408.5482234205,0.0882642437095262,0.7433930931091308,0,-0.44377068838669814,2355421,0.9153,222973,0.0864774739624743
bd3aeadf-3349-4ba5-96ee-73488082e0a2,9,3,12,2172145.25,0.916083812713623,200270.49550073082,0.08441627310918938,0.747083812713623,0,-0.09768914353911591,2279225,0.9227,193431,0.0782280268666567
bd603e43-bf0a-4b71-9ff3-4d1fc11eb358,9,1,10,1291772.5,0.2309,4010510.0204499997,0.7563742605155698,0.0,10,-0.0004350692243096921,1302349,0.2319,4013637,0.7550127107181998
bd603e43-bf0a-4b71-9ff3-4d1fc11eb358,9,2,11,1340867.25,0.2309,4115744.258703095,0.7542674152518709,0.0,11,0.007223704748054116,1399279,0.2435,4095091,0.7453249417130626
bd603e43-bf0a-4b71-9ff3-4d1fc11eb358,9,3,12,1360847.125,0.2309,4212046.433206051,0.7558095967944406,0.0,12,0.005534132694092642,1448173,0.2371,4229031,0.7449143980029607
bd9454be-3441-4142-95c1-b1870ee129c2,9,1,10,2387357.0,0.376765638589859,3327523.6669264734,0.5822560191298015,0.13956563858985901,0,0.09967785275536423,2101999,0.3656,3206062,0.6039987106402884
bd9454be-3441-4142-95c1-b1870ee129c2,9,2,11,2345977.5,0.34022587537765503,3743229.265952767,0.6147318377958004,0.10302587537765504,0,0.10906846728257436,2228153,0.3319,3630851,0.6197044753681684
bd9454be-3441-4142-95c1-b1870ee129c2,9,3,12,2328497.0,0.2971132695674896,4267735.823156735,0.6469959350395307,0.05991326956748963,0,0.09385823921462999,2252393,0.3017,4108016,0.6458729304986519
bdcb7437-f3e0-4d63-8087-14a0de272d79,9,1,10,2650257.0,0.35203635692596436,4907941.00180912,0.6493533247785203,0.23563635692596435,0,0.09667805831127496,2706130,0.3742,4775296,0.6382868720481898
bdcb7437-f3e0-4d63-8087-14a0de272d79,9,2,11,2624514.5,0.3128449320793152,5175964.971955182,0.6635444642299445,0.19644493207931518,0,0.13388446293199108,2776666,0.3857,4638812,0.6255580557315388
bdcb7437-f3e0-4d63-8087-14a0de272d79,9,3,12,2600395.5,0.292791485786438,5499508.335360498,0.6789597070711068,0.17639148578643798,0,0.03516437541162487,2811401,0.3333,4966803,0.6385539643856089
beed9b39-27ff-4694-9449-e4910ff5b4dc,9,1,10,1712061.25,0.9363545179367065,116758.86202064157,0.06384381998710419,0.8010545179367066,0,-0.007327144031626015,1787243,0.9622,72195,0.0388262475005888
beed9b39-27ff-4694-9449-e4910ff5b4dc,9,2,11,1713697.5,0.9379254579544067,113624.7404068741,0.06218100885237092,0.8026254579544068,0,-0.010551890202945682,1826079,0.9608,74444,0.0391702704992257
beed9b39-27ff-4694-9449-e4910ff5b4dc,9,3,12,1713697.5,0.93951016664505,110534.41780800559,0.06059230557747481,0.8042101666450501,0,-0.006639743210752787,1536096,0.9664,54131,0.0340397943186727
bf744b10-b0f1-47bc-a786-1dd906d0740d,9,1,10,1527625.25,0.9431818127632141,92179.22754089534,0.056907626086351575,0.8100818127632141,0,-0.02916774554958223,1545850,0.9452,89869,0.0549415883779548
bf744b10-b0f1-47bc-a786-1dd906d0740d,9,2,11,1523126.625,0.9430347084999084,92016.36875179596,0.056971035448726594,0.8099347084999085,0,-0.024036687453607312,1595572,0.9292,119324,0.0695808958677377
bf744b10-b0f1-47bc-a786-1dd906d0740d,9,3,12,1522408.25,0.9432359337806702,91641.30596494325,0.05677725669962867,0.8101359337806702,0,-0.0022834849185891307,1590644,0.9416,99928,0.059108987963837
bf83c297-d11f-4de0-bd97-4be4b84e5ffe,9,1,10,842061.1875,0.42700016498565674,1179369.568857886,0.5834330783522933,0.32120016498565673,0,0.1155174968083888,860928,0.4084,1228727,0.5880047184822375
bf83c297-d11f-4de0-bd97-4be4b84e5ffe,9,2,11,847195.1875,0.40143489837646484,1213030.9393360326,0.5887853394029763,0.29563489837646484,0,-0.042517532282816406,752548,0.3222,1342818,0.6408512880327351
bf83c297-d11f-4de0-bd97-4be4b84e5ffe,9,3,12,841378.75,0.3590144217014313,1316846.9827812398,0.6101525724486008,0.25321442170143127,0,0.007162551580034093,774251,0.3031,1475373,0.6558309299687415
bf997d28-0e91-46a4-a5b2-44d127a3fc30,9,1,10,1698685.25,0.48971718549728394,1597741.5452320129,0.4846889206042747,0.2762171854972839,0,0.0879020222008885,1699183,0.4949,1581883,0.4821247119076544
bf997d28-0e91-46a4-a5b2-44d127a3fc30,9,2,11,1683849.375,0.4582529366016388,1777792.2443104188,0.5135691211918599,0.2447529366016388,0,0.07834187887019672,1681877,0.452,1788593,0.5153748627707486
bf997d28-0e91-46a4-a5b2-44d127a3fc30,9,3,12,1666658.25,0.42859452962875366,1968177.854871917,0.5414763686962086,0.21509452962875367,0,0.08981249575192796,1722693,0.483,1815249,0.513080485773933
bfb2bb9a-bb7a-487c-ad13-098d4e339175,9,1,10,493985.9375,0.7630441784858704,147244.3326791413,0.22962785683527617,0.5523441784858704,0,0.04014972572414996,491013,0.7855,132625,0.21266343616008
bfb2bb9a-bb7a-487c-ad13-098d4e339175,9,2,11,522466.3125,0.7290675044059753,181446.3764242691,0.25776829893712877,0.5183675044059753,0,0.05705893732751258,473740,0.8001,121187,0.2037006220931307
bfb2bb9a-bb7a-487c-ad13-098d4e339175,9,3,12,529013.9375,0.674005389213562,231606.23351695266,0.30449657048575773,0.463305389213562,0,0.08688940560922853,454062,0.8115,108453,0.1928001919948801
c02bd6ac-de77-4e58-b234-dca99b28fe47,9,1,10,786714.0,0.4236788749694824,1154488.782945633,0.5947285843026563,0.2928788749694824,0,0.014516629054076358,691140,0.4242,1098345,0.6137771481739159
c02bd6ac-de77-4e58-b234-dca99b28fe47,9,2,11,810825.75,0.3858187198638916,1207059.3957146467,0.5981804258176245,0.2550187198638916,0,-0.10275883114993078,690478,0.4191,1039108,0.6007842339149368
c02bd6ac-de77-4e58-b234-dca99b28fe47,9,3,12,809553.0625,0.3580131232738495,1294638.7336162657,0.6152665056511472,0.2272131232738495,0,-0.008463208225555907,717351,0.374,1099581,0.6051855545501978
c0b5aa14-7425-4d74-83b5-7fa25aec0762,9,1,10,3141354.0,0.3702872097492218,4393676.789745837,0.5831000446242423,0.1414872097492218,0,0.08647685405441657,2897935,0.3474,4394465,0.6026088804783062
c0b5aa14-7425-4d74-83b5-7fa25aec0762,9,2,11,3111668.25,0.3366524577140808,4978652.186123216,0.6153838065416511,0.10785245771408081,0,0.09704466579573046,2853146,0.2988,5082312,0.6404560392103392
c0b5aa14-7425-4d74-83b5-7fa25aec0762,9,3,12,3127068.25,0.3103575110435486,5590049.216353187,0.6412726727533463,0.08155751104354858,0,0.08853907507430125,2705822,0.2832,5582799,0.6735497979700121
c0d16e3e-df39-4614-9f5a-6fda6cf53bdc,9,1,10,2576659.0,0.5994791388511658,1658459.9599689245,0.39159701903180866,0.32447913885116575,0,-0.03620530440472125,2562295,0.5606,1813053,0.4143791533839137
c0d16e3e-df39-4614-9f5a-6fda6cf53bdc,9,2,11,2527538.25,0.5658349990844727,1817413.916663554,0.41828168572431684,0.29083499908447263,0,0.049142289455927135,2769375,0.5769,3322260,0.5453806736615047
c0d16e3e-df39-4614-9f5a-6fda6cf53bdc,9,3,12,2538038.5,0.5275183320045471,2057871.4227000219,0.447761478643397,0.2525183320045471,0,0.07742703619230751,2493121,0.5491,2622085,0.512605943924839
c19924a2-ced4-4738-ac39-f2f92d77ae14,9,1,10,880905.75,0.2976686954498291,1594114.1959260106,0.6440813531826244,0.007468695449829088,3,0.12462305197119261,974302,0.2902,1677359,0.632569170795211
c19924a2-ced4-4738-ac39-f2f92d77ae14,9,2,11,918269.875,0.29528942704200745,1770503.6181128027,0.6584800179888283,0.005089427042007433,4,0.09797309513841879,973285,0.2902,1881427,0.6590601783997825
c19924a2-ced4-4738-ac39-f2f92d77ae14,9,3,12,937237.4375,0.29383617639541626,1912108.7771626483,0.6710693026080843,0.0036361763954162463,5,0.059626215369512736,1014449,0.2935,2046033,0.6685329304338337
c19ec5c9-4d37-4f56-9298-088245466c2c,9,1,10,1648611.875,0.9003275632858276,182557.9295054525,0.09969470283765207,0.7680275632858277,0,0.005930245032936765,1598185,0.8971,183225,0.1028539190865662
c19ec5c9-4d37-4f56-9298-088245466c2c,9,2,11,1648611.875,0.9003275632858276,182517.15645247302,0.09967465608237246,0.7680275632858277,0,0.005129506427277261,1692358,0.8939,198982,0.1052068903528715
c19ec5c9-4d37-4f56-9298-088245466c2c,9,3,12,1648611.875,0.9003927111625671,182393.79833449516,0.09961399955814051,0.7680927111625672,0,-0.00022644518848638495,1645629,0.8864,209569,0.1129631446346966
c2169778-b09f-49d9-8ad3-2ad9c000dd15,9,1,10,1521413.875,0.4972411096096039,1372726.7783703916,0.4743123927898159,0.3334411096096039,0,0.08576396898693711,1798635,0.4905,1532424,0.4600410860330003
c2169778-b09f-49d9-8ad3-2ad9c000dd15,9,2,11,1533422.5,0.46059650182724,1567587.0869652312,0.5055086232414177,0.29679650182724,0,0.09735328271748916,1786560,0.4674,1767646,0.4973392088134452
c2169778-b09f-49d9-8ad3-2ad9c000dd15,9,3,12,1532332.25,0.42101970314979553,1794792.2179278187,0.5394424630725165,0.25721970314979553,0,0.09487062180683115,1580767,0.4326,1899973,0.5458531806454949
c2255a75-f374-4fdb-b2c7-0483d768bb92,9,1,10,1467122.75,0.3616739511489868,2381459.0035592616,0.6187887268749925,0.15947395114898683,0,0.04583331092538634,1567336,0.3769,2387049,0.6036460789730894
c2255a75-f374-4fdb-b2c7-0483d768bb92,9,2,11,1469092.625,0.33429256081581116,2563340.864094694,0.6356808788110179,0.13209256081581117,0,0.04136970397280415,1608429,0.3307,2674337,0.624441540817313
c2255a75-f374-4fdb-b2c7-0483d768bb92,9,3,12,1478545.375,0.3081110715866089,2796536.338736059,0.6541480434749687,0.1059110715866089,0,0.04766326879034588,1420148,0.3365,2716800,0.6567160138343533
c240dadc-4004-4e05-aa76-f2fb000925f1,9,1,10,1536552.25,0.969172477722168,48787.7061188221,0.030774286568959367,0.755272477722168,0,0.0005674207801211681,1466375,0.9644,53819,0.0354027183372648
c240dadc-4004-4e05-aa76-f2fb000925f1,9,2,11,1498491.25,0.9690624475479126,47869.023862937,0.030955932244273312,0.7551624475479126,0,-0.00431499707268029,1455482,0.9727,41170,0.0275080646670034
c240dadc-4004-4e05-aa76-f2fb000925f1,9,3,12,1476944.625,0.9694496393203735,46583.60694198008,0.030576136342811207,0.7555496393203736,0,0.0017398992431919072,1443336,0.9748,37446,0.0252879897243483
c258c808-12cb-42d8-b98e-1259ddae83cb,9,1,10,859816.625,0.9100260138511658,85076.57836852223,0.0900383006939051,0.7617260138511658,0,-0.021216653719357298,1004290,0.8904,119431,0.1062817193947608
c258c808-12cb-42d8-b98e-1259ddae83cb,9,2,11,851914.25,0.9114551544189453,82965.70820875536,0.08874477143324257,0.7631551544189453,0,-0.002655705084142229,865911,0.8841,114225,0.1165399495580205
c258c808-12cb-42d8-b98e-1259ddae83cb,9,3,12,844080.3125,0.9141553640365601,79581.92816909868,0.08615912252886913,0.7658553640365601,0,-0.0036132430931471726,876532,0.8925,106531,0.1083664017463784
c25e7e4a-4348-4ee0-ab8c-94a065f0b45d,9,1,10,2729857.0,0.18799133598804474,9584568.625925034,0.7783203956948712,0.006291335988044738,10,0.02145087062260531,2701845,0.1881,11775518,0.8133745074983614
c25e7e4a-4348-4ee0-ab8c-94a065f0b45d,9,2,11,2764860.0,0.186989888548851,10040210.343521321,0.7840808425235344,0.005289888548851013,11,0.0089385870002886,2579218,0.1852,11696769,0.8193317211622566
c25e7e4a-4348-4ee0-ab8c-94a065f0b45d,9,3,12,2782845.75,0.18679235875606537,10427807.199351136,0.7893483569154934,0.005092358756065368,12,0.012385294217777676,2674733,0.183,11760200,0.8147041624647652
c26c471c-8610-4bc1-914d-5433575380dd,9,1,10,2079282.625,0.9435950517654419,124392.68784217536,0.056447829277417795,0.6988950517654419,0,0.001178136229711392,2181122,0.949,117731,0.0512129309703578
c26c471c-8610-4bc1-914d-5433575380dd,9,2,11,2071044.75,0.9431142210960388,124889.16868656897,0.056872917542649754,0.6984142210960388,0,0.0014181956034738513,2162088,0.9385,140185,0.0608898249686288
c26c471c-8610-4bc1-914d-5433575380dd,9,3,12,2045590.0,0.943071722984314,123561.63937176485,0.05696311734459979,0.6983717229843139,0,9.252469373048633e-05,2207486,0.9297,165149,0.0696057337095676
c27f8b6b-aa55-47e2-8d9a-241e9e090411,9,1,10,905180.25,0.9877198338508606,11254.431501075625,0.012280669564623429,0.7914198338508606,0,0.010686147588319029,833244,0.9789,17798,0.0209131864232317
c27f8b6b-aa55-47e2-8d9a-241e9e090411,9,2,11,904877.25,0.9853176474571228,13450.968323497684,0.014647234022769991,0.7890176474571228,0,0.014647234022769991,881861,0.9682,28579,0.0313903167699134
c27f8b6b-aa55-47e2-8d9a-241e9e090411,9,3,12,899641.75,0.9860256910324097,12759.839761909447,0.013984894267050891,0.7897256910324096,0,0.0015338927950276915,838461,0.9643,30995,0.0356487274801715
c2ed7ce9-ecd7-458b-8f4f-86223b1b1d63,9,1,10,4326187.5,0.1417306512594223,17835068.37041869,0.8047859956450083,0.004230651259422291,10,0.020649459849140572,3845680,0.138,17497989,0.8198210438889396
c2ed7ce9-ecd7-458b-8f4f-86223b1b1d63,9,2,11,4314783.0,0.1415172517299652,19015265.278249834,0.8150546904773193,0.004017251729965199,11,0.011862113131684615,4149856,0.1409,18596902,0.817562748942069
c2ed7ce9-ecd7-458b-8f4f-86223b1b1d63,9,3,12,4340548.5,0.14148303866386414,20051362.274435703,0.8220496729370962,0.003983038663864125,12,0.016734304758719398,4370064,0.1434,19674436,0.8182509929505708
c37bc219-a98f-41d4-a858-f3997247edaf,9,1,10,1961646.375,0.9567880630493164,88834.29516088963,0.043323644281864554,0.8332880630493165,0,-0.008143329711109447,1848654,0.9653,67440,0.03519660308941
c37bc219-a98f-41d4-a858-f3997247edaf,9,2,11,1969916.75,0.9569317102432251,88666.88655005232,0.043071792166116576,0.8334317102432252,0,9.861586402227368e-05,1812795,0.9674,61293,0.0327055079590712
c37bc219-a98f-41d4-a858-f3997247edaf,9,3,12,1965591.5,0.9559144377708435,90563.135935019,0.04404490516047018,0.8324144377708436,0,-0.0014039783038321194,1840995,0.9843,29892,0.0159774481302184
c4006d00-da12-406e-a4e3-d376083dfd0c,9,1,10,3348462.75,0.1834012120962143,11689670.239805724,0.777335208282178,0.005301212096214286,10,0.00937391026949319,3175666,0.1805,11589176,0.7849170346692501
c4006d00-da12-406e-a4e3-d376083dfd0c,9,2,11,3449821.25,0.18356774747371674,12360369.139124583,0.7817976150133498,0.0054677474737167275,11,0.0046386762068132414,2896603,0.181,11863444,0.8037538091850249
c4006d00-da12-406e-a4e3-d376083dfd0c,9,3,12,3743695.0,0.1835727095603943,13147797.450171106,0.7783680150795629,0.005472709560394279,12,0.0022802539535550226,3063703,0.1786,12261733,0.8000903204319929
c405fa97-fe17-4da0-95cf-bfb7edc227f9,9,1,10,513765.65625,0.8656899929046631,79667.2776396051,0.13424815693566716,0.5745899929046631,0,0.019498417122301964,497798,0.8566,82756,0.1425466020387423
c405fa97-fe17-4da0-95cf-bfb7edc227f9,9,2,11,515968.84375,0.8721981048583984,76123.42512838455,0.12856682839751835,0.5810981048583984,0,0.0017276247722791405,553493,0.8754,79305,0.1253243531111033
c405fa97-fe17-4da0-95cf-bfb7edc227f9,9,3,12,515399.34375,0.8759142160415649,73399.56650553853,0.12465982057215959,0.5848142160415649,0,-0.013095192944120607,553135,0.8765,78130,0.1237673560232232
c43b924a-2a63-44af-98f0-963c6032772e,9,1,10,1448427.625,0.5376392602920532,1737599.5719541162,0.5453812740880819,0.35903926029205324,0,-0.15119280412563585,1379382,0.5212,1766323,0.5615030652906106
c43b924a-2a63-44af-98f0-963c6032772e,9,2,11,1489240.625,0.5160811543464661,1561528.783218458,0.511847529023944,0.3374811543464661,0,-0.20660623428163982,1386802,0.4862,1620170,0.5388044850434257
c43b924a-2a63-44af-98f0-963c6032772e,9,3,12,1505861.875,0.4963327944278717,1544944.081222942,0.506405226485025,0.3177327944278717,0,-0.12432446629014082,1409134,0.4574,1643632,0.538407463919606
c45ed50d-f7a6-498b-a35e-68f7ee46a1f9,9,1,10,1734295.25,0.9458720684051514,176708.7112851739,0.0924690449968168,0.7938720684051513,0,-0.3738019629219207,1674186,0.9589,131697,0.0729266513943594
c45ed50d-f7a6-498b-a35e-68f7ee46a1f9,9,2,11,1793071.5,0.9485437273979187,101357.54751807521,0.053502952591898606,0.7965437273979187,0,-0.0121438111587613,1603756,0.9681,55374,0.0333753232115626
c45ed50d-f7a6-498b-a35e-68f7ee46a1f9,9,3,12,1770135.375,0.9461392760276794,100799.96371589764,0.05387677576558094,0.7941392760276794,0,-0.4201616830922878,1569157,0.973,43918,0.027226260403267
c4f3b206-cbc5-46b7-8712-39ec409cbf01,9,1,10,1181177.125,0.30033668875694275,2375767.0318284817,0.6679236240657805,0.16373668875694275,0,0.016896250508818156,1201773,0.318,2329719,0.6596982238668528
c4f3b206-cbc5-46b7-8712-39ec409cbf01,9,2,11,1201534.25,0.2994510233402252,2506074.7521886434,0.6759274644951178,0.16285102334022522,0,0.031580995705749904,1248152,0.3083,2474841,0.6647450048925689
c4f3b206-cbc5-46b7-8712-39ec409cbf01,9,3,12,1220339.5,0.3033830225467682,2595883.4330982976,0.6802232151020495,0.1667830225467682,0,0.026693878854840314,1169352,0.2404,2768046,0.7030140209346375
c4fbff12-f2e9-4e3e-8fef-a13ced8f0f19,9,1,10,2672832.75,0.18529051542282104,9283570.378767416,0.7764517705522077,0.00329051542282105,10,0.015054162279450334,2700468,0.1822,9341585,0.7757468763839521
c4fbff12-f2e9-4e3e-8fef-a13ced8f0f19,9,2,11,2658538.0,0.1866709440946579,9712863.733222177,0.7851061619912674,0.004670944094657903,11,0.021096371040873252,2726573,0.1835,9854097,0.7832728304613348
c4fbff12-f2e9-4e3e-8fef-a13ced8f0f19,9,3,12,2673009.0,0.18739666044712067,10064801.54629329,0.7901516127685031,0.005396660447120671,12,0.028873527037761137,3077190,0.1829,10577793,0.774647101354868
c50e65d1-d666-40b4-bc76-f971126cf961,9,1,10,897280.1875,0.8787142634391785,123786.67118978128,0.12123267946295173,0.5797142634391785,0,0.014038270116844026,863745,0.8814,117031,0.1193249019144024
c50e65d1-d666-40b4-bc76-f971126cf961,9,2,11,898641.5,0.8779894709587097,124747.00207358412,0.12189603637408711,0.5789894709587098,0,0.009624582293166706,827978,0.8852,108462,0.1158237580624492
c50e65d1-d666-40b4-bc76-f971126cf961,9,3,12,899395.3125,0.8779823780059814,124963.40980771882,0.12199184434745276,0.5789823780059815,0,0.0019919221810329596,821357,0.8738,117317,0.1249816230128884
c5831407-aa42-4b0d-9c80-e49cede88ee3,9,1,10,3603121.5,0.2646738290786743,10330791.869045913,0.7414135279465489,0.007073829078674321,10,-0.006231548199213233,3619408,0.2598,10442265,0.7426047384262171
c5831407-aa42-4b0d-9c80-e49cede88ee3,9,2,11,3622630.5,0.26341181993484497,10277925.988495953,0.739389534296841,0.005811819934844975,11,-0.013925859578122202,3892072,0.2585,10629149,0.7319735027791395
c5831407-aa42-4b0d-9c80-e49cede88ee3,9,3,12,3626594.25,0.2646738290786743,10224357.625471307,0.7381700346225051,0.007073829078674321,12,-0.00348695321927206,3877093,0.2598,10737118,0.7347039125136485
c62366e6-360d-43d7-a4b5-fb764017d89d,9,1,10,1230257.5,0.9265228509902954,97588.49176436663,0.07349383314754489,0.7829228509902955,0,-0.011841895121441307,1309189,0.9133,122017,0.0852546733314421
c62366e6-360d-43d7-a4b5-fb764017d89d,9,2,11,1230581.5,0.9276695251464844,96067.16619050666,0.07241341934663463,0.7840695251464844,0,0.0014539836540378298,1295754,0.9255,105631,0.0753761457415342
c62366e6-360d-43d7-a4b5-fb764017d89d,9,3,12,1230667.0,0.9261298775672913,98006.01529215043,0.0737623284014696,0.7825298775672913,0,-2.8924293430002135e-05,1190895,0.9412,76215,0.0601486848024244
c642a9fe-bb7a-413d-abc1-5aa2ae6f1395,9,1,10,1413841.375,0.9366893768310547,95721.76071429253,0.06341023998906747,0.7723893768310547,0,-0.01700131277533312,1297887,0.9264,102680,0.0733131653109062
c642a9fe-bb7a-413d-abc1-5aa2ae6f1395,9,2,11,1401385.125,0.9392614364624023,90932.1217005325,0.06093350586249715,0.7749614364624023,0,0.00540961048348635,1266272,0.9708,39915,0.0305584116210006
c642a9fe-bb7a-413d-abc1-5aa2ae6f1395,9,3,12,1397222.25,0.9382213950157166,91936.10108492174,0.06173695431244231,0.7739213950157166,0,-0.0038541458865434877,1283482,0.9825,23105,0.0176834761098954
c64a38bf-845c-4b01-bf07-a812d67037fa,9,1,10,2393561.75,0.2861308455467224,4524195.55872117,0.653997438305265,0.01213084554672239,3,0.047486839714668605,2062018,0.2977,4217922,0.6716500476119198
c64a38bf-845c-4b01-bf07-a812d67037fa,9,2,11,2415748.0,0.2807120680809021,4991817.649987815,0.6738809867984128,0.006712068080902078,4,0.080502249665652,2350860,0.2905,4660741,0.664718514359274
c64a38bf-845c-4b01-bf07-a812d67037fa,9,3,12,2492039.75,0.27711498737335205,5409968.351086224,0.6846320937512783,0.0031149873733520295,5,0.06640522250585468,2141118,0.289,4836222,0.6931326264736991
c7581848-7dc8-44e1-a6e3-8189ba4784ef,9,1,10,1252692.125,0.4521866738796234,1363192.4445277639,0.521121023613766,0.32998667387962344,0,0.03617824780787671,1196273,0.4666,2134815,0.6408761942044161
c7581848-7dc8-44e1-a6e3-8189ba4784ef,9,2,11,1264146.625,0.42295530438423157,1516092.0736550647,0.5453100391662311,0.3007553043842316,0,0.06638825895533473,1067881,0.4376,1801246,0.6278028124931382
c7581848-7dc8-44e1-a6e3-8189ba4784ef,9,3,12,1277278.375,0.3945412039756775,1691270.708692617,0.5697297437267985,0.2723412039756775,0,0.07098977819410912,1133810,0.3928,1782260,0.6111856025404054
c77e3404-4457-440e-8f65-1fd48a667f0c,9,1,10,806175.8125,0.3022061884403229,1455818.2629215997,0.6435995030845774,0.11030618844032289,0,0.12393617907733812,792310,0.2978,1455245,0.6474791495647493
c77e3404-4457-440e-8f65-1fd48a667f0c,9,2,11,819517.8125,0.30001214146614075,1592707.6268792013,0.6602648329954984,0.10811214146614076,0,0.09493725603571546,788429,0.2346,1717374,0.685358745280455
c77e3404-4457-440e-8f65-1fd48a667f0c,9,3,12,866279.5,0.3003688156604767,1720384.0758541373,0.6650977312679915,0.1084688156604767,0,0.04934355578088945,929399,0.1919,2138857,0.6970920940104085
c7b0fa7c-bb09-46f1-9770-6636b57fbe6d,9,1,10,897958.625,0.8826342225074768,118733.16215392202,0.11678383129886188,0.7578342225074768,0,0.028840448113615177,877834,0.8688,130048,0.1290309778327225
c7b0fa7c-bb09-46f1-9770-6636b57fbe6d,9,2,11,897506.0625,0.8794862031936646,122470.8474265706,0.1200721763744509,0.7546862031936645,0,0.019969334898722504,875096,0.8531,147681,0.1443921793313693
c7b0fa7c-bb09-46f1-9770-6636b57fbe6d,9,3,12,897506.0625,0.8758794069290161,126600.1389787955,0.12362012728366122,0.7510794069290161,0,0.013019201945025413,835521,0.8469,150502,0.1526353847729718
c801428e-3ef1-4033-bfc4-ecf475571c27,9,1,10,2071510.75,0.2878367006778717,3778609.3866052106,0.6459028700901029,0.06323670067787171,0,0.1322503107303482,1904151,0.2845,3676449,0.6587909902161058
c801428e-3ef1-4033-bfc4-ecf475571c27,9,2,11,2094867.25,0.27797242999076843,4240812.063434055,0.6693539640559012,0.05337242999076844,0,0.10879568389910332,1968110,0.291,4002208,0.6703508925320226
c801428e-3ef1-4033-bfc4-ecf475571c27,9,3,12,2090417.125,0.2725020945072174,4605955.9737805445,0.6878284566639993,0.04790209450721741,1,0.07241603165429988,1931313,0.2633,4600852,0.7043379951363752
c801cc87-c635-40dc-8dd5-448f46ad6b7a,9,1,10,1661871.625,0.2962261140346527,3100521.336007718,0.6510427344810392,0.1910261140346527,0,0.12956094455495026,1853806,0.2731,3341773,0.6431954937072462
c801cc87-c635-40dc-8dd5-448f46ad6b7a,9,2,11,1688879.5,0.2858515679836273,3420343.0973328166,0.669444916946533,0.1806515679836273,0,0.10008356033438015,1778648,0.2543,3818300,0.6822110907587492
c801cc87-c635-40dc-8dd5-448f46ad6b7a,9,3,12,1737905.375,0.2839755713939667,3693431.915010049,0.6800225649405793,0.17877557139396666,0,0.055852515078735676,1686934,0.2046,4378604,0.7218822139107858
c810bfae-5514-45fe-9a08-4fde7d2584dc,9,1,10,1302234.625,0.952338457107544,65239.38800737262,0.04770795451088465,0.7492384571075439,0,-0.000665457871118949,1314520,0.9699,41613,0.0306850434286312
c810bfae-5514-45fe-9a08-4fde7d2584dc,9,2,11,1296442.75,0.9521178603172302,65200.25433560158,0.04788351581728671,0.7490178603172302,0,0.00010410336825091016,1235596,0.9872,16363,0.0130699168263497
c810bfae-5514-45fe-9a08-4fde7d2584dc,9,3,12,1290736.0,0.952042281627655,65027.60901627899,0.047963825392438444,0.748942281627655,0,-0.00010475922310165808,1412639,0.9806,27757,0.0192703950857958
c85b14d6-5d9f-47f8-a2b6-bed5061b5ab4,9,1,10,958191.1875,0.28627148270606995,2010274.3147923518,0.6772099299250567,0.05117148270606994,0,0.028393762095138886,893659,0.2612,2033136,0.6946629333451779
c85b14d6-5d9f-47f8-a2b6-bed5061b5ab4,9,2,11,982032.875,0.2823660373687744,2147381.2660205923,0.6861927406387539,0.04726603736877441,1,0.036761069024158544,985980,0.2384,2309322,0.7007922187404978
c85b14d6-5d9f-47f8-a2b6-bed5061b5ab4,9,3,12,1025758.0,0.2578517198562622,2354939.848933745,0.6965839463223491,0.022751719856262204,2,0.030246912212192112,964367,0.2351,2504045,0.7219571953966253
c85feade-0ec1-4144-9487-e9d7c56fa937,9,1,10,1358326.375,0.30212992429733276,2646555.281630926,0.660832331274757,0.04792992429733278,1,0.07610703796161777,1380449,0.2542,2844821,0.6732873875515647
c85feade-0ec1-4144-9487-e9d7c56fa937,9,2,11,1392440.75,0.28424060344696045,2890949.362280273,0.6749208655994373,0.030040603446960468,2,0.06513095036068073,1353863,0.2542,3131379,0.6981516270471024
c85feade-0ec1-4144-9487-e9d7c56fa937,9,3,12,1409965.875,0.2729474902153015,3126991.2176358746,0.6892265352721597,0.018747490215301532,3,0.04498356257195457,1319058,0.2542,3319136,0.7156095669995692
c97f2cfe-1f75-46a6-8cea-ac739eae7d37,9,1,10,749067.9375,0.9484305381774902,40688.972557872534,0.05152088198239493,0.8111305381774903,0,-0.0015547149805217736,748155,0.9411,46403,0.0584010229586764
c97f2cfe-1f75-46a6-8cea-ac739eae7d37,9,2,11,748826.875,0.9485235214233398,40641.495612746454,0.05147957426236409,0.8112235214233399,0,0.0004583653435271881,725609,0.957,33228,0.0437880598863787
c97f2cfe-1f75-46a6-8cea-ac739eae7d37,9,3,12,748912.3125,0.9485235214233398,40643.44968843623,0.0514763511772538,0.8112235214233399,0,0.0006886943133868964,775169,0.9475,42446,0.0519144095937574
ca7101fa-b3bb-4c13-a63b-14f89f3b6f11,9,1,10,2734952.0,0.5133809447288513,2395995.439581871,0.46696939849711744,0.2965809447288513,0,0.053687631586144924,2736835,0.5174,2377281,0.4648469060928614
ca7101fa-b3bb-4c13-a63b-14f89f3b6f11,9,2,11,2610439.0,0.4773271977901459,2616727.117616177,0.5006014843870167,0.2605271977901459,0,0.06230425130861761,2733653,0.4706,2705820,0.4974415720052292
ca7101fa-b3bb-4c13-a63b-14f89f3b6f11,9,3,12,2591945.75,0.4397842288017273,2917980.687451115,0.5295861424968441,0.2229842288017273,0,0.09490754392507422,2815554,0.4432,3074064,0.5219462450705632
ca9d5692-245d-4997-9d6a-0e06ad8a93f7,9,1,10,1711641.875,0.42412862181663513,2064392.858469855,0.5467091815050265,0.20042862181663512,0,0.11011974878537373,1541562,0.439,1915670,0.554105133818037
ca9d5692-245d-4997-9d6a-0e06ad8a93f7,9,2,11,1703827.25,0.39625951647758484,2275027.030306478,0.5717794294621014,0.17255951647758483,0,0.08489348808926456,1882600,0.421,3798270,0.6686070971523728
ca9d5692-245d-4997-9d6a-0e06ad8a93f7,9,3,12,1693863.125,0.368707537651062,2505530.438935885,0.5966410151344744,0.145007537651062,0,0.07404276295583556,1683401,0.372,3442364,0.671580534807975
cab41087-c44d-4b08-8e5c-67fb16bbf6c9,9,1,10,3508449.75,0.2702184319496155,9325831.769650117,0.7266345027083646,0.00031843194961550525,10,0.02289456264059564,3698813,0.2706,9459803,0.7189056204695083
cab41087-c44d-4b08-8e5c-67fb16bbf6c9,9,2,11,3500253.5,0.27009978890419006,9361762.345850479,0.7278612044993518,0.0001997889041900902,11,0.023010627058059785,4102110,0.2701,9898232,0.7069993004456605
cab41087-c44d-4b08-8e5c-67fb16bbf6c9,9,3,12,3520808.5,0.2701840400695801,9401905.808236009,0.7275488402807071,0.00028404006958010486,12,0.002245701760468566,4162067,0.2702,14060299,0.7715956863120849
caf33f29-a4f0-4350-a9a9-5c90ee3f99f6,9,1,10,1902977.5,0.21457426249980927,6833289.134944178,0.7821749747897708,0.010674262499809267,10,-0.004412195163344901,2055282,0.2266,6846463,0.7691147072849199
caf33f29-a4f0-4350-a9a9-5c90ee3f99f6,9,2,11,1979888.0,0.21398907899856567,6927253.476786256,0.7777190353201446,0.010089078998565676,11,0.004516249937990158,2106213,0.2045,7121834,0.7717596150084628
caf33f29-a4f0-4350-a9a9-5c90ee3f99f6,9,3,12,2008200.5,0.21409295499324799,7022436.230689917,0.7776235984362778,0.010192954993247988,12,-0.007472204622013923,2187952,0.213,7326663,0.7700430337959024
cb058fc3-5258-484f-9c3a-ac0670658e58,9,1,10,1184869.125,0.8626961708068848,189062.99623936415,0.13760723205802822,0.7066961708068847,0,0.002268922662639228,1301980,0.8557,215553,0.1420417216627249
cb058fc3-5258-484f-9c3a-ac0670658e58,9,2,11,1184869.125,0.8626961708068848,188646.14129758417,0.13734550021136227,0.7066961708068847,0,0.001617006818692257,1160049,0.8595,193303,0.1428327589570193
cb058fc3-5258-484f-9c3a-ac0670658e58,9,3,12,1184713.5,0.8619791865348816,189552.2148720557,0.13792981431520543,0.7059791865348816,0,-0.0015223629939705718,1269457,0.8675,193770,0.1324264792817519
cb45c313-e0cd-4fac-80b1-a2e83aed9b27,9,1,10,2638974.5,0.21269530057907104,8299739.766588002,0.7587491147784458,0.0027953005790710417,10,0.006548295602504917,2412170,0.2109,8139604,0.7713967338572641
cb45c313-e0cd-4fac-80b1-a2e83aed9b27,9,2,11,2672108.25,0.21485383808612823,8614504.359326396,0.7632497594723883,0.004953838086128232,11,0.006489119230926099,2423046,0.2102,8342636,0.774928704005933
cb45c313-e0cd-4fac-80b1-a2e83aed9b27,9,3,12,2742883.0,0.21480552852153778,8917757.764982458,0.764774247377809,0.0049055285215377775,12,0.008890364956081975,2491551,0.2127,8530154,0.7739414183195794
cb9da1e4-f896-4fde-807c-6201b286e3af,9,1,10,1471905.75,0.8798227310180664,201181.76567673683,0.12024581128702168,0.6091227310180665,0,0.013937191873329174,1521585,0.8843,199484,0.1159070321991738
cb9da1e4-f896-4fde-807c-6201b286e3af,9,2,11,1465494.0,0.879521906375885,200797.9189382454,0.12050584693838821,0.6088219063758851,0,0.003848965237766913,1508095,0.9002,170410,0.1015248688565122
cb9da1e4-f896-4fde-807c-6201b286e3af,9,3,12,1457686.625,0.8793680667877197,200066.19673795742,0.12068517942754078,0.6086680667877198,0,0.00096927195187059,1454923,0.91,146209,0.0913160189166164
cbb6ba91-be1d-4d8e-a2d1-c373c259756f,9,1,10,2074557.25,0.4979405403137207,1900590.3913897276,0.47811818902033876,0.3137405403137207,0,0.06740511915026565,2297160,0.5019,1996552,0.4649943917989841
cbb6ba91-be1d-4d8e-a2d1-c373c259756f,9,2,11,2083595.0,0.4707397222518921,2108671.066846881,0.5029907532641101,0.28653972225189206,0,0.06882707488247924,2184346,0.5063,2064247,0.4858660267057824
cbb6ba91-be1d-4d8e-a2d1-c373c259756f,9,3,12,2083707.5,0.4284520745277405,2396145.2726756996,0.5348714331173309,0.24425207452774048,0,0.08152643826274308,2295346,0.4761,2283842,0.4987438821031152
cbf1d886-f9ad-43dc-af0c-4b1a0531e7c2,9,1,10,2158081.5,0.8771735429763794,301788.96524626017,0.12268490130273903,0.6721735429763794,0,-0.00607865044162946,2038616,0.8544,340339,0.1430623950432017
cbf1d886-f9ad-43dc-af0c-4b1a0531e7c2,9,2,11,2160256.25,0.8821536898612976,290142.9440114191,0.11840639872903377,0.6771536898612976,0,-0.001348641599029421,1913553,0.8692,294713,0.1334590126370645
cbf1d886-f9ad-43dc-af0c-4b1a0531e7c2,9,3,12,2162183.0,0.8866428732872009,277988.62277638726,0.11392175049560505,0.681642873287201,0,-0.008210458558276151,1920776,0.8506,331046,0.1470125080934461
cc720a1b-acfe-49aa-898d-ee03d380cfde,9,1,10,2048537.625,0.41197505593299866,2628855.847783562,0.5620343601794751,0.19137505593299867,0,0.07122121365977357,2282849,0.3947,2847750,0.5550521488816413
cc720a1b-acfe-49aa-898d-ee03d380cfde,9,2,11,2058062.5,0.37498536705970764,2929392.5507610645,0.5873521707857902,0.15438536705970765,0,0.07830036526749173,2110963,0.3858,3045610,0.5906267592837336
cc720a1b-acfe-49aa-898d-ee03d380cfde,9,3,12,2045068.25,0.34988781809806824,3233957.564968406,0.6126049915874034,0.12928781809806825,0,0.07289449608024468,1979958,0.368,3176255,0.6160053900023137
cce64337-2647-4ca9-8a42-f47c3b07633a,9,1,10,1191131.0,0.5410020351409912,932379.0899448395,0.43907448067226235,0.4060020351409912,0,0.07386763358843307,1142235,0.538,915891,0.445012112961014
cce64337-2647-4ca9-8a42-f47c3b07633a,9,2,11,1181422.5,0.5041007399559021,1048232.6443336837,0.47013218478992197,0.3691007399559021,0,0.08702770082278988,1205835,0.5261,1005580,0.454722428852115
cce64337-2647-4ca9-8a42-f47c3b07633a,9,3,12,1186354.0,0.4670739769935608,1190869.3734280546,0.5009497158488609,0.3320739769935608,0,0.09055389773880013,1148127,0.4702,1141115,0.4984684886962584
ccf45c51-45d1-4b15-90f3-79d33cb228d6,9,1,10,2276900.75,0.32312536239624023,4228988.69847095,0.6500246787108979,0.03072536239624024,1,0.06918299693794261,2589693,0.3048,4561178,0.6378492913660447
ccf45c51-45d1-4b15-90f3-79d33cb228d6,9,2,11,2267697.5,0.3050732910633087,4514720.758897841,0.6656505963746763,0.012673291063308723,2,0.063852810886048,2438002,0.2924,4952620,0.6701222170474961
ccf45c51-45d1-4b15-90f3-79d33cb228d6,9,3,12,2293756.25,0.2978166341781616,4780799.302228489,0.6757738018924079,0.005416634178161628,3,0.04044218489203977,2576254,0.2924,5327431,0.6740439427937728
cd1eb671-3b12-4fad-8c34-6c13a951a5af,9,1,10,2229354.5,0.19749630987644196,8266759.438989542,0.7876019150555621,0.005696309876441957,10,0.033323916023079714,2227269,0.1961,8279500,0.7880158020034513
cd1eb671-3b12-4fad-8c34-6c13a951a5af,9,2,11,2202814.75,0.19799858331680298,8396613.331639446,0.7921760746869199,0.00619858331680298,11,-0.0016155571340443764,2343392,0.1966,8534163,0.7845662927008873
cd1eb671-3b12-4fad-8c34-6c13a951a5af,9,3,12,2284356.75,0.1981373280286789,8564671.208909146,0.7894413436252505,0.006337328028678896,12,0.00170626194165735,2409547,0.1954,8844706,0.7858989841440387
cd40bcac-0aab-4ba6-823d-874ae3a3c98c,9,1,10,2418383.5,0.2890712022781372,7318002.098189414,0.7516138329145752,0.004471202278137187,10,0.06528663163714443,2426891,0.287,7345217,0.7516512302156301
cd40bcac-0aab-4ba6-823d-874ae3a3c98c,9,2,11,2551233.5,0.2892511785030365,7014547.570489005,0.7332958509921679,0.004651178503036479,11,0.0561205009125737,2613308,0.3122,7124329,0.7316281147058573
cd40bcac-0aab-4ba6-823d-874ae3a3c98c,9,3,12,2637690.25,0.2891649007797241,6861149.428825,0.7223144784851996,0.0045649007797241015,12,-0.04758978886818177,2520069,0.2902,6845737,0.7309287636323024
ce47d494-bbc4-4eb0-8c91-88d34fbb8c31,9,1,10,1928995.375,0.24152083694934845,5821110.935802804,0.7511007852484307,0.009420836949348449,10,0.003531333045111773,1938649,0.2347,5880466,0.7520628613340512
ce47d494-bbc4-4eb0-8c91-88d34fbb8c31,9,2,11,1954989.0,0.24010886251926422,5908989.42538107,0.7513994959993464,0.00800886251926422,11,-0.003978806755034592,2012883,0.2411,5990568,0.7484981166249409
ce47d494-bbc4-4eb0-8c91-88d34fbb8c31,9,3,12,2016693.875,0.23980209231376648,6025087.861933411,0.7492230029400139,0.007702092313766479,12,-0.0016798954438453917,2143875,0.235,6223077,0.7437686985654991
cef9427d-a240-45f3-9ae7-b13382a4b0ed,9,1,10,844465.75,0.8884100914001465,105143.66645228863,0.11072306637933532,0.7494100914001465,0,0.01690995739752922,836635,0.8917,101203,0.1079109611681335
cef9427d-a240-45f3-9ae7-b13382a4b0ed,9,2,11,848707.5,0.883132815361023,111473.9003878833,0.11609670874987928,0.7441328153610229,0,0.013683597105917378,839421,0.9,94069,0.1007712991033648
cef9427d-a240-45f3-9ae7-b13382a4b0ed,9,3,12,848707.5,0.8810490965843201,114214.44501907146,0.11861236064861866,0.7420490965843201,0,0.014275698371689557,852357,0.8992,95417,0.1006748444249367
cf36c182-297e-40c8-9997-a98765a3395d,9,1,10,1011962.4375,0.9762402176856995,24681.268346700817,0.02380882477508689,0.8271402176856995,0,-0.0013760467393325107,1023411,0.9642,37597,0.0354351710825931
cf36c182-297e-40c8-9997-a98765a3395d,9,2,11,1012252.9375,0.9752758145332336,25637.35362218786,0.02470141000593448,0.8261758145332336,0,0.0011428053951291796,959026,0.9697,30170,0.0304995167792833
cf36c182-297e-40c8-9997-a98765a3395d,9,3,12,1012252.9375,0.9753409624099731,25593.375703105936,0.024660082497298737,0.8262409624099731,0,-0.0013777768083647647,1067911,0.9751,27301,0.0249275939270205
cf6d9d10-989d-4a66-87f2-82b6060ef866,9,1,10,1402376.0,0.4774823784828186,1360975.5228847265,0.4925090100241654,0.3180823784828186,0,0.08527253183256794,1418585,0.5031,1302434,0.478656709122575
cf6d9d10-989d-4a66-87f2-82b6060ef866,9,2,11,1401162.875,0.4379855692386627,1552361.6393712168,0.5255963279863627,0.27858556923866273,0,0.0908735615740171,1407919,0.4812,1406231,0.4997000870600359
cf6d9d10-989d-4a66-87f2-82b6060ef866,9,3,12,1415674.0,0.3958038091659546,1793275.8275677797,0.5588357325383898,0.2364038091659546,0,0.0911256591456504,1482831,0.448,1594664,0.5181694852469297
d0210d09-c634-4a0c-a7de-276701291383,9,1,10,1817281.0,0.3927809000015259,2309775.231281996,0.559666527869068,0.1173809000015259,0,0.1110205215519598,1785306,0.4128,2214676,0.5536714915217118
d0210d09-c634-4a0c-a7de-276701291383,9,2,11,1814780.125,0.361074835062027,2635282.2113082744,0.5921899542410629,0.085674835062027,0,0.11079288682492638,1646008,0.4462,2138064,0.5650167332968294
d0210d09-c634-4a0c-a7de-276701291383,9,3,12,1817730.375,0.3238042891025543,3011108.0114339967,0.623567775615212,0.04840428910255434,1,0.09793431460715674,1754219,0.4331,2206601,0.5571071141834266
d038a5ee-0ea1-47ac-86ed-6f1c459d6752,9,1,10,1711199.625,0.28606903553009033,3198247.6768411845,0.6514476030003926,0.12086903553009032,0,0.10396290098789163,1450749,0.2762,3054000,0.6779512021646489
d038a5ee-0ea1-47ac-86ed-6f1c459d6752,9,2,11,1745370.875,0.28466612100601196,3536337.8349551964,0.6695442761335458,0.11946612100601195,0,0.09736624792165194,1697269,0.2641,3496540,0.6732130503836394
d038a5ee-0ea1-47ac-86ed-6f1c459d6752,9,3,12,1769289.75,0.2867913246154785,3784019.6219494734,0.681399030470565,0.1215913246154785,0,0.06126019555760065,1737415,0.2208,4078278,0.7012540036071367
d0481304-7af6-438d-9d59-991b8bf7ba53,9,1,10,1086240.25,0.30261528491973877,1834935.8229697645,0.6281496825709338,0.16031528491973876,0,0.11491757072796016,1147289,0.3345,1791729,0.6096352591239659
d0481304-7af6-438d-9d59-991b8bf7ba53,9,2,11,1106148.375,0.2973795533180237,2066465.892906818,0.6513448274536701,0.15507955331802367,0,0.10611464470713905,1163660,0.2881,2103992,0.6438849669426242
d0481304-7af6-438d-9d59-991b8bf7ba53,9,3,12,1124437.75,0.29955896735191345,2235039.842718193,0.665293868178414,0.15725896735191344,0,0.07440040652270963,1130804,0.267,2371030,0.6770823517048495
d1bdebf6-812b-4d92-9684-23c8a0dc8928,9,1,10,1494087.625,0.209632009267807,3870540.8250102736,0.7214928044090102,0.01143200926780702,3,0.05965155790197996,1446592,0.2322,3723349,0.7201917778171937
d1bdebf6-812b-4d92-9684-23c8a0dc8928,9,2,11,1503480.625,0.20990605652332306,4245981.7997668665,0.7385006607707391,0.011706056523323072,4,0.061565217606982414,1457317,0.1982,4153858,0.7402830957865332
d1bdebf6-812b-4d92-9684-23c8a0dc8928,9,3,12,1526846.125,0.20521953701972961,4588130.850751644,0.7503104049198285,0.007019537019729627,5,0.0535433524468536,1382221,0.1982,4438828,0.7625477813363193
d209796f-8b73-48f4-834c-9e394007af2e,9,1,10,1248457.25,0.3913441300392151,1607893.0590539426,0.5629187197233158,0.13554413003921506,0,0.10503790593630213,1222035,0.3814,1617844,0.5696876521851811
d209796f-8b73-48f4-834c-9e394007af2e,9,2,11,1280226.375,0.3606799244880676,1846432.734666846,0.5905449458683036,0.1048799244880676,0,0.10181437664185716,1258954,0.3545,1857111,0.595979544714247
d209796f-8b73-48f4-834c-9e394007af2e,9,3,12,1298457.25,0.31729987263679504,2147016.793075323,0.6231411893496556,0.06149987263679502,0,0.0912866992814585,1265918,0.3531,2020151,0.6147621976288385
d217099a-53a2-4a45-b574-35fd7ac8c1a4,9,1,10,2243251.75,0.9770333170890808,52773.18275128305,0.022984586098569036,0.7543333170890808,0,-0.027283108113455364,2379142,0.9484,125684,0.0501767388233753
d217099a-53a2-4a45-b574-35fd7ac8c1a4,9,2,11,2229115.5,0.9785158634185791,49024.408123827074,0.021519489627922526,0.7558158634185791,0,-0.014171358222266072,2147388,0.9299,159439,0.0691161495855562
d217099a-53a2-4a45-b574-35fd7ac8c1a4,9,3,12,2188279.5,0.9843208193778992,35079.09208200546,0.01577752334100842,0.7616208193778992,0,-0.00806059606759748,2395853,0.95,127709,0.0506066425156188
d23c1699-5110-48f3-a085-1b1e522f3532,9,1,10,2790046.75,0.2802371382713318,6603769.374442324,0.7029911259663245,0.0035371382713317856,10,0.027461467607910683,2845007,0.277,6673020,0.7010927789971598
d23c1699-5110-48f3-a085-1b1e522f3532,9,2,11,2776161.75,0.2812533974647522,6741793.627707547,0.7083237271208289,0.004553397464752196,11,0.027298160277003714,3066776,0.282,6992973,0.6951438848026924
d23c1699-5110-48f3-a085-1b1e522f3532,9,3,12,2808106.25,0.2812330722808838,6864152.195125017,0.7096741918206979,0.0045330722808837876,12,0.015127548606989838,3005807,0.2858,7140795,0.7037622053176029
d27ae65c-0bf1-445c-9712-6347ac96fd5e,9,1,10,2153758.0,0.3609333038330078,3413149.1391563416,0.613114078219311,0.2117333038330078,0,-0.004763401691276092,1986197,0.3579,3321613,0.6257972685533205
d27ae65c-0bf1-445c-9712-6347ac96fd5e,9,2,11,2138901.25,0.3239087164402008,3753692.8739933935,0.637018738268287,0.1747087164402008,0,0.03703813310973325,1934550,0.3261,3542216,0.6467714706087497
d27ae65c-0bf1-445c-9712-6347ac96fd5e,9,3,12,2151685.0,0.30926313996315,4079062.1700132852,0.654666616813564,0.16006313996315003,0,0.055158326039225436,1831789,0.2794,3872768,0.6788902275847186
d3705862-f5ca-43a8-9495-d6f7c4a0c5c0,9,1,10,2161025.75,0.34736010432243347,3201762.4060083553,0.5970331687298086,0.20996010432243348,0,0.1345007276509259,2144032,0.3203,3322807,0.6078113878971011
d3705862-f5ca-43a8-9495-d6f7c4a0c5c0,9,2,11,2170150.0,0.3029091954231262,3744710.741220854,0.6331020974211353,0.16550919542312623,0,0.11449944509329013,2209547,0.2755,4008127,0.6446344726339786
d3705862-f5ca-43a8-9495-d6f7c4a0c5c0,9,3,12,2170737.75,0.2994232773780823,4144225.516818274,0.6562548888595986,0.16202327737808228,0,0.09589105754947846,2148215,0.2448,6156342,0.7413209398165369
d38b2f9b-681c-47b5-a595-76f7057e05d2,9,1,10,1165650.625,0.8885470032691956,145352.94423355907,0.11087150915884655,0.6052470032691956,0,0.018249575017286954,1196049,0.9132,115905,0.0883453230829739
d38b2f9b-681c-47b5-a595-76f7057e05d2,9,2,11,1164974.5,0.8830146789550781,153289.07673763484,0.11628105292644593,0.5997146789550781,0,0.018533468367740627,1224010,0.9166,111803,0.0836965952569708
d38b2f9b-681c-47b5-a595-76f7057e05d2,9,3,12,1166084.875,0.8813903331756592,156490.5048323148,0.11832256007378252,0.5980903331756592,0,0.01182660923108271,1175728,0.9151,109298,0.0850550883795347
d498c573-2483-4e74-846b-fb00de86cb0b,9,1,10,2104339.25,0.3991149067878723,3077495.6471568793,0.5939007529640535,0.20001490678787232,0,-0.0031780126293246003,2329361,0.3942,3238871,0.5816695496883032
d498c573-2483-4e74-846b-fb00de86cb0b,9,2,11,2075942.875,0.3706759810447693,3243182.6422024723,0.6097210211930069,0.1715759810447693,0,0.031691176302030666,2160810,0.3129,3710343,0.631961558487745
d498c573-2483-4e74-846b-fb00de86cb0b,9,3,12,2078359.0,0.348751038312912,3465648.4690589616,0.6251161255464939,0.149651038312912,0,0.030037077904906284,2375466,0.2503,4562445,0.6576107707348797
d4c82510-f642-4714-8195-2a69030e8e8d,9,1,10,2656833.75,0.5987755060195923,1671000.4134477675,0.3861054629959679,0.3324755060195923,0,0.0902645540029004,2609779,0.5667,1784203,0.4060560557599007
d4c82510-f642-4714-8195-2a69030e8e8d,9,2,11,2601228.75,0.5648466944694519,1859074.6424583043,0.4168045262575001,0.2985466944694519,0,0.0825930296849322,2709746,0.4852,2313431,0.4605513602248139
d4c82510-f642-4714-8195-2a69030e8e8d,9,3,12,2611037.25,0.5204927921295166,2143450.8724213243,0.45082684344360635,0.2541927921295166,0,0.09238275603649376,2448056,0.4716,2515852,0.5068288936861843
d4f30bb4-152f-4ecf-8b99-75f06a2e5e50,9,1,10,1394254.0,0.36714205145835876,2320136.3465972245,0.6246344972123663,0.17704205145835877,0,-0.020363648467762507,1416294,0.3228,2497524,0.6381298261697401
d4f30bb4-152f-4ecf-8b99-75f06a2e5e50,9,2,11,1379418.125,0.32953140139579773,2480435.1020317012,0.6426242025630601,0.13943140139579774,0,0.03386731040405744,1308434,0.2618,2809614,0.6822683951231263
d4f30bb4-152f-4ecf-8b99-75f06a2e5e50,9,3,12,1386992.625,0.30188897252082825,2699893.944219539,0.6606236553159659,0.11178897252082826,0,0.03806378601711713,1389566,0.2451,3169996,0.69524134116391
d528a17b-8d26-46bc-91a6-c62b3a89d8d8,9,1,10,2363562.75,0.13302938640117645,10207023.413102698,0.8119767273114478,0.006229386401176457,10,0.017078364816914493,2489134,0.14,10233112,0.8043479115244274
d528a17b-8d26-46bc-91a6-c62b3a89d8d8,9,2,11,2439748.75,0.13258063793182373,10970055.041940112,0.8180623081549935,0.005780637931823734,11,0.018160647973867183,2366046,0.1332,10920687,0.821924170524086
d528a17b-8d26-46bc-91a6-c62b3a89d8d8,9,3,12,2463628.75,0.13343295454978943,11641187.673093924,0.8253342208717951,0.006632954549789433,12,0.01883717356864867,2616015,0.1268,13536702,0.8380448936237785
d598a489-de7f-4fdc-a7cc-a29070d79b19,9,1,10,1526195.375,0.522582471370697,1913950.3416929469,0.5563573462617305,0.386482471370697,0,0.16230104326568762,1405954,0.5262,1842402,0.5671798288118667
d598a489-de7f-4fdc-a7cc-a29070d79b19,9,2,11,1565574.625,0.48954299092292786,1776147.9075070808,0.5315066975876512,0.35344299092292786,0,0.11720078047213606,1356864,0.5057,1581509,0.5382260863409785
d598a489-de7f-4fdc-a7cc-a29070d79b19,9,3,12,1585183.625,0.4495287835597992,1850316.257557977,0.5385871986059517,0.3134287835597992,0,-0.0879426802755876,1234908,0.4701,2433103,0.6633303444291743
d60928ef-4cf6-42ec-a2ce-31c64f732016,9,1,10,874124.8125,0.9182621240615845,77850.24375718087,0.0817776088201929,0.7073621240615845,0,-0.0144888030842239,991005,0.9355,69012,0.0651046162467205
d60928ef-4cf6-42ec-a2ce-31c64f732016,9,2,11,882298.5,0.917991578578949,78740.28280493163,0.08193247162733293,0.707091578578949,0,-0.006107127039144872,941057,0.9385,62133,0.0619354259910884
d60928ef-4cf6-42ec-a2ce-31c64f732016,9,3,12,883616.8125,0.9179028868675232,79006.73932709079,0.08207438845344417,0.7070028868675232,0,-0.00032053862915483455,919565,0.9611,38175,0.0398594608139996
d61cd586-5d3e-4bf7-ac0c-c31120e050a9,9,1,10,2183014.25,0.4464161992073059,2357987.016369626,0.5192658794950646,0.2847161992073059,0,0.11771887126734576,2266022,0.4811,2253329,0.4985957054453173
d61cd586-5d3e-4bf7-ac0c-c31120e050a9,9,2,11,2177943.0,0.40995514392852783,2676402.173659086,0.5513415461640278,0.24825514392852782,0,0.11006301254423545,2248218,0.4421,2511602,0.5276674328020807
d61cd586-5d3e-4bf7-ac0c-c31120e050a9,9,3,12,2169612.25,0.3744973838329315,3031194.6999821067,0.5828316123121116,0.2127973838329315,0,0.09827458081198415,2145909,0.4273,2667430,0.5541745553346648
d63ae0ca-4fbf-4fb0-90db-0deeb456a410,9,1,10,1709614.25,0.19540804624557495,5813369.364500657,0.7727478434613769,0.0006080462455749502,10,0.014761011130012602,1696203,0.1949,5805922,0.7739036606294883
d63ae0ca-4fbf-4fb0-90db-0deeb456a410,9,2,11,1763621.5,0.1966840773820877,6086717.4069838375,0.7753445397840031,0.0018840773820877066,11,0.009917447060765916,1671807,0.195,6021067,0.7826810890182265
d63ae0ca-4fbf-4fb0-90db-0deeb456a410,9,3,12,1808042.375,0.19697242975234985,6339709.765415349,0.7780931054552389,0.0021724297523498526,12,0.008003944401278718,1759820,0.1951,6263074,0.7806502242208361
d64a2f5d-8170-4908-ae7f-67ce23baf823,9,1,10,1719306.25,0.3330225944519043,2602380.592796445,0.6021677848162909,0.1859225944519043,0,0.13664494169335406,1789943,0.3312,2656822,0.5974729944127922
d64a2f5d-8170-4908-ae7f-67ce23baf823,9,2,11,1708597.125,0.29876354336738586,3023014.739449733,0.63889744680089,0.15166354336738586,0,0.1275838807092886,1587510,0.3016,2964047,0.6512160563956466
d64a2f5d-8170-4908-ae7f-67ce23baf823,9,3,12,1717159.5,0.2843054234981537,3392516.994847938,0.663939683513936,0.13720542349815368,0,0.10814462862065377,1552521,0.2472,3400063,0.6865230352478625
d6854714-14e7-4e53-b5ed-f3b0b84564d2,9,1,10,839327.875,0.881112813949585,113873.22300502658,0.11946400737824799,0.6798128139495849,0,-0.010974611696262807,939468,0.8659,141875,0.1312025878930182
d6854714-14e7-4e53-b5ed-f3b0b84564d2,9,2,11,838639.3125,0.8863534927368164,108249.72278454539,0.11432144501706659,0.6850534927368164,0,-0.007813938860083205,869347,0.8738,127663,0.1280458571127671
d6854714-14e7-4e53-b5ed-f3b0b84564d2,9,3,12,838639.3125,0.8888696432113647,105228.11633041815,0.11148611883006737,0.6875696432113647,0,-0.011864879497119132,911535,0.8769,127913,0.123058584941238
d6e46ad2-4e68-42d2-84d6-9f82d4acf64e,9,1,10,1295267.25,0.358207643032074,1828076.375696674,0.5852946696791693,0.18710764303207397,0,0.12059720104122373,1300647,0.3627,1818571,0.5830214496069207
d6e46ad2-4e68-42d2-84d6-9f82d4acf64e,9,2,11,1307496.25,0.3144923150539398,2149459.131621566,0.6217780949817501,0.14339231505393982,0,0.09800030615198929,1348508,0.3312,2118148,0.6110061107880332
d6e46ad2-4e68-42d2-84d6-9f82d4acf64e,9,3,12,1316824.375,0.2926931381225586,2451726.1094460334,0.650575365665144,0.12159313812255859,0,0.10300684313854958,1159809,0.2828,2351011,0.6696472618932329
d71fd2e5-84b8-4a52-b01d-a5db47fa6a83,9,1,10,1217964.0,0.36065539717674255,1990470.9126250446,0.6203868761035584,0.23325539717674254,0,0.012342793160294296,1197306,0.3633,1969082,0.6218700929892357
d71fd2e5-84b8-4a52-b01d-a5db47fa6a83,9,2,11,1241244.625,0.32176223397254944,2191871.5266750115,0.6384495687993548,0.19436223397254943,0,0.04133200571440676,1301421,0.3431,2148310,0.6227471069483389
d71fd2e5-84b8-4a52-b01d-a5db47fa6a83,9,3,12,1252752.0,0.3043014407157898,2396419.6247843006,0.6567023618479306,0.17690144071578978,0,0.044586614586704765,1414927,0.2959,3109281,0.6872542111238034
d76e8982-eb75-45a6-bc30-4a17854756a3,9,1,10,1246847.125,0.2992,2689540.8395999996,0.6832509558984236,0.0,10,0.005680724311332819,1309117,0.3005,2728215,0.6757470032189574
d76e8982-eb75-45a6-bc30-4a17854756a3,9,2,11,1259647.625,0.2992,2767591.2759916796,0.6872180528724481,0.0,11,0.0031259261706171326,1353208,0.3015,2860261,0.6788375564172894
d76e8982-eb75-45a6-bc30-4a17854756a3,9,3,12,1310875.0,0.2996284067630768,2856441.9236793537,0.6854390909048935,0.00042840676307676073,12,0.005660484754224759,1401308,0.302,2974690,0.6797740766791941
d776c35d-4a0e-432f-8085-a3dbdc8dac31,9,1,10,1702715.25,0.9181729555130005,151712.92517468333,0.08181116271078673,0.6689729555130005,0,0.014430814294897731,1571184,0.9441,96304,0.0577539388589303
d776c35d-4a0e-432f-8085-a3dbdc8dac31,9,2,11,1707897.375,0.9177117943763733,153023.9947605885,0.08223023135054619,0.6685117943763733,0,0.0032055208121136852,1582135,0.9347,109641,0.0648082252023908
d776c35d-4a0e-432f-8085-a3dbdc8dac31,9,3,12,1707109.875,0.9174748659133911,153507.79702103534,0.08250367570372075,0.6682748659133911,0,0.0010864031040841438,1617052,0.898,176111,0.0982124882121703
d798fbae-9b75-4c99-a5d6-eebc6863cc3a,9,1,10,2738746.0,0.9859275817871094,39048.920040130615,0.01405752446244897,0.8548275817871094,0,0.01405752446244897,2715827,0.9803,54272,0.0195920795610554
d798fbae-9b75-4c99-a5d6-eebc6863cc3a,9,2,11,2703805.0,0.9862416386604309,37737.17533356557,0.013764944297810795,0.8551416386604309,0,0.013764944297810795,2688975,0.9547,124248,0.0441657131340103
d798fbae-9b75-4c99-a5d6-eebc6863cc3a,9,3,12,2701470.25,0.9864332675933838,37162.094145716634,0.013569581263858512,0.8553332675933838,0,0.0004211874623819122,2578736,0.9872,34552,0.0132216579267191
d7caf004-e724-42d0-80fc-42af5fb3c23b,9,1,10,2805760.0,0.21367914974689484,9049761.161317036,0.7633372703045045,0.004279149746894834,10,0.01801867198633067,2697542,0.2205,8886771,0.7671383706569392
d7caf004-e724-42d0-80fc-42af5fb3c23b,9,2,11,2853745.5,0.2145107239484787,9350076.82987238,0.7661596979321279,0.005110723948478696,11,0.02045245187555489,2976146,0.212,9348237,0.7585156189969104
d7caf004-e724-42d0-80fc-42af5fb3c23b,9,3,12,2902953.25,0.21461409330368042,9623357.139057845,0.7682515313898155,0.005214093303680417,12,0.006897952174640398,2755807,0.2202,9438577,0.7740101509022514
d8359ab0-4901-402f-9cc1-4af57d747498,9,1,10,1841214.25,0.8864128589630127,237490.18103259802,0.11424913397361865,0.6965128589630127,0,-0.009512010997796555,2053261,0.8844,2302866,0.5286498763695365
d8359ab0-4901-402f-9cc1-4af57d747498,9,2,11,1827237.625,0.8880507946014404,231144.63724966068,0.11229432039364572,0.6981507946014405,0,-0.004077745902261287,1848850,0.8766,512207,0.2169397011592689
d8359ab0-4901-402f-9cc1-4af57d747498,9,3,12,1782420.875,0.888145387172699,225226.5907750919,0.11218433246602821,0.698245387172699,0,-0.00557426064891188,1818975,0.8699,303340,0.1429288300747061
d8441657-4d8d-44ea-8fae-587ae32d7479,9,1,10,1022818.375,0.8707613945007324,152933.13065737486,0.1300726640973922,0.7026613945007324,0,-0.013057343885813477,1102097,0.8552,182822,0.1422828987663814
d8441657-4d8d-44ea-8fae-587ae32d7479,9,2,11,1021737.3125,0.8721375465393066,150196.24486986187,0.12816105821471924,0.7040375465393066,0,-0.016454543180257353,1022285,0.8443,187583,0.1550441866385424
d8441657-4d8d-44ea-8fae-587ae32d7479,9,3,12,1020326.5625,0.8756186366081238,145591.22266194993,0.12487263211421619,0.7075186366081238,0,-0.010585498234308613,1078488,0.8448,196524,0.154135019905695
d846e630-c519-4335-b7b4-f25651b39be3,9,1,10,3295055.5,0.11057553440332413,16685610.534701597,0.8350878046669074,0.006375534403324126,10,0.016852786439618184,3124484,0.1102,16541650,0.8411236290772757
d846e630-c519-4335-b7b4-f25651b39be3,9,2,11,3398106.75,0.11001347005367279,17874237.854634646,0.8402570655394682,0.00581347005367279,11,0.018011062282029755,3162825,0.1075,17585404,0.8475616882771054
d846e630-c519-4335-b7b4-f25651b39be3,9,3,12,3588708.0,0.10937121510505676,19115517.386779215,0.8419365585539984,0.005171215105056762,12,0.01223662274126125,3432920,0.1133,18637325,0.8444548304742426
d87a2907-688f-4b7e-af5d-f0e4b0ee8013,9,1,10,1700809.375,0.3845880329608917,2240978.5990907736,0.5685183002791229,0.23108803296089173,0,0.12727598833316994,1689345,0.3658,2302012,0.5767492108573601
d87a2907-688f-4b7e-af5d-f0e4b0ee8013,9,2,11,1699220.5,0.3526889681816101,2550534.344402339,0.6001603475461256,0.1991889681816101,0,0.08863865111334213,1619401,0.3724,2461089,0.6031356528260087
d87a2907-688f-4b7e-af5d-f0e4b0ee8013,9,3,12,1697481.75,0.3220946192741394,2879752.9678054014,0.6291468856956774,0.1685946192741394,0,0.0972989445924779,1697251,0.3574,2672033,0.6115493980249396
d8a41b08-75c1-4628-ad2c-c614f2cb5db2,9,1,10,697238.75,0.9173321723937988,62901.10268032551,0.0827493815230582,0.6517321723937988,0,0.024452426086193205,697581,0.914,65453,0.085779925927285
d8a41b08-75c1-4628-ad2c-c614f2cb5db2,9,2,11,697238.75,0.9182688593864441,62127.09718538332,0.08181444743091834,0.652668859386444,0,0.009334059686232646,691115,0.909,68839,0.0905831142411251
d8a41b08-75c1-4628-ad2c-c614f2cb5db2,9,3,12,699766.0,0.9190669655799866,61662.32025887526,0.08098243605899885,0.6534669655799865,0,-0.0030685879872713456,675834,0.9452,40826,0.0569670415538749
d90861e1-093f-4f90-ab15-ac4525210911,9,1,10,898522.4375,0.8597700595855713,147333.77008654177,0.1408738304728667,0.6233700595855713,0,-0.009036449937224494,859599,0.8534,148272,0.1471140651928669
d90861e1-093f-4f90-ab15-ac4525210911,9,2,11,896660.9375,0.8597700595855713,146399.31563783973,0.14035556929470416,0.6233700595855713,0,-0.011280691221412648,906974,0.8446,164023,0.1531498220816678
d90861e1-093f-4f90-ab15-ac4525210911,9,3,12,896984.875,0.8597700595855713,146313.70288250118,0.14024144763952642,0.6233700595855713,0,-0.0030772965786809714,868159,0.8626,141805,0.1404059946691169
d9a123e6-3472-42da-a439-71c4e8db2978,9,1,10,2252428.25,0.28598204255104065,5095605.040234052,0.6934651544116432,0.0040820425510406655,10,0.005490560682597123,2174312,0.2893,5016203,0.6976138704946725
d9a123e6-3472-42da-a439-71c4e8db2978,9,2,11,2299889.0,0.2869771420955658,5273156.296182894,0.6963059231721178,0.005077142095565812,11,0.007065761822544592,2260130,0.2821,5223336,0.6979835279534911
d9a123e6-3472-42da-a439-71c4e8db2978,9,3,12,2348674.0,0.28635847568511963,5439254.590637296,0.6984212203969624,0.004458475685119645,12,0.011093849321488825,2449144,0.2879,5463791,0.6904885481809215
d9dba12d-10e9-4fbc-9859-195ad5d863ff,9,1,10,1781680.125,0.29057201743125916,3251485.8897866793,0.646012048923939,0.12427201743125915,0,0.12721085540008303,1746938,0.268,4548508,0.722507666653006
d9dba12d-10e9-4fbc-9859-195ad5d863ff,9,2,11,1803404.75,0.2808834910392761,3635055.310061637,0.668397904906272,0.11458349103927612,0,0.0994444471740007,1833532,0.2362,4874813,0.7266789349683118
d9dba12d-10e9-4fbc-9859-195ad5d863ff,9,3,12,1819511.5,0.28229331970214844,3914779.0377121796,0.6826963182221434,0.11599331970214843,0,0.07079660218107386,1885774,0.2166,5296268,0.7374320562313615
da1174b1-1691-43ff-92b1-4653d5737131,9,1,10,1379427.375,0.9919561147689819,11095.95548902452,0.007979697460467818,0.7086561147689819,0,0.007979697460467818,1274495,1.0,0,0.0
da1174b1-1691-43ff-92b1-4653d5737131,9,2,11,1411057.125,0.9837114810943604,23164.767338259146,0.016151452897217224,0.7004114810943604,0,0.016151452897217224,1277697,1.0,0,0.0
da1174b1-1691-43ff-92b1-4653d5737131,9,3,12,1398597.875,0.9846905469894409,21766.408365045907,0.015324525278457563,0.7013905469894409,0,0.015324525278457563,1410265,0.9947,7519,0.0053033466310806
dabdcdfa-bc80-4231-b34c-4eb327b82448,9,1,10,1038710.125,0.9049625396728516,109600.91758990288,0.0954453223254814,0.8036625396728516,0,-0.0123096355239012,1049472,0.9181,95378,0.083310477355112
dabdcdfa-bc80-4231-b34c-4eb327b82448,9,2,11,1038386.1875,0.9048246145248413,109260.11524744297,0.09520364853341695,0.8035246145248414,0,-0.017250671306983642,1026872,0.918,92070,0.0822830852716226
dabdcdfa-bc80-4231-b34c-4eb327b82448,9,3,12,1032727.9375,0.904831051826477,108681.80180670379,0.09521716703829555,0.8035310518264771,0,-0.004007602896501247,1020763,0.9122,97677,0.0873332498837666
dae967be-f4d2-4964-a766-0b43b1aa65f5,9,1,10,3801792.0,0.2460084855556488,14659801.973960966,0.7940702192149707,0.0025084855556488095,10,0.022299960963167997,3910773,0.2445,19551908,0.8333194318245217
dae967be-f4d2-4964-a766-0b43b1aa65f5,9,2,11,4012038.0,0.24623660743236542,14074149.444252793,0.7781711589373748,0.0027366074323654233,11,0.014506387675294108,3861339,0.245,17712121,0.8210143852678244
dae967be-f4d2-4964-a766-0b43b1aa65f5,9,3,12,4243679.0,0.24573500454425812,13816496.788263392,0.7650255983245854,0.0022350045442581234,12,-0.04092359614024388,4282639,0.2458,16588378,0.7948044889235633
db5e2859-5f62-4646-a07a-89e609c1b2b3,9,1,10,1524364.875,0.9283803105354309,117538.64441231638,0.07158681556050674,0.7349803105354309,0,0.015675885516864038,1343854,0.9091,132839,0.0899570865440548
db5e2859-5f62-4646-a07a-89e609c1b2b3,9,2,11,1519886.0,0.9285604953765869,116976.80545498431,0.07146402561360009,0.7351604953765869,0,0.003445279745874788,1519270,0.9069,153827,0.0919414714149867
db5e2859-5f62-4646-a07a-89e609c1b2b3,9,3,12,1522292.125,0.929046630859375,116311.65354333003,0.07098217095942963,0.735646630859375,0,-0.0008603654078361694,1373027,0.9007,151594,0.0994306125915883
db60dfdb-6d7d-425c-bad9-eeea75433d0b,9,1,10,1679976.5,0.24671688675880432,4566605.242267147,0.7310566691807564,0.0020168867588043204,10,0.010182177335946507,1771731,0.2476,6154024,0.7764590250392549
db60dfdb-6d7d-425c-bad9-eeea75433d0b,9,2,11,1745284.25,0.24672770500183105,4754571.483614901,0.7314887712085637,0.002027705001831054,11,-0.006988606741322734,1868445,0.251,6009157,0.7628155116239688
db60dfdb-6d7d-425c-bad9-eeea75433d0b,9,3,12,1789960.875,0.24695773422718048,4928309.4757549,0.7335681981302121,0.00225773422718048,12,0.0046989211261802,1667348,0.2466,7676505,0.8215566961509347
db9ec436-dbf5-433f-a436-665e235a575a,9,1,10,2242116.75,0.16472655534744263,9968619.99752082,0.816381534025355,0.007626555347442637,10,0.010133769998900255,2354353,0.1673,12046795,0.8365162971729754
db9ec436-dbf5-433f-a436-665e235a575a,9,2,11,2249523.75,0.16515393555164337,10200269.222482052,0.8193123568422259,0.008053935551643382,11,0.015828789938046595,2226797,0.1635,11939412,0.8428092512259279
db9ec436-dbf5-433f-a436-665e235a575a,9,3,12,2213630.25,0.1660294085741043,10352827.084967472,0.8238461174065069,0.00892940857410432,12,0.007231170698059897,2084289,0.1617,11755516,0.849398961907339
dbb945be-b9ec-471e-9121-ecec1f44917e,9,1,10,1180999.375,0.35151293873786926,1716692.7009064145,0.5924344809375314,0.08431293873786927,0,0.08896068056576545,1323922,0.3624,1779115,0.5733463700239475
dbb945be-b9ec-471e-9121-ecec1f44917e,9,2,11,1205166.5,0.3170987367630005,1995341.3392996404,0.623445227909917,0.049898736763000495,1,0.11040331419838711,1147699,0.3282,1966256,0.6314336591248108
dbb945be-b9ec-471e-9121-ecec1f44917e,9,3,12,1220305.5,0.2886353135108948,2287497.605698071,0.6521168767945563,0.021435313510894782,2,0.09093798731200065,1169918,0.309,2167059,0.6494078322985145
dbc763c1-d705-4b78-aa3b-d4a196b78000,9,1,10,1094749.5,0.5629456043243408,798599.9960464239,0.42179217187001733,0.4530456043243408,0,0.029183220896538353,1080856,0.5476,820275,0.4314668478921231
dbc763c1-d705-4b78-aa3b-d4a196b78000,9,2,11,1101306.25,0.5399292707443237,874091.2521359925,0.4424887908336625,0.43002927074432373,0,0.04020084607047819,990941,0.5229,864175,0.4658334034098137
dbc763c1-d705-4b78-aa3b-d4a196b78000,9,3,12,1101018.375,0.5023548007011414,982903.8240331854,0.4716605180794147,0.39245480070114136,0,0.07025510070673313,1112920,0.5014,985858,0.4697295283255304
dc1c8183-15f6-42ed-a73e-20a273251fb6,9,1,10,2384628.75,0.2728125751018524,5758055.281340025,0.7071446293603061,0.0027125751018524102,4,0.11528487666163001,2206360,0.2701,5649416,0.7191416863209948
dc1c8183-15f6-42ed-a73e-20a273251fb6,9,2,11,2405730.25,0.2734159827232361,5931676.087546956,0.7114534001820262,0.0033159827232360772,5,0.005754282371110975,2313296,0.2785,5744841,0.7129242156096378
dc1c8183-15f6-42ed-a73e-20a273251fb6,9,3,12,2467510.0,0.2730725407600403,6105599.0023041265,0.7121802604706383,0.0029725407600402765,6,0.004910443850463686,2395040,0.2701,5941299,0.712698823788236
dd6356ac-c8a9-4d93-ad69-9f276335fcd4,9,1,10,909675.0625,0.10995687544345856,4769096.768904022,0.8398113026007789,0.006556875443458551,10,0.046675374524816515,964661,0.1094,4821055,0.8332685185377229
dd6356ac-c8a9-4d93-ad69-9f276335fcd4,9,2,11,973212.75,0.10980723798274994,5111762.370991117,0.8400629861833382,0.006407237982749933,11,0.02543040620265624,1014170,0.1125,5231863,0.8376297403487942
dd6356ac-c8a9-4d93-ad69-9f276335fcd4,9,3,12,1007708.9375,0.11055892705917358,5442909.126454942,0.8437810257080757,0.007158927059173578,12,0.0076771568443767535,993144,0.1178,5491947,0.8468573532738399
dd7b585d-1bf8-47bf-acc8-ddeef067a569,9,1,10,1254027.5,0.29080629348754883,2331671.820606947,0.6502697555277077,0.013906293487548849,3,0.09132207715044793,1204199,0.2878,2305914,0.6569344063852075
dd7b585d-1bf8-47bf-acc8-ddeef067a569,9,2,11,1270476.625,0.285574734210968,2573465.8606642913,0.669486047270959,0.008674734210968038,4,0.05922856161636447,1212898,0.2769,2544453,0.6771933205069209
dd7b585d-1bf8-47bf-acc8-ddeef067a569,9,3,12,1290076.0,0.28359535336494446,2767859.341448947,0.6820856195457863,0.0066953533649444785,5,0.05807846927880189,1219532,0.2769,2721738,0.6905738505608598
dde9f928-772e-4f59-96ca-6c8c6bff9955,9,1,10,2160899.5,0.3514986038208008,3204295.657379627,0.5972374840777669,0.17089860382080077,0,0.09976758228351351,2117462,0.3715,3078235,0.5924585286632381
dde9f928-772e-4f59-96ca-6c8c6bff9955,9,2,11,2157269.25,0.31709155440330505,3661457.956864409,0.6292541008873817,0.13649155440330504,0,0.09671586601240545,2099280,0.3174,3534133,0.6273520155543363
dde9f928-772e-4f59-96ca-6c8c6bff9955,9,3,12,2152125.0,0.29630810022354126,4090971.2354239584,0.655279220623154,0.11570810022354125,0,0.09412182484036535,2235220,0.2853,4123266,0.6484666318365724
de34dc24-7f22-437d-9da0-8fd923a0ee22,9,1,10,1754097.0,0.12337123602628708,8579702.467097908,0.8302563345084331,0.0021712360262870767,10,0.02479461031614072,1743732,0.1214,8591844,0.8312883578041514
de34dc24-7f22-437d-9da0-8fd923a0ee22,9,2,11,1788324.25,0.12337123602628708,9088910.445855971,0.8355901752601405,0.0021712360262870767,11,0.025145245989254272,1784559,0.1253,9076698,0.8356949844755538
de34dc24-7f22-437d-9da0-8fd923a0ee22,9,3,12,1835192.25,0.1238824874162674,9570797.681102581,0.8391027643294967,0.002682487416267393,12,0.01624468668926382,1912149,0.1259,10988847,0.8517828390924236
de35bc91-887a-4f1e-926c-168281a3cab8,9,1,10,1140642.375,0.9409791827201843,128742.78009425849,0.10142136890256816,0.7936791827201843,0,0.04431098571355076,1148273,0.927,159844,0.1221939627724431
de35bc91-887a-4f1e-926c-168281a3cab8,9,2,11,1170403.375,0.943299412727356,73662.34994684206,0.0592109793475659,0.795999412727356,0,-0.015188295773367298,1145715,0.932,88796,0.0719280751649843
de35bc91-887a-4f1e-926c-168281a3cab8,9,3,12,1169717.375,0.939160943031311,75646.0499197538,0.06074214836093177,0.791860943031311,0,-0.41809313420493244,1072112,0.9252,86878,0.0749600945650954
df0132cd-491f-4d2e-a17b-b88d1890b800,9,1,10,2650146.5,0.2358,6333923.8273,0.7050171688942628,0.0,4,0.09200243138155484,2623182,0.2358,6313318,0.7064642757231578
df0132cd-491f-4d2e-a17b-b88d1890b800,9,2,11,2675657.25,0.2358,6885121.859272661,0.7201423420184475,0.0,5,0.0525463054845976,2422201,0.2573,6487516,0.7281394010606622
df0132cd-491f-4d2e-a17b-b88d1890b800,9,3,12,2693461.5,0.2358,7319953.403156167,0.7310146911868161,0.0,6,0.041427504669171666,2780910,0.2358,7082931,0.7180702730305567
dfa01a7f-84c9-4517-ac04-1a17e3fe35f6,9,1,10,2066291.25,0.34392306208610535,4303658.868575878,0.675618927693902,0.24302306208610536,0,0.17097102055014368,2003047,0.3425,4271131,0.680747501903835
dfa01a7f-84c9-4517-ac04-1a17e3fe35f6,9,2,11,2122490.75,0.297211617231369,4516223.297868196,0.6802858603796065,0.19631161723136903,0,0.15505860180934905,1969248,0.324,4218479,0.6817493725886743
dfa01a7f-84c9-4517-ac04-1a17e3fe35f6,9,3,12,2150588.75,0.28852608799934387,4743262.848269891,0.688042494192982,0.18762608799934388,0,0.003788143285872736,1943972,0.2963,4336687,0.6904827980630694
e087dc81-7a83-4739-a3d9-1fbe7a485573,9,1,10,1839154.25,0.17137768864631653,7420931.9861943945,0.8013890796382221,0.005177688646316542,10,0.003209164053772695,1763962,0.1674,7404607,0.8076077084657377
e087dc81-7a83-4739-a3d9-1fbe7a485573,9,2,11,1849337.625,0.17131252586841583,7682156.308619466,0.8059761000867849,0.005112525868415846,11,0.005453940441703553,1693233,0.1662,9097840,0.8430894684893708
e087dc81-7a83-4739-a3d9-1fbe7a485573,9,3,12,1927780.375,0.17137441039085388,7963039.450570742,0.8050939751206357,0.005174410390853895,12,0.009707525069559075,1735203,0.1768,8917267,0.8371079195717049
e094fcfe-14bb-438a-878c-d931c9094771,9,1,10,741371.5625,0.9144729971885681,69199.68950266019,0.08537150723232544,0.7071729971885681,0,0.008339804077715035,657778,0.9105,64966,0.0898879824668208
e094fcfe-14bb-438a-878c-d931c9094771,9,2,11,743129.6875,0.9130716323852539,70614.46670834487,0.08677723378184206,0.7057716323852539,0,-0.0008740076848869349,697864,0.8997,76520,0.0988140250831628
e094fcfe-14bb-438a-878c-d931c9094771,9,3,12,740117.0,0.9137030839920044,69963.62528756913,0.08636624936281233,0.7064030839920044,0,0.0028456732057504236,667517,0.8982,75774,0.1019439223668791
e0be2b20-a50d-469d-a550-92f6e7fbe1cc,9,1,10,1311287.625,0.30756187438964844,2453668.7796366215,0.6517124014012161,0.051861874389648455,0,0.10274429214744829,1414233,0.3311,2439046,0.6329793404526378
e0be2b20-a50d-469d-a550-92f6e7fbe1cc,9,2,11,1310014.875,0.29940176010131836,2636830.1439738544,0.6680855547399749,0.043701760101318377,1,0.07259087941927311,1433658,0.2657,2843852,0.6648381885723236
e0be2b20-a50d-469d-a550-92f6e7fbe1cc,9,3,12,1323603.5,0.2806180715560913,2849064.3922760477,0.6827920327783337,0.024918071556091326,2,0.05272250655696753,1452646,0.2557,3197883,0.6876385460664798
e0e9bd5c-b271-4cf7-a2ee-be2468ed512b,9,1,10,1226926.0,0.9016435742378235,133132.30721890926,0.09788720565307414,0.6288435742378236,0,0.04481571756041084,1235094,0.8951,142893,0.1036969144121098
e0e9bd5c-b271-4cf7-a2ee-be2468ed512b,9,2,11,1233897.125,0.8993027210235596,137656.14410515246,0.1003651460033805,0.6265027210235596,0,0.0182688839135582,1249402,0.8768,171465,0.1206763194584714
e0e9bd5c-b271-4cf7-a2ee-be2468ed512b,9,3,12,1237311.125,0.8956705927848816,143449.52012593066,0.10389166336128267,0.6228705927848817,0,0.009591771775927072,1223988,0.9007,138617,0.101729408008924
e1024080-a385-426a-801e-1297d19a6401,9,1,10,2170671.75,0.9641292691230774,80781.19980372488,0.03587958602944252,0.6803292691230773,0,-0.007576589408160278,2155051,0.9508,109957,0.0485459654005637
e1024080-a385-426a-801e-1297d19a6401,9,2,11,2177846.0,0.9653964042663574,78156.62253501732,0.034643852695168655,0.6815964042663574,0,-0.012476471105232742,2368688,0.9498,124356,0.0498811894214462
e1024080-a385-426a-801e-1297d19a6401,9,3,12,2178169.75,0.9653903245925903,78090.7233666149,0.03461068626092361,0.6815903245925903,0,-0.0024185608212197868,2291253,0.9423,139265,0.0572984853434535
e1030e99-4304-4f02-9e81-6ef2d2514861,9,1,10,761420.1875,0.8767828345298767,116976.1159251146,0.13317009130046628,0.7507828345298767,0,0.015793143162753875,785715,0.8721,124483,0.1367647478900195
e1030e99-4304-4f02-9e81-6ef2d2514861,9,2,11,771206.0,0.8729694485664368,112826.26395939628,0.12762686223019842,0.7469694485664368,0,-0.37151843804113166,765428,0.8722,113712,0.129344586755238
e1030e99-4304-4f02-9e81-6ef2d2514861,9,3,12,770890.6875,0.8723354339599609,112819.34111029014,0.12766556614470953,0.7463354339599609,0,-0.08071609377656336,806715,0.864,125206,0.1343525899727552
e1588f69-1723-4823-96c7-2eb2fe047f2a,9,1,10,1815116.875,0.22417888045310974,5378424.036084991,0.747674073528522,0.0002788804531097533,10,0.01248976497396137,1845602,0.2242,5401670,0.7453383838774094
e1588f69-1723-4823-96c7-2eb2fe047f2a,9,2,11,1833060.125,0.22405482828617096,5595716.315684652,0.7532487160387531,0.00015482828617097155,11,0.009254112913477108,1704514,0.224,5515109,0.7639054006005577
e1588f69-1723-4823-96c7-2eb2fe047f2a,9,3,12,1845974.25,0.2241899073123932,5773338.647516299,0.7577243151935996,0.00028990731239320056,12,0.01802087651157802,1907499,0.2244,5757132,0.7511297021343885
e169cef7-5dc9-4308-9ad5-4932dc8eb22a,9,1,10,789360.5,0.2595195770263672,1737111.166024208,0.687564079734098,0.05511957702636719,0,0.04837900239829729,792435,0.205,1867474,0.7020819133286139
e169cef7-5dc9-4308-9ad5-4932dc8eb22a,9,2,11,850251.25,0.2604977488517761,1913360.3311862093,0.692340538812241,0.056097748851776125,0,0.03304477717582521,738951,0.2044,2073672,0.737273356578539
e169cef7-5dc9-4308-9ad5-4932dc8eb22a,9,3,12,888490.5,0.26590603590011597,2056821.7834820393,0.6983374207947828,0.06150603590011597,0,0.023721024021366555,772737,0.2044,2264603,0.7455875865066144
e1acbf18-93ba-428e-abd7-0a4088e5a472,9,1,10,2341552.5,0.28504127264022827,4422484.809372336,0.6538232429978594,0.12184127264022826,0,0.10832869398061362,2357667,0.2236,4814970,0.6712970417992713
e1acbf18-93ba-428e-abd7-0a4088e5a472,9,2,11,2360193.5,0.2829069495201111,4863811.479291584,0.673284624420144,0.11970694952011107,0,0.0925926708183491,2229375,0.2188,5503136,0.7116880920053007
e1acbf18-93ba-428e-abd7-0a4088e5a472,9,3,12,2412907.0,0.2863944172859192,5192706.930661191,0.6827465840367426,0.12319441728591918,0,0.05702520786244625,2472431,0.1932,6673954,0.7296821640462324
e1fbd44c-ec71-44f4-8b7c-bfd252e9e257,9,1,10,1292383.5,0.9110301733016968,242668.36074846983,0.15808479632091918,0.7838301733016968,0,0.07534445975077989,1378919,0.9015,277050,0.1673038565335462
e1fbd44c-ec71-44f4-8b7c-bfd252e9e257,9,2,11,1329352.125,0.9179304242134094,129015.05439320696,0.08846541270003563,0.7907304242134094,0,0.0027682501862225373,1253294,0.9015,150700,0.1073366410397765
e1fbd44c-ec71-44f4-8b7c-bfd252e9e257,9,3,12,1332101.875,0.9186180830001831,118908.4966749053,0.08194875722194107,0.7914180830001831,0,-0.43899476577645924,1295633,0.8939,153392,0.1058587671020168
e293b545-d096-4dc3-8dba-b408b1040746,9,1,10,957602.25,0.9717609882354736,51382.95041316748,0.050925375706330246,0.8392609882354736,0,0.004549543478665943,955075,0.9719,51028,0.0507184652068426
e293b545-d096-4dc3-8dba-b408b1040746,9,2,11,1001419.9375,0.9668347835540771,34916.43565253285,0.03369218388650891,0.8343347835540771,0,-0.0016006787887471938,986720,0.9767,24137,0.0238777591687053
e293b545-d096-4dc3-8dba-b408b1040746,9,3,12,1017889.125,0.9620539546012878,39949.807600537664,0.03776549186209953,0.8295539546012878,0,-0.43648335961378826,1076999,0.978,24198,0.0219742698172988
e2a672e4-e175-4493-a0a2-19ab87e92975,9,1,10,921209.5,0.8713558912277222,135568.95682543516,0.12828512537309344,0.6330558912277222,0,0.02631232060193195,919952,0.8515,156354,0.1452690963350571
e2a672e4-e175-4493-a0a2-19ab87e92975,9,2,11,900698.5,0.8714247345924377,133238.36329454987,0.12886508647152536,0.6331247345924378,0,0.02175432594705827,885063,0.8664,139170,0.1358772857347888
e2a672e4-e175-4493-a0a2-19ab87e92975,9,3,12,895257.75,0.8703587651252747,133335.50619136088,0.12962899123514665,0.6320587651252747,0,0.004899386058614147,891032,0.8582,146084,0.1408559891082579
e2d54323-2f85-4905-b78a-f674881073cb,9,1,10,2180617.0,0.8939082622528076,259655.6027419567,0.1064043428796441,0.6877082622528077,0,-0.017786205200160998,2211249,0.8867,280754,0.1126619831517056
e2d54323-2f85-4905-b78a-f674881073cb,9,2,11,2170684.75,0.8943556547164917,256751.71538151475,0.10577072522520653,0.6881556547164918,0,-0.002412183429811074,2317858,0.891,283310,0.1089164559920774
e2d54323-2f85-4905-b78a-f674881073cb,9,3,12,2178341.5,0.8929316401481628,260721.43665723503,0.10689409967196536,0.6867316401481629,0,-0.00038360681408124153,2367467,0.9115,234592,0.0901562954567901
e34c3acd-11d1-45fe-a48f-29bc6ff57cb0,9,1,10,1229348.75,0.32742542028427124,1968297.4102893919,0.6155457207032744,0.05432542028427123,0,0.10223882289107167,1216774,0.3634,1855046,0.6038915040594827
e34c3acd-11d1-45fe-a48f-29bc6ff57cb0,9,2,11,1275813.625,0.3044894337654114,2256313.5030820025,0.6387973652316457,0.03138943376541137,1,0.0825916730860371,1124151,0.3192,2979197,0.7260405405537137
e34c3acd-11d1-45fe-a48f-29bc6ff57cb0,9,3,12,1312464.5,0.2887337803840637,2538351.238900646,0.6591723445135056,0.01563378038406371,2,0.07054735764964593,1162964,0.287,2953500,0.7174847150369832
e35da912-eb5c-4aee-bb60-254edaeec47b,9,1,10,2197563.5,0.930406391620636,164292.449842304,0.06956074093056921,0.6529063916206359,0,-0.02136660746342388,2227683,0.9268,175050,0.0728545368961095
e35da912-eb5c-4aee-bb60-254edaeec47b,9,2,11,2185853.25,0.9311200380325317,161877.94642314687,0.06895080095616302,0.6536200380325317,0,-0.0077248456717251834,2042376,0.9031,214979,0.0952349098834698
e35da912-eb5c-4aee-bb60-254edaeec47b,9,3,12,2176529.0,0.9309101700782776,161560.13821614953,0.06909922105853167,0.6534101700782775,0,0.00022753375980506807,2162192,0.8714,305816,0.1239120780807841
e35f3617-8986-4b06-a678-fb44c640f604,9,1,10,516089.96875,0.9177150130271912,46426.997348366305,0.0825343947763661,0.7382150130271912,0,-0.035400858812314806,542779,0.9076,54585,0.0913764471913272
e35f3617-8986-4b06-a678-fb44c640f604,9,2,11,515398.96875,0.9190317988395691,45490.03784020594,0.0811034577353406,0.7395317988395691,0,0.001255106306830095,514098,0.8996,57124,0.1000031511391368
e35f3617-8986-4b06-a678-fb44c640f604,9,3,12,516051.4375,0.9189638495445251,45505.15948265826,0.08103396830731832,0.7394638495445252,0,-0.0028483329662872814,532165,0.8663,78799,0.1289748659495485
e3929d16-3079-43e5-ad16-9a87ac0e6388,9,1,10,931247.3125,0.2843041718006134,2218380.3167875316,0.7043309806401924,0.001104171800613396,10,0.009355918374629124,935037,0.2854,2224519,0.7040606338358933
e3929d16-3079-43e5-ad16-9a87ac0e6388,9,2,11,961102.4375,0.2846600115299225,2274411.156792853,0.7029521250674713,0.001460011529922478,11,0.018102153773348117,943038,0.2869,2258867,0.7054759588432511
e3929d16-3079-43e5-ad16-9a87ac0e6388,9,3,12,979389.5,0.28513944149017334,2326013.75479458,0.7037004490815552,0.0019394414901733326,12,6.0636280457604386e-05,1056821,0.2858,2368062,0.6914285831078025
e5544f6c-c421-4ff4-ab75-3d295b4eb1d9,9,1,10,1425209.125,0.30745217204093933,3516300.8753781356,0.7115842880231064,0.14845217204093933,0,0.1239062536385398,1251119,0.3028,4123633,0.7672229341930568
e5544f6c-c421-4ff4-ab75-3d295b4eb1d9,9,2,11,1471990.75,0.2927107810974121,3528164.887372022,0.7056110135856395,0.1337107810974121,0,0.08904892781501628,1409620,0.2703,4037521,0.7412183749236526
e5544f6c-c421-4ff4-ab75-3d295b4eb1d9,9,3,12,1494666.0,0.29040083289146423,3564196.6142062144,0.7045450501457178,0.13140083289146423,0,-0.017160778328824344,1280887,0.2408,4037556,0.7591612808485491
e5c5f87b-d53b-4416-a092-c76579ef654f,9,1,10,1416178.625,0.2822575867176056,2693600.8788058273,0.6554125048099151,0.027257586717605586,3,0.11518124522378803,1474998,0.2739,2839716,0.6581469826273537
e5c5f87b-d53b-4416-a092-c76579ef654f,9,2,11,1445708.75,0.27327433228492737,3008142.5538733443,0.6754025558188882,0.018274332284927364,4,0.08102644302618978,1376181,0.255,3140843,0.6953345831237558
e5c5f87b-d53b-4416-a092-c76579ef654f,9,3,12,1493606.5,0.26529043912887573,3307478.070523284,0.6889022723802576,0.010290439128875728,5,0.06362253962855968,1427367,0.255,3403316,0.704520665090216
e6280c9a-ebe7-479a-a8b8-51be40390ae5,9,1,10,1626306.0,0.8103498816490173,376324.6263450384,0.18791514590579345,0.6556498816490173,0,0.02170020387848065,1714517,0.8248,363069,0.1747552207225116
e6280c9a-ebe7-479a-a8b8-51be40390ae5,9,2,11,1626306.0,0.8007363677024841,399051.45275576157,0.19702766650538664,0.6460363677024841,0,0.017011005995280742,1621624,0.8244,348601,0.1769346140669213
e6280c9a-ebe7-479a-a8b8-51be40390ae5,9,3,12,1639659.5,0.8026190996170044,402402.603475607,0.19705698606850122,0.6479190996170043,0,0.016372542875711632,1808398,0.8102,409450,0.1846158979334922
e6ff42f2-2811-4066-93c2-15ef39ac6b25,9,1,10,1787065.0,0.25723618268966675,4960617.2309420705,0.7351586902232501,0.008036182689666743,10,-0.005170668569115744,1903462,0.2631,5007297,0.724565420382913
e6ff42f2-2811-4066-93c2-15ef39ac6b25,9,2,11,1809398.5,0.2575669586658478,5026283.369003375,0.7353009495358792,0.008366958665847773,11,0.010415558127538693,1879701,0.256,5170758,0.733393102491625
e6ff42f2-2811-4066-93c2-15ef39ac6b25,9,3,12,1856817.75,0.25853514671325684,5103577.561359655,0.7332309923590696,0.009335146713256831,12,0.0022198744482415655,1953584,0.257,5293738,0.7304405682540392
e70c0f06-83a8-4cb0-bf13-f41523081695,9,1,10,2011907.25,0.4686412215232849,2061869.8587949425,0.5061322217024439,0.24624122152328493,0,0.0642949534323139,1979977,0.4661,2054629,0.5092514609852858
e70c0f06-83a8-4cb0-bf13-f41523081695,9,2,11,2049290.25,0.43832775950431824,2309124.509343326,0.5298083447412053,0.21592775950431825,0,0.0581532667738478,1897359,0.4219,2284617,0.5463008396030967
e70c0f06-83a8-4cb0-bf13-f41523081695,9,3,12,2070223.875,0.4026024341583252,2616212.0647793743,0.5582519634105014,0.1802024341583252,0,0.07481287606538084,1995080,0.3818,2645701,0.5700982226913961
e717e799-3065-4511-8b8b-350210cd01ea,9,1,10,1013043.4375,0.8624731302261353,161138.78068647534,0.13723490118540052,0.5930731302261353,0,0.02314448702239702,1156559,0.8783,160105,0.1215989804536313
e717e799-3065-4511-8b8b-350210cd01ea,9,2,11,1013043.4375,0.8616199493408203,162483.39483575244,0.13822176607649236,0.5922199493408203,0,0.01567304424789827,1149283,0.8731,166139,0.1263009133190717
e717e799-3065-4511-8b8b-350210cd01ea,9,3,12,1013043.4375,0.8616339564323425,162652.9968979191,0.1383460833418404,0.5922339564323426,0,0.002005767959360305,1170258,0.8739,168585,0.1259184235941032
e76eaaa8-2b5f-4c44-9a62-145ce939d4d7,9,1,10,2147094.25,0.17130891978740692,9079583.031709854,0.8087506930035321,0.006708919787406925,10,0.007746814128560486,2127815,0.1681,9099132,0.8104725175953891
e76eaaa8-2b5f-4c44-9a62-145ce939d4d7,9,2,11,2236605.5,0.17143785953521729,9376165.391736543,0.8074012205311368,0.006837859535217289,11,-0.004978142928365625,2356127,0.1674,9537235,0.8018956288390112
e76eaaa8-2b5f-4c44-9a62-145ce939d4d7,9,3,12,2306737.5,0.17125844955444336,9682107.05620262,0.8075930095526535,0.006658449554443363,12,-0.0011956566252204759,2217894,0.167,9792248,0.8153315755966916
e87a2363-e7be-4d28-a21a-a6a1c04697b5,9,1,10,2613749.25,0.2653146982192993,6248547.164546102,0.705070883692185,0.0031146982192993278,10,0.019460039988749234,2563544,0.2667,6199940,0.7074743332674539
e87a2363-e7be-4d28-a21a-a6a1c04697b5,9,2,11,2655064.75,0.26527369022369385,6541717.92565481,0.7113050461626832,0.003073690223693859,11,0.014338148106093906,2623804,0.272,6423566,0.7099926276918044
e87a2363-e7be-4d28-a21a-a6a1c04697b5,9,3,12,2665391.75,0.2652254104614258,6765150.232765898,0.7173660055942762,0.0030254104614257926,12,0.021611615054609623,2600208,0.2645,6636912,0.7185044689253793
e88c51fc-64d6-4253-8915-00445a80dc73,9,1,10,3937563.5,0.1095532551407814,19402304.30944581,0.8312945243671671,0.0067532551407814,10,0.017993780726121678,3550483,0.1043,19169162,0.8437262994206115
e88c51fc-64d6-4253-8915-00445a80dc73,9,2,11,4238518.5,0.10803636163473129,21086754.327061918,0.832636807945033,0.00523636163473129,11,0.0189798018740992,3673827,0.104,20466363,0.8478128382585224
e88c51fc-64d6-4253-8915-00445a80dc73,9,3,12,4265914.5,0.10823163390159607,22608708.056142945,0.8412660683480034,0.005431633901596067,12,0.016877003487004383,3682308,0.1038,21642893,0.8545990612275891
e907386a-ff11-40ed-b87c-252863c54014,9,1,10,1995997.125,0.9300718307495117,151086.7412954569,0.07036834641962052,0.7800718307495117,0,-0.00992876066392838,2011658,0.9265,159854,0.0736141453512575
e907386a-ff11-40ed-b87c-252863c54014,9,2,11,2006879.875,0.9333029985427856,143929.902551678,0.06691893632523706,0.7833029985427856,0,-0.011878580604128136,2153439,0.928,166619,0.071816739064282
e907386a-ff11-40ed-b87c-252863c54014,9,3,12,2013844.75,0.937109112739563,135704.36240705615,0.06313154773890929,0.787109112739563,0,-0.013177476875783412,2078584,0.9372,140923,0.0634929288350971
e9fa7393-d5c3-4097-8ad0-c0492da9440a,9,1,10,2232297.25,0.37607091665267944,3122541.2275946885,0.5831251942817305,0.15967091665267943,0,0.0990545961860469,2331093,0.3814,3156797,0.5752296419935531
e9fa7393-d5c3-4097-8ad0-c0492da9440a,9,2,11,2176012.5,0.3465273678302765,3462459.851064001,0.6140776500235249,0.13012736783027648,0,0.08877367047749374,2064600,0.3217,3541476,0.6317210112741961
e9fa7393-d5c3-4097-8ad0-c0492da9440a,9,3,12,2155382.75,0.3096969425678253,3878013.923687201,0.6427579908014275,0.09329694256782531,0,0.09084883508381458,2101691,0.3174,3851981,0.6469924779195092
ea0a9174-8a21-4f26-9d8f-2c0fe9d92c24,9,1,10,1230991.625,0.8733766078948975,178323.16912427545,0.12653182232084811,0.6696766078948975,0,-0.004813725795984991,1190856,0.8642,185741,0.1349276513024509
ea0a9174-8a21-4f26-9d8f-2c0fe9d92c24,9,2,11,1234570.25,0.8747335076332092,176988.20270182006,0.12538496182219905,0.6710335076332092,0,-0.004644571333813047,1313101,0.867,199331,0.1317950162387466
ea0a9174-8a21-4f26-9d8f-2c0fe9d92c24,9,3,12,1242378.25,0.8785208463668823,172423.43536945758,0.12187109836841294,0.6748208463668823,0,-0.004815336557098773,1157880,0.8825,159446,0.121037617112241
ea8e5db1-3c71-4d5e-abf3-a7d6656f28e7,9,1,10,2337109.0,0.11847975850105286,12293601.06960234,0.8402600428221375,0.0033797585010528625,10,0.01934773965940917,2804932,0.1154,12750741,0.8196843042406459
ea8e5db1-3c71-4d5e-abf3-a7d6656f28e7,9,2,11,2379252.25,0.1188410222530365,12929116.431731937,0.8445783283989461,0.003741022253036505,11,0.033320750181785375,2809134,0.1152,13768933,0.830551173426914
ea8e5db1-3c71-4d5e-abf3-a7d6656f28e7,9,3,12,2369732.0,0.11890434473752975,13479748.883718066,0.8504851977559473,0.0038043447375297607,12,0.017973884005504925,2650323,0.1152,14528141,0.8457182784211673
eac4b7dc-8bd8-4f21-b67e-33d77f08a9ab,9,1,10,1595539.875,0.1104670912027359,8912133.142961117,0.8481547843873053,0.010267091202735903,10,0.02220595668166181,1521247,0.1003,9944598,0.8673236032756417
eac4b7dc-8bd8-4f21-b67e-33d77f08a9ab,9,2,11,1639163.375,0.11119343340396881,9378061.63126568,0.851218126699983,0.010993433403968814,11,0.008560917285503011,1658872,0.1002,10440632,0.8628975204272836
eac4b7dc-8bd8-4f21-b67e-33d77f08a9ab,9,3,12,1686274.125,0.11068032681941986,9839731.458722401,0.853698307470765,0.010480326819419863,12,0.007710995646890151,1634557,0.1046,10811940,0.8686733303354349
eb15ed33-4ce4-436b-ad84-bf225ef80831,9,1,10,2345659.0,0.16545118391513824,10659451.677792907,0.8196355987953744,0.004751183915138235,10,0.038349086273644195,2153409,0.1622,10540168,0.8303544383115965
eb15ed33-4ce4-436b-ad84-bf225ef80831,9,2,11,2427462.25,0.1655159741640091,10920820.620233726,0.8181442307150106,0.004815974164009085,11,0.03296924181565164,2113438,0.1739,10453734,0.8318286723536529
eb15ed33-4ce4-436b-ad84-bf225ef80831,9,3,12,2444406.25,0.16668276488780975,11137473.90215032,0.8200244573934784,0.005982764887809744,12,-0.005227000837510265,2240306,0.1705,10529926,0.8245681049490722
ebc7fdbc-686d-40f3-80b6-f111fa7b6022,9,1,10,1494463.125,0.3733343482017517,1985070.6902306154,0.570499036836936,0.1727343482017517,0,0.13110308382230595,1488501,0.3743,1978354,0.5706480369095333
ebc7fdbc-686d-40f3-80b6-f111fa7b6022,9,2,11,1512793.875,0.3452374041080475,2290270.8828088734,0.6022171665907702,0.14463740410804748,0,0.11462977150658721,1439202,0.3447,2239389,0.6087627028935807
ebc7fdbc-686d-40f3-80b6-f111fa7b6022,9,3,12,1541085.375,0.304266095161438,2665604.450073028,0.6336584252504885,0.10366609516143799,0,0.10113509723111769,1424519,0.3318,2448153,0.6321612054932615
ec03fc49-58c6-4e87-aa7a-7235cd02188b,9,1,10,480925.375,0.9013590216636658,52255.78575088829,0.09800756215260036,0.6911590216636658,0,0.005506538308636261,475955,0.898,53523,0.1010863529740612
ec03fc49-58c6-4e87-aa7a-7235cd02188b,9,2,11,482414.4375,0.9014991521835327,52665.47029243235,0.09842543053001775,0.6912991521835328,0,-0.007645870911335548,418519,0.9246,35583,0.0783590470863374
ec03fc49-58c6-4e87-aa7a-7235cd02188b,9,3,12,482861.9375,0.9031699299812317,51855.1563935107,0.09697680696147276,0.6929699299812317,0,-0.0032442326429956425,430183,0.9452,25543,0.0560490294606847
ec38c0d7-03be-4846-965c-b1accf9cdf54,9,1,10,1330235.625,0.8830259442329407,176452.27793388814,0.11711269307352412,0.6374259442329406,0,-0.004283853384190572,1505763,0.878,205488,0.1200805726337048
ec38c0d7-03be-4846-965c-b1accf9cdf54,9,2,11,1315367.5,0.8832194209098816,174215.57756521134,0.11695593229346718,0.6376194209098816,0,-0.0020511409749166265,1475881,0.8964,174174,0.1055564814506183
ec38c0d7-03be-4846-965c-b1accf9cdf54,9,3,12,1298585.125,0.8829286694526672,172422.73788035568,0.11721401511936015,0.6373286694526672,0,-0.0006180722719889425,1476416,0.8992,166355,0.1012648750190988
ecb1d873-0b8d-4e32-8a2b-2d94f196a161,9,1,10,1074874.5,0.8700346350669861,160587.08940902352,0.12998145048429996,0.578234635066986,0,-0.0017830175318348518,1082963,0.889,138022,0.1130415197565899
ecb1d873-0b8d-4e32-8a2b-2d94f196a161,9,2,11,1090726.625,0.8688855171203613,164065.3505849389,0.1307510358507493,0.5770855171203613,0,-0.008641694338240219,1079187,0.8794,146751,0.1197050748080245
ecb1d873-0b8d-4e32-8a2b-2d94f196a161,9,3,12,1096619.5,0.8700346350669861,163845.36667179363,0.12998804727054447,0.578234635066986,0,-0.0008360206466311304,1084424,0.8683,162137,0.1300674415451791
ecb819ed-3a21-4392-b9ed-822c73dd7926,9,1,10,1814858.25,0.4192250669002533,2296693.783709474,0.5585953345304934,0.2599250669002533,0,0.03535057636097727,1794999,0.4215,2276391,0.5591188758630344
ecb819ed-3a21-4392-b9ed-822c73dd7926,9,2,11,1807163.5,0.3730531632900238,2572900.3423308497,0.5874116074439868,0.2137531632900238,0,0.08455787819241467,1890651,0.3772,2595103,0.5785210245590819
ecb819ed-3a21-4392-b9ed-822c73dd7926,9,3,12,1806562.125,0.3398968279361725,2890897.0666195704,0.6154171752629657,0.1805968279361725,0,0.07251119244372906,2040118,0.3584,2974165,0.5931386401605174
ed2946e6-a70c-4cad-9cdc-9393d4c86d65,9,1,10,484876.5,0.9586191773414612,20851.77584722638,0.04123118449782986,0.7405191773414612,0,-0.01023372918930604,466577,0.9529,22877,0.0467398366342904
ed2946e6-a70c-4cad-9cdc-9393d4c86d65,9,2,11,485712.53125,0.957767128944397,21393.665063008084,0.042187741381497494,0.739667128944397,0,-0.010231526811606308,448512,0.9391,28727,0.0601941584824375
ed2946e6-a70c-4cad-9cdc-9393d4c86d65,9,3,12,486036.46875,0.9556310176849365,22514.158633279672,0.04427122378970425,0.7375310176849366,0,0.002681350704078052,470967,0.9348,32574,0.0646898663663932
ed360f8f-0d09-4427-8cc0-957962db7f01,9,1,10,1931476.875,0.2913765609264374,3614130.387489762,0.6517104829863408,0.11697656092643738,0,0.08453980842898567,1739870,0.2595,3634744,0.6762800082015192
ed360f8f-0d09-4427-8cc0-957962db7f01,9,2,11,1947793.375,0.2881961166858673,3958998.9328373643,0.6702451561712114,0.11379611668586731,0,0.06826891161456439,1893628,0.2311,4250783,0.6918129337376683
ed360f8f-0d09-4427-8cc0-957962db7f01,9,3,12,1951880.75,0.2899376451969147,4197093.146553213,0.6825680539814748,0.11553764519691467,0,0.06209707159166944,1810914,0.2062,4812069,0.7265712444075426
ed3d8322-7f25-4bb2-93da-1f63d32e9ceb,9,1,10,1251835.625,0.5920835733413696,825361.2201589197,0.3973437674347007,0.3406835733413696,0,0.03200200883794968,1406649,0.5694,2178172,0.607609696551097
ed3d8322-7f25-4bb2-93da-1f63d32e9ceb,9,2,11,1239472.375,0.5660403370857239,896054.4909292376,0.4195941082386407,0.31464033708572386,0,0.05810541861157731,1326079,0.5589,1545629,0.5382263795622675
ed3d8322-7f25-4bb2-93da-1f63d32e9ceb,9,3,12,1222305.5,0.5349437594413757,985156.5335313526,0.4462847009673656,0.2835437594413757,0,0.0763564979832872,1300409,0.5433,1299687,0.4998611589725917
eda4fd09-a930-4889-a5b0-5c220c3c0729,9,1,10,775874.3125,0.5371901988983154,752195.1953528076,0.4922519502465351,0.4026901988983154,0,0.07448422466336302,750638,0.5421,732623,0.4939272319571539
eda4fd09-a930-4889-a5b0-5c220c3c0729,9,2,11,811371.0,0.4945859909057617,790248.2592774875,0.49340581708163234,0.3600859909057617,0,-0.13185891781464765,814824,0.5045,766813,0.4848223707462584
eda4fd09-a930-4889-a5b0-5c220c3c0729,9,3,12,821625.75,0.455386221408844,877848.7948054885,0.5165413024211915,0.320886221408844,0,-0.011971726773163827,711029,0.4939,1477842,0.6751617614742943
ee02d51f-b13b-448f-87d5-e0b7d8010e3c,9,1,10,651457.0625,0.9192644953727722,57077.261810261756,0.08055680558006116,0.6888644953727723,0,0.02377103397471396,640618,0.907,64759,0.0918076432886243
ee02d51f-b13b-448f-87d5-e0b7d8010e3c,9,2,11,651457.0625,0.9171954989433289,58669.83120603685,0.08261879915552632,0.6867954989433289,0,0.01258692253679182,615287,0.8955,71047,0.1035166551562358
ee02d51f-b13b-448f-87d5-e0b7d8010e3c,9,3,12,651457.0625,0.9149311780929565,60409.658252080786,0.08486091074500368,0.6845311780929566,0,0.005627310868331181,637220,0.9005,70452,0.0995545959144914
ee38cdba-fe42-47e7-8bf8-f0924105fd65,9,1,10,1863478.125,0.4901285469532013,1793205.7271846496,0.4903912396236597,0.2753285469532013,0,0.05708359690516074,1890135,0.5066,1748348,0.4805156434700945
ee38cdba-fe42-47e7-8bf8-f0924105fd65,9,2,11,1857123.25,0.46008941531181335,1970851.2523759946,0.5148548536968316,0.24528941531181336,0,0.06147255220248227,1963755,0.4834,1917627,0.4940577866337299
ee38cdba-fe42-47e7-8bf8-f0924105fd65,9,3,12,1860534.25,0.42980340123176575,2184642.982024715,0.5400611287756223,0.21500340123176576,0,0.0701692026284566,1969462,0.4786,2026846,0.5071796267955323
efce2f60-78ba-4ab1-ab90-248d48a8770b,9,1,10,1792288.375,0.9707165360450745,54210.8186436072,0.029358701498610255,0.6803165360450745,0,-0.025703251534938343,1768935,0.9515,88693,0.0477452966901877
efce2f60-78ba-4ab1-ab90-248d48a8770b,9,2,11,1785456.5,0.9704597592353821,54344.215519531164,0.02953809891534106,0.6800597592353821,0,-0.001959616839079144,1893398,0.9393,120397,0.0597861252014231
efce2f60-78ba-4ab1-ab90-248d48a8770b,9,3,12,1782935.5,0.9684857726097107,57900.45073444862,0.03145334635133987,0.6780857726097107,0,-0.0003646711036396355,1950780,0.9601,82592,0.0406182439809341
efff1e5b-c70d-4185-8c58-facc6c8f14ae,9,1,10,1138518.0,0.9276262521743774,89057.77841687202,0.07254768298843782,0.6676262521743774,0,-0.004685094839582973,1253136,0.9267,98663,0.0729864425110538
efff1e5b-c70d-4185-8c58-facc6c8f14ae,9,2,11,1155630.75,0.928743839263916,88691.72584723239,0.07127712274653249,0.668743839263916,0,-0.002751591470046416,1191453,0.931,88999,0.0695059244704213
efff1e5b-c70d-4185-8c58-facc6c8f14ae,9,3,12,1161653.625,0.9279825091362,90046.73488123552,0.07193952943320986,0.6679825091361999,0,-0.003279199055695445,1119240,0.9451,66370,0.0559796223041303
f020b600-b332-4043-990a-e0d6efe58c0c,9,1,10,2265216.0,0.1937546730041504,7586221.892699242,0.770062398537911,0.00525467300415039,10,0.02366457666624544,2161180,0.191,7527558,0.7769389573750471
f020b600-b332-4043-990a-e0d6efe58c0c,9,2,11,2311150.0,0.19351844489574432,7982047.875469235,0.7754682239707122,0.005018444895744323,11,0.008107287776478733,2205149,0.1892,7891698,0.781600236192546
f020b600-b332-4043-990a-e0d6efe58c0c,9,3,12,2355575.25,0.1934150755405426,8338170.967746941,0.7797240366438868,0.004915075540542602,12,0.01356391756051989,2399854,0.196,8274567,0.775177126703172
f02740a0-4363-47f9-91c3-ab2fe5c4defa,9,1,10,2389683.0,0.8848047852516174,310510.42928248644,0.11499562435606599,0.7517047852516174,0,-4.2641021465214535e-05,2550376,0.8893,316226,0.1103138838248211
f02740a0-4363-47f9-91c3-ab2fe5c4defa,9,2,11,2342503.75,0.8833365440368652,309509.8028742946,0.11670747403943049,0.7502365440368652,0,0.0053672424292571935,2455472,0.8779,338403,0.121123171222764
f02740a0-4363-47f9-91c3-ab2fe5c4defa,9,3,12,2312617.0,0.8816020488739014,310454.44105314417,0.1183553128573955,0.7485020488739014,0,0.006379799903572403,2666173,0.8836,349707,0.1159552104195127
f06375de-baac-4315-a57a-53d96495627e,9,1,10,2666380.0,0.28559410572052,6562489.680497646,0.7110827119344239,0.004094105720520047,10,0.023634035155598476,2905717,0.2823,6764455,0.6995175473611017
f06375de-baac-4315-a57a-53d96495627e,9,2,11,2694787.0,0.286281019449234,6607094.075081159,0.7102965541863276,0.004781019449234036,11,0.007453982500467582,3116010,0.2865,7049880,0.6934837972868091
f06375de-baac-4315-a57a-53d96495627e,9,3,12,2695052.0,0.286281019449234,6639118.213641234,0.7112703177341494,0.004781019449234036,12,0.0004421808652032011,3295653,0.2846,7401157,0.6919031935689238
f11acbe3-c86f-4ffb-9717-869a0d1d1d26,9,1,10,557386.875,0.8724903464317322,82098.8596463725,0.12838262872552134,0.6590903464317321,0,-0.015558723867824864,545848,0.8655,85016,0.1347612163635902
f11acbe3-c86f-4ffb-9717-869a0d1d1d26,9,2,11,555892.125,0.8752051591873169,79617.98336887104,0.12528200939749354,0.6618051591873169,0,-0.022647742760384754,539538,0.854,91214,0.1446115113388463
f11acbe3-c86f-4ffb-9717-869a0d1d1d26,9,3,12,557115.9375,0.8794372081756592,76766.41914920998,0.12110515199540797,0.6660372081756591,0,-0.012679405315193931,542700,0.8477,96568,0.1510602751897482
f202f772-bf5a-47df-8d56-049c09e57f80,9,1,10,1452513.25,0.8638695478439331,229095.33327057958,0.13623582535777112,0.5739695478439331,0,0.007821880538192216,1382124,0.8777,197197,0.124861886848842
f202f772-bf5a-47df-8d56-049c09e57f80,9,2,11,1453211.125,0.8696185946464539,219341.4802646651,0.1311417527761146,0.5797185946464538,0,-0.002583526043043405,1415975,0.8816,191010,0.1188623415899961
f202f772-bf5a-47df-8d56-049c09e57f80,9,3,12,1452667.75,0.8713303804397583,215136.79155936697,0.12899400751014742,0.5814303804397583,0,-0.008053659407340374,1327758,0.8724,193840,0.1273923861624424
f22246bc-502b-46fd-bf27-e59221e6255e,9,1,10,1250118.125,0.49114376306533813,1185672.242170088,0.48677105310487256,0.29604376306533814,0,0.06495536116129169,1329770,0.4637,1292288,0.4928525608510566
f22246bc-502b-46fd-bf27-e59221e6255e,9,2,11,1276431.375,0.4523940086364746,1348262.6921201479,0.5136837504263806,0.2572940086364746,0,0.060278262793853676,1314789,0.4296,1487064,0.5307430475474624
f22246bc-502b-46fd-bf27-e59221e6255e,9,3,12,1294162.875,0.4204942584037781,1531300.7878867786,0.5419644244591867,0.22539425840377808,0,0.07387737224320057,1356103,0.3473,2288465,0.6279111817916417
f3274703-d933-4158-9aaf-c68a23de4fc5,9,1,10,3633648.25,0.18530966341495514,12394716.092974525,0.7732988736562703,0.005309663414955146,10,0.014144311960152978,3389045,0.1856,12190611,0.7824698440068253
f3274703-d933-4158-9aaf-c68a23de4fc5,9,2,11,3772354.75,0.18526685237884521,13171848.51571083,0.7773660590088687,0.0052668523788452215,11,-0.00017973855793096405,3501708,0.1853,12785229,0.784998984155216
f3274703-d933-4158-9aaf-c68a23de4fc5,9,3,12,3999799.0,0.18526685237884521,13990310.430316068,0.777666777653963,0.0052668523788452215,12,0.014315364197460267,3832730,0.1803,13626726,0.7804782691969326
f37a4e3d-5ab5-4466-ba37-4f2c65b016d5,9,1,10,1087605.25,0.9271523356437683,85865.99727459252,0.07317264694300589,0.7328523356437683,0,-0.00016068639032741638,1110527,0.9347,78409,0.0659488820256094
f37a4e3d-5ab5-4466-ba37-4f2c65b016d5,9,2,11,1080847.875,0.9264976978302002,85756.15558562428,0.07350922278450854,0.7321976978302002,0,-0.014461099625554155,1043634,0.9597,45266,0.0415703921388557
f37a4e3d-5ab5-4466-ba37-4f2c65b016d5,9,3,12,1082672.375,0.9286061525344849,83418.60828698613,0.07153696365256605,0.7343061525344848,0,-0.004482656036549654,1127847,0.9528,55386,0.0468090393016421
f3ce98c4-a497-4ec3-ad9e-8e0206350f8b,9,1,10,1282895.75,0.8761821389198303,182042.5602093488,0.12426636599006943,0.6417821389198304,0,-0.005030083957760667,1349427,0.8667,204804,0.1317719180739542
f3ce98c4-a497-4ec3-ad9e-8e0206350f8b,9,2,11,1283555.0,0.8772965669631958,179833.85208805138,0.12288863061342419,0.6428965669631959,0,-0.007808825918296805,1420871,0.8775,199194,0.1229543259066765
f3ce98c4-a497-4ec3-ad9e-8e0206350f8b,9,3,12,1282967.875,0.8777738213539124,178792.6652188697,0.12231323824906302,0.6433738213539124,0,-0.004981441504757864,1273619,0.8828,172560,0.119321328825823
f439d0b2-e926-424b-b5ce-febb2419a150,9,1,10,1753489.75,0.2356598675251007,4975534.577151187,0.7394139677984548,0.003959867525100719,10,6.332102432249354e-05,1708062,0.2367,4934112,0.7428459417052309
f439d0b2-e926-424b-b5ce-febb2419a150,9,2,11,1803163.0,0.2358146458864212,5180181.408424138,0.7417909106953381,0.004114645886421214,11,0.005081757456719349,1688628,0.2341,5072360,0.7502394620431215
f439d0b2-e926-424b-b5ce-febb2419a150,9,3,12,1836056.25,0.23548901081085205,5363990.792627988,0.7449938536332331,0.0037890108108520615,12,0.006197102846956404,1635981,0.2441,6708341,0.8039408114883391
f4683012-67d6-4678-9a55-b3d8073e8e84,9,1,10,1025383.875,0.28911080956459045,1838065.04947998,0.6419060014537483,0.01941080956459046,3,0.11576726464113751,878423,0.2857,1741986,0.6647763765122162
f4683012-67d6-4678-9a55-b3d8073e8e84,9,2,11,1057999.25,0.2787511646747589,2088783.0030269457,0.6637837750030872,0.009051164674758916,4,0.08284755210759076,876225,0.2697,1912079,0.6857498321560347
f4683012-67d6-4678-9a55-b3d8073e8e84,9,3,12,1085527.375,0.27522584795951843,2300658.11254778,0.6794247158072486,0.005525847959518437,5,0.06695535493834559,848353,0.2697,2015943,0.7038179713269858
f4716e3b-66f5-46ee-839a-ee2c1a9659be,9,1,10,1627018.125,0.9016870856285095,176529.20664084703,0.09787888764762427,0.7362870856285095,0,0.015201195548277965,1617880,0.913,155469,0.0876697141961339
f4716e3b-66f5-46ee-839a-ee2c1a9659be,9,2,11,1627018.125,0.9017770886421204,177149.66968549928,0.09818913196839313,0.7363770886421204,0,0.009608757827081135,1648064,0.9247,135821,0.0761377555167513
f4716e3b-66f5-46ee-839a-ee2c1a9659be,9,3,12,1627246.625,0.9017770886421204,177233.05730738025,0.09821837233476252,0.7363770886421204,0,0.004080785040798618,1590373,0.92,138132,0.0799141454609619
f4bd9362-9450-4286-9c11-e428f9a0076a,9,1,10,1720203.75,0.3039690852165222,3625625.557130322,0.678215735825015,0.10816908521652221,0,0.09913702620866593,1629293,0.2534,3820983,0.7010622948269042
f4bd9362-9450-4286-9c11-e428f9a0076a,9,2,11,1747743.75,0.30194899439811707,3750885.848312614,0.6821492121352678,0.10614899439811706,0,0.07367712339416443,1820378,0.2496,4233140,0.6992859358805904
f4bd9362-9450-4286-9c11-e428f9a0076a,9,3,12,1751492.375,0.2844662368297577,3937137.396512867,0.6921064570292473,0.08866623682975769,0,0.021044969871234054,1741667,0.2329,4582997,0.7246229997356382
f59d3991-c374-454f-b665-5290c9c9a894,9,1,10,3592489.0,0.23517806828022003,10855295.115586996,0.7513467137064817,0.005478068280220044,10,0.010458528334765682,3898207,0.2386,11038970,0.7390265242220803
f59d3991-c374-454f-b665-5290c9c9a894,9,2,11,3567315.25,0.23517806828022003,11030728.720249968,0.7556305997385678,0.005478068280220044,11,0.00871397086764436,4046326,0.2309,11601636,0.7414151440296187
f59d3991-c374-454f-b665-5290c9c9a894,9,3,12,3511362.75,0.23517806828022003,11122110.489522316,0.7600458419866819,0.005478068280220044,12,0.0021233364190230697,4153070,0.2302,12128732,0.7449256538066241
f5aba4a4-5af0-416e-963d-06e81053f18c,9,1,10,1390868.875,0.18872776627540588,5017929.594958354,0.7829750956408155,0.002627766275405896,10,0.028453261451884537,1318457,0.187,4969729,0.7903279260505335
f5aba4a4-5af0-416e-963d-06e81053f18c,9,2,11,1424506.75,0.18935364484786987,5222537.541340101,0.7856932062486969,0.0032536448478698854,11,0.024242066144825603,1520393,0.1932,5236188,0.7749759826752614
f5aba4a4-5af0-416e-963d-06e81053f18c,9,3,12,1441139.5,0.1901247650384903,5396747.009562932,0.7892419685549716,0.004024765038490308,12,0.01645378954127774,1489810,0.1902,5446902,0.7852282176339453
f5e538cd-fbd9-4696-bfa1-0d795dc2337e,9,1,10,1584767.625,0.35592859983444214,2654462.1016161516,0.6261661369635193,0.19582859983444215,0,0.22900662781280323,1637043,0.3556,2689519,0.62162959874376
f5e538cd-fbd9-4696-bfa1-0d795dc2337e,9,2,11,1603138.0,0.3157169222831726,2913403.7012213776,0.6450518768449599,0.15561692228317262,0,0.03008281100785426,1708204,0.3113,3028524,0.6393704683908386
f5e538cd-fbd9-4696-bfa1-0d795dc2337e,9,3,12,1623093.0,0.29832395911216736,3183151.044813729,0.662294926169754,0.13822395911216737,0,0.03981018576508433,1461580,0.3008,3139633,0.6823489805840329
f648bb0a-4bf3-4df0-a456-64a0a4fa7f9d,9,1,10,1284901.75,0.4680884778499603,1268170.0203441903,0.4967232159608357,0.3557884778499603,0,0.10742088002017297,1442351,0.5339,1184604,0.4509418699597062
f648bb0a-4bf3-4df0-a456-64a0a4fa7f9d,9,2,11,1309156.5,0.433099627494812,1461087.3644506214,0.5274219295998245,0.320799627494812,0,0.0879721368058568,1319470,0.5187,1205334,0.4773970573557393
f648bb0a-4bf3-4df0-a456-64a0a4fa7f9d,9,3,12,1322252.375,0.39926260709762573,1672056.25863914,0.5584114609478324,0.2869626070976257,0,0.09232552570030433,1355870,0.4641,1372497,0.5030470607509914
f68aebae-c81c-4ad1-b7e0-70a2702c0456,9,1,10,1948563.625,0.28442320227622986,3855773.6762127914,0.6642918004450127,0.05632320227622986,0,0.1108388147516336,1982722,0.2588,4019276,0.6696563377728549
f68aebae-c81c-4ad1-b7e0-70a2702c0456,9,2,11,1960280.375,0.2810189127922058,4181632.8650002684,0.6808355477519064,0.05291891279220581,0,0.07781566761912317,2262663,0.2281,4849029,0.6818390054012463
f68aebae-c81c-4ad1-b7e0-70a2702c0456,9,3,12,2002968.0,0.27830401062965393,4463401.6401270665,0.6902484529231705,0.05020401062965393,0,0.050794284270475054,2351932,0.2281,5558422,0.7026767702178689
f68fbfd2-e579-4efa-b979-54400edcaf96,9,1,10,894802.375,0.9693915247917175,28173.79674296826,0.030524944852871175,0.8552915247917176,0,-0.012397599207091825,923840,0.9719,26692,0.0280811166799224
f68fbfd2-e579-4efa-b979-54400edcaf96,9,2,11,895040.875,0.9689904451370239,28628.476013718056,0.030994290307780142,0.854890445137024,0,0.016898227938230443,924987,0.9525,45213,0.0466017316017316
f68fbfd2-e579-4efa-b979-54400edcaf96,9,3,12,894112.375,0.9673812985420227,30098.608342296327,0.03256681524541981,0.8532812985420227,0,0.004808843551951009,975463,0.9599,40885,0.0402273630685552
f6c40b37-c448-4d95-83b8-f8a98597c4dd,9,1,10,1875717.0,0.2503562867641449,5701553.945102245,0.7524548068044979,0.004656286764144896,10,-0.014604326600239137,1874597,0.2486,5714394,0.752984685315874
f6c40b37-c448-4d95-83b8-f8a98597c4dd,9,2,11,1866490.625,0.2530386447906494,5653036.82836834,0.751780861686473,0.007338644790649412,11,-0.012032900792108725,1856977,0.2466,5704455,0.7544146399782475
f6c40b37-c448-4d95-83b8-f8a98597c4dd,9,3,12,1873209.5,0.251488596200943,5633481.204584485,0.7504613452561735,0.005788596200942991,12,-0.001528716345674086,1854379,0.2485,5680598,0.7538971917233457
f6c47977-46e5-4e25-ad57-1de2ad0c417e,9,1,10,2354920.25,0.42764705419540405,2967650.1670850664,0.5575595876682296,0.2690470541954041,0,0.026847860257727563,2466310,0.4079,3135985,0.5597679165413461
f6c47977-46e5-4e25-ad57-1de2ad0c417e,9,2,11,2365304.0,0.3973819315433502,3213734.539336644,0.5760373434736592,0.23878193154335023,0,0.049585377062535074,2282424,0.3944,3281573,0.5897869822719171
f6c47977-46e5-4e25-ad57-1de2ad0c417e,9,3,12,2363522.25,0.3669356107711792,3530762.662913697,0.5990145904176101,0.2083356107711792,0,0.049838099008971404,2596151,0.384,3620682,0.5823997524141311
f76ef5ad-7dec-4c05-baae-5dd2d1c8daeb,9,1,10,516771.9375,0.8876011371612549,65839.53766353428,0.11300762252417644,0.7419011371612549,0,-0.006605936411293159,480590,0.8897,60621,0.1120099184975915
f76ef5ad-7dec-4c05-baae-5dd2d1c8daeb,9,2,11,516771.9375,0.8881860375404358,65144.097612446756,0.11194758982687014,0.7424860375404359,0,-0.005061074256535458,497161,0.8967,57597,0.1038236492308357
f76ef5ad-7dec-4c05-baae-5dd2d1c8daeb,9,3,12,516771.9375,0.8880265951156616,65159.11980833486,0.11197051435907543,0.7423265951156617,0,-0.004202241997213474,515002,0.902,56105,0.0982390340163927
f81565c6-94cb-49f6-b70f-c10170a1cd95,9,1,10,846503.0,0.35086122155189514,1252521.7118197381,0.5967160390093127,0.10896122155189514,0,0.09951104508200048,791158,0.3687,1183108,0.5992647394018841
f81565c6-94cb-49f6-b70f-c10170a1cd95,9,2,11,846312.3125,0.31282660365104675,1442262.9048645361,0.6302012247276751,0.07092660365104675,0,0.08126105000544581,760824,0.328,1306283,0.631937775838406
f81565c6-94cb-49f6-b70f-c10170a1cd95,9,3,12,852267.625,0.29536357522010803,1616809.789112058,0.6548234493868647,0.05346357522010803,0,0.09073341248957079,766944,0.2731,1506937,0.6627158589213772
f821b8a4-12cd-4956-9d6d-be8de24469ae,9,1,10,1174413.875,0.31499701738357544,1870802.6551595703,0.6143414225659479,0.04659701738357541,1,0.10741105802724382,974304,0.2851,1809474,0.650006573800066
f821b8a4-12cd-4956-9d6d-be8de24469ae,9,2,11,1192106.0,0.2871798276901245,2183303.0753402538,0.6468262147218907,0.018779827690124484,2,0.07571414556076439,1030753,0.2684,2077910,0.6684256222047871
f821b8a4-12cd-4956-9d6d-be8de24469ae,9,3,12,1220301.375,0.2792001962661743,2453317.4197928305,0.667820358299093,0.010800196266174289,3,0.09165293928668194,1013005,0.2711,2252914,0.6898254365769635
f83fe174-849a-4dee-bf37-225248218009,9,1,10,4249858.0,0.233297199010849,14754515.339651734,0.7763747362754198,0.002197199010848999,10,0.030033261814937595,3648090,0.2311,14334099,0.7971275910847117
f83fe174-849a-4dee-bf37-225248218009,9,2,11,4397002.5,0.2353130578994751,14644915.613386935,0.7690882570853615,0.004213057899475098,11,0.02472100958716883,3876040,0.2311,18210139,0.8245038220508853
f83fe174-849a-4dee-bf37-225248218009,9,3,12,4274568.0,0.23486627638339996,14475934.946013995,0.7720291550414815,0.0037662763833999635,12,-0.01838648296633172,3706852,0.2311,16851406,0.8196903648159295
f95f2c06-767d-4185-ac6d-508ad63767c3,9,1,10,1161030.125,0.27759045362472534,3218929.1624597088,0.7349221650703117,0.006390453624725345,10,-0.03190344479414298,1178858,0.2738,3248888,0.7337566337364428
f95f2c06-767d-4185-ac6d-508ad63767c3,9,2,11,1178979.5,0.2780998647212982,3174850.8583730385,0.729208673063558,0.006899864721298221,11,-0.022981742324992838,1187614,0.2737,3222107,0.7306827348034036
f95f2c06-767d-4185-ac6d-508ad63767c3,9,3,12,1188255.875,0.2778659760951996,3150747.8220968014,0.7261454568948503,0.006665976095199588,12,-0.01779208726157644,1094061,0.2771,3120364,0.740400885055494
f9d45105-4363-402b-a548-5175385dbf01,9,1,10,1063853.25,0.9893300533294678,11361.607291042805,0.010566825052685639,0.8182300533294677,0,0.010566825052685639,985862,0.9699,29669,0.0292152578306324
f9d45105-4363-402b-a548-5175385dbf01,9,2,11,1062125.125,0.9841277003288269,17038.703107951907,0.015788801166385532,0.8130277003288269,0,0.015788801166385532,1014784,0.9659,35570,0.033864773209794
f9d45105-4363-402b-a548-5175385dbf01,9,3,12,1056101.375,0.9845907092094421,16536.327522567473,0.015416507814034778,0.8134907092094421,0,0.014511451910504479,1024733,0.9886,12104,0.0116739661103915
f9ea0f0f-c6b3-455c-8618-cc5965b74a51,9,1,10,1134120.0,0.8574284315109253,189668.80299532413,0.1432772377029949,0.6586284315109253,0,-0.003939910360865606,1205038,0.8782,170727,0.1240960483803556
f9ea0f0f-c6b3-455c-8618-cc5965b74a51,9,2,11,1141771.125,0.863245964050293,182079.783777948,0.13753798299389058,0.664445964050293,0,-0.015259667840913704,1177518,0.8653,181575,0.1336001289095006
f9ea0f0f-c6b3-455c-8618-cc5965b74a51,9,3,12,1153745.75,0.8650698661804199,180243.11803227058,0.13511590864932937,0.66626986618042,0,-0.013163755255842235,1199064,0.8657,185434,0.1339359103443992
fa6a6888-69a4-40c6-a06f-ed3ea1d632b7,9,1,10,1171152.875,0.9899817109107971,11732.948069401085,0.009918918496255156,0.762781710910797,0,0.0033756065260257557,1160622,0.9841,18396,0.015602815224195
fa6a6888-69a4-40c6-a06f-ed3ea1d632b7,9,2,11,1173571.5,0.9859656691551208,16634.95477611292,0.013976528785707255,0.7587656691551208,0,0.0010062553017596548,1213466,0.9881,14632,0.0119143586261031
fa6a6888-69a4-40c6-a06f-ed3ea1d632b7,9,3,12,1167358.625,0.9847465753555298,18059.956848651404,0.015235088368943092,0.7575465753555297,0,0.015235088368943092,1161756,1.0,0,0.0
fae00580-859d-4006-b961-3dec107c308b,9,1,10,2168844.75,0.1395191103219986,10183182.754229922,0.8244138665286096,0.011219110321998599,10,0.0011625502328320714,2182613,0.1376,10217351,0.8239823115615497
fae00580-859d-4006-b961-3dec107c308b,9,2,11,2205436.0,0.1367873102426529,10694012.917217126,0.8290286651659696,0.008487310242652896,11,0.018897197850620606,2109244,0.1303,10720116,0.8355924223811632
fae00580-859d-4006-b961-3dec107c308b,9,3,12,2247326.0,0.13542494177818298,11188758.847821264,0.8327395200719936,0.007124941778182986,12,0.014918429540983658,2207732,0.1316,11269205,0.836184438645072
fb184296-61ab-4acb-b043-555dd2c71b93,9,1,10,1119574.375,0.35685160756111145,1654143.1765202768,0.5963632366293531,0.17295160756111144,0,0.1195984617283739,1077964,0.3521,1639321,0.6032937288506727
fb184296-61ab-4acb-b043-555dd2c71b93,9,2,11,1166551.625,0.3214467763900757,1913991.5503913395,0.6213162554192067,0.13754677639007568,0,0.08310727228206993,1136527,0.3382,1837195,0.6178099365038158
fb184296-61ab-4acb-b043-555dd2c71b93,9,3,12,1196036.0,0.30131736397743225,2172922.24701023,0.6449834303938263,0.11741736397743224,0,0.07052895314996366,1072122,0.3382,1925396,0.6423300877592728
fb36783e-3d5b-4139-b2a1-94d53a4e7d5a,9,1,10,1038190.25,0.9418134689331055,64291.418266534805,0.05831518121078797,0.8368134689331055,0,-0.009477571438758832,1106653,0.9344,76943,0.0650078236154904
fb36783e-3d5b-4139-b2a1-94d53a4e7d5a,9,2,11,1036452.25,0.9463575482368469,59046.589128583786,0.05389927129046754,0.8413575482368469,0,-0.005975721835987366,1088630,0.9293,82457,0.0704106526671374
fb36783e-3d5b-4139-b2a1-94d53a4e7d5a,9,3,12,1036452.25,0.9488843083381653,55997.180876794504,0.05125837342589985,0.8438843083381653,0,-0.008886723273686448,1066352,0.9232,88217,0.0764068669780671
fb49baf3-1024-4647-be28-b2a571b7e9d1,9,1,10,1389846.5,0.5188700556755066,1452253.4493727982,0.5109790208797144,0.22327005567550662,0,0.15991244237313068,1552432,0.5159,1539994,0.4979889575368982
fb49baf3-1024-4647-be28-b2a571b7e9d1,9,2,11,1412200.875,0.47676971554756165,1498769.2509425962,0.5148693343107678,0.18116971554756167,0,0.13983092932690394,1486188,0.5156,1466030,0.4965859567281278
fb49baf3-1024-4647-be28-b2a571b7e9d1,9,3,12,1410630.75,0.4328213334083557,1650149.6131163503,0.5391270909214282,0.13722133340835574,0,-0.0027295022855343687,1514031,0.4856,1532831,0.503085141368398
fbadced4-0cd1-4d04-9d69-3fb87e241e8c,9,1,10,1351138.0,0.39043882489204407,1780271.5672356188,0.5685208303196273,0.2501388248920441,0,0.10036523611872933,1277186,0.3806,1763229,0.5799303713473325
fbadced4-0cd1-4d04-9d69-3fb87e241e8c,9,2,11,1379873.125,0.36585620045661926,2003986.162241143,0.5922191179158016,0.22555620045661925,0,0.10422393534862112,1401930,0.3415,2084101,0.5978435074157401
fbadced4-0cd1-4d04-9d69-3fb87e241e8c,9,3,12,1392118.0,0.32108473777770996,2305666.9478421565,0.6235265112395542,0.18078473777770995,0,0.08453254977864189,1354994,0.3237,2325983,0.631892837146225
fbba854d-3a4d-485e-94aa-69d2822a7208,9,1,10,2366855.25,0.23545105755329132,8501133.799994614,0.7822177369601626,0.004351057553291321,10,0.035984203269721626,2306192,0.2385,8421142,0.7850172279524438
fbba854d-3a4d-485e-94aa-69d2822a7208,9,2,11,2460518.75,0.23595811426639557,8375161.685054459,0.7729243894974988,0.004858114266395569,11,0.041586950540873135,2291103,0.2425,8114050,0.7798107341621983
fbba854d-3a4d-485e-94aa-69d2822a7208,9,3,12,2473424.5,0.23548191785812378,8293940.304148689,0.7702850655671122,0.004381917858123779,12,-0.021099941879903383,2472403,0.2379,8068029,0.7654362743386609
fbdc5040-76f3-44fc-b1d4-a5324e3dbbfb,9,1,10,1444747.25,0.4240054786205292,1673436.4509678856,0.5366702578967526,0.23240547862052918,0,0.07964525636521308,1483962,0.4396,1649998,0.5264898084212944
fbdc5040-76f3-44fc-b1d4-a5324e3dbbfb,9,2,11,1455675.0,0.39085233211517334,1906090.9429087937,0.5669909729823528,0.19925233211517335,0,0.08521637369522361,1414413,0.43,1746602,0.5525446731508709
fbdc5040-76f3-44fc-b1d4-a5324e3dbbfb,9,3,12,1465956.875,0.3613038957118988,2153713.804771539,0.5950026937001556,0.1697038957118988,0,0.09201552811186231,1475806,0.4099,1901533,0.5630269866305988
fc1a006a-86e3-40b8-a0ce-0deac44d1a2c,9,1,10,2240497.75,0.8867092728614807,286697.11107732356,0.11344479821991518,0.7394092728614807,0,-0.010763921408685123,2314090,0.9003,259609,0.1008699929556642
fc1a006a-86e3-40b8-a0ce-0deac44d1a2c,9,2,11,2235204.25,0.8866736888885498,285797.7782378383,0.11336673871603697,0.7393736888885498,0,0.00572360891389237,2408797,0.9021,261277,0.0978538422530611
fc1a006a-86e3-40b8-a0ce-0deac44d1a2c,9,3,12,2245777.5,0.8858628273010254,288946.8447326869,0.11399537205421813,0.7385628273010254,0,-0.00023029740259827847,2242206,0.9027,2134720,0.4877212911527405
fc4049c0-1efd-4527-881f-9c4e6d134b74,9,1,10,1766080.375,0.975357711315155,45938.237734012306,0.025351967916433106,0.737357711315155,0,-0.0019531990758120954,1834730,0.9861,26958,0.0144804070284601
fc4049c0-1efd-4527-881f-9c4e6d134b74,9,2,11,1747238.375,0.9738852977752686,46828.273277901346,0.026101746734354114,0.7358852977752686,0,-0.4811479726775098,1810702,0.9856,26389,0.0143645578798219
fc4049c0-1efd-4527-881f-9c4e6d134b74,9,3,12,1730236.875,0.9754976630210876,43542.2490965859,0.02454772891679096,0.7374976630210877,0,-0.02743970165705064,1767787,1.0,0,0.0
fdc51505-3b77-48c7-a0d3-f29d7ffd1992,9,1,10,865376.4375,0.983841061592102,14215.33220679313,0.016161283786831848,0.753141061592102,0,0.010689394674850248,894103,1.0,0,0.0
fdc51505-3b77-48c7-a0d3-f29d7ffd1992,9,2,11,858803.125,0.9831745624542236,14688.917528042919,0.016816315218545725,0.7524745624542236,0,-0.007221075768408275,781245,0.9983,1331,0.0017007932775858
fdc51505-3b77-48c7-a0d3-f29d7ffd1992,9,3,12,858317.6875,0.9850382208824158,13061.731992621673,0.014989718256402168,0.7543382208824158,0,-0.0012149374045507307,831351,0.984,13318,0.0157671229795339
fe2f3c01-e002-4d55-aaa0-76e6fa87707b,9,1,10,2401444.5,0.9252223968505859,194380.07967472076,0.07488182414047341,0.715022396850586,0,-0.0016196951805427934,2202373,0.9059,225776,0.0929827617662672
fe2f3c01-e002-4d55-aaa0-76e6fa87707b,9,2,11,2386241.75,0.9274656176567078,187183.81047707237,0.07273721585417511,0.7172656176567078,0,0.0040720240735347135,2233860,0.9069,228929,0.0929551821126373
fe2f3c01-e002-4d55-aaa0-76e6fa87707b,9,3,12,2344116.25,0.9284548759460449,181102.17684461595,0.07171743042874591,0.718254875946045,0,-0.004575850069030385,2519265,0.9223,213564,0.078147589915066
fe8ed2ff-ce2f-42eb-97eb-945ce9aae713,9,1,10,2073442.125,0.39031192660331726,2783863.864991639,0.5731291935751469,0.11901192660331728,0,0.004456945034203463,1871935,0.3838,2689594,0.589625540032739
fe8ed2ff-ce2f-42eb-97eb-945ce9aae713,9,2,11,2099418.5,0.364917129278183,3101288.982904114,0.5963205954379751,0.093617129278183,0,0.039608815937199005,1951592,0.3433,3047723,0.6096281190523102
fe8ed2ff-ce2f-42eb-97eb-945ce9aae713,9,3,12,2095548.875,0.3219330310821533,3523804.0942665576,0.627083600823617,0.050633031082153335,0,0.07925120131232688,1938362,0.3116,3633360,0.6521071941493133
feb2d6f5-d8d6-45ae-943c-32d0b5b13eea,9,1,10,742494.4375,0.954785943031311,35188.447399772704,0.04524780997888075,0.693385943031311,0,0.011600057620738145,749595,0.9553,35125,0.0447611887042512
feb2d6f5-d8d6-45ae-943c-32d0b5b13eea,9,2,11,740933.3125,0.9531376361846924,36370.900277399924,0.04679107571981682,0.6917376361846923,0,0.00011473193332001835,803417,0.9576,35568,0.0423940833268771
feb2d6f5-d8d6-45ae-943c-32d0b5b13eea,9,3,12,739764.1875,0.9526073336601257,36783.11124970333,0.0473675091123577,0.6912073336601257,0,0.002244511761531502,697712,0.9661,24838,0.0343754757456231
fef406e6-c02e-465c-a5c2-ac4494eb5f2d,9,1,10,1079368.375,0.974564254283905,28183.60429995507,0.02544675539090178,0.847464254283905,0,-0.017895815746696516,1124192,0.947,61130,0.0515724841013665
fef406e6-c02e-465c-a5c2-ac4494eb5f2d,9,2,11,1078285.5,0.977214515209198,25211.434947518865,0.022846855436637795,0.850114515209198,0,-0.01696359540492451,1119047,0.955,53077,0.0452827516542618
fef406e6-c02e-465c-a5c2-ac4494eb5f2d,9,3,12,1078171.625,0.9771170020103455,25248.71234259801,0.022882224922014107,0.8500170020103455,0,-0.0024752955029850934,1076719,0.9828,19384,0.0176844694339856
ff4f8f55-bec5-42fb-acf0-f60c5b5a14ba,9,1,10,1570173.125,0.9903514385223389,15263.214984565973,0.009627138346478522,0.8006514385223389,0,-0.004186749942685279,1571109,0.9931,10864,0.0068673738426635
ff4f8f55-bec5-42fb-acf0-f60c5b5a14ba,9,2,11,1581958.625,0.985862672328949,22580.448515220778,0.01407285673994313,0.796162672328949,0,0.008762018602660428,1608889,0.9704,47927,0.028927171152379
ff4f8f55-bec5-42fb-acf0-f60c5b5a14ba,9,3,12,1586330.25,0.9861277937889099,22319.140985032078,0.013874459599531064,0.7964277937889099,0,0.006357044008015564,1525625,0.9755,38608,0.0246817449830044
ff8fcf4d-405d-4828-9724-177f1228d636,9,1,10,2270164.25,0.23545624315738678,6491603.612610336,0.7409011188612267,0.004656243157386775,10,0.003918617473252395,2151610,0.2315,6434300,0.7494022182855399
ff8fcf4d-405d-4828-9724-177f1228d636,9,2,11,2257451.25,0.23545624315738678,6689035.27348224,0.7476717542607628,0.004656243157386775,11,0.0017332765083606372,2243799,0.2313,6675194,0.7484246259639401
ff8fcf4d-405d-4828-9724-177f1228d636,9,3,12,2284177.75,0.23605644702911377,6855028.2387236515,0.750068249603049,0.005256447029113764,12,0.014479103057807086,2227887,0.231,8903081,0.7998478658819251
